StockCode,Description,TotalRevenue,TotalCustomers,TotalSalesQuantity,TotalReturnQuantity,TotalOrders,TotalMonths,TotalReturnValue,TotalNetRevenue,AveragePrice,ReturnRate,QuantityPerOrder,RevenuePerOrder,SalesDays,SalesVelocity,KMeansClusters
10002,INFLATABLE POLITICAL GLOBE ,699.55,40,823,0,49,5,0.0,699.55,0.85,0.0,17.0,14.28,139,5.920863309352518,2
10080,GROOVY CACTUS INFLATABLE,114.41,19,291,0,21,7,0.0,114.41,0.41190476190476194,0.0,14.0,5.45,268,1.085820895522388,2
10120,DOGGY RUBBER,40.32,25,192,0,29,9,0.0,40.32,0.21,0.0,7.0,1.39,367,0.5231607629427792,2
10125,MINI FUNKY DESIGN TAPES,929.45,49,1225,0,61,11,0.0,929.45,0.7817460317460317,0.0,20.0,15.24,373,3.284182305630027,2
10133,COLOURING PENCILS BROWN TUBE,1138.99,101,2373,10,123,10,4.2,1134.79,0.5283739837398373,0.00419639110365086,19.0,9.23,280,8.510714285714286,3
10135,COLOURING PENCILS BROWN TUBE,1784.19,92,1936,1,118,12,1.25,1782.94,1.19725,0.0005162622612287042,16.0,15.11,371,5.2210242587601075,2
11001,ASSTD DESIGN RACING CAR PEN,1953.0,45,1252,185,67,12,237.04999999999998,1715.95,1.8340579710144926,0.12874043145441894,21.0,25.61,366,3.9262295081967213,3
15030,FAN BLACK FRAME ,41.47,11,143,0,12,8,0.0,41.47,0.29,0.0,12.0,3.46,257,0.556420233463035,2
15034,PAPER POCKET TRAVELING FAN ,697.0600000000001,70,6419,1385,95,12,108.29000000000002,588.7700000000001,0.13557894736842105,0.1774730907227063,82.0,6.2,359,21.738161559888578,3
15036,ASSORTED COLOURS SILK FAN,16044.44,194,21876,744,328,12,505.68,15538.76,0.8045288753799392,0.03289124668435013,69.0,47.37,366,61.80327868852459,3
15039,SANDALWOOD FAN,1132.3,58,1558,26,73,11,22.099999999999998,1110.2,0.8368493150684931,0.016414141414141416,22.0,15.21,369,4.2926829268292686,3
16008,SMALL FOLDING SCISSOR(POINTED EDGE),360.71,54,2892,0,70,10,0.0,360.71,0.13614285714285712,0.0,41.0,5.15,365,7.923287671232877,2
16010,FOLDING CAMPING SCISSOR W/KNIF & S,3.5999999999999996,3,30,0,3,3,0.0,3.5999999999999996,0.12,0.0,10.0,1.2,113,0.26548672566371684,1
16011,ANIMAL STICKERS,367.29,38,1749,0,46,12,0.0,367.29,0.21,0.0,38.0,7.98,367,4.76566757493188,2
16012,FOOD/DRINK SPONGE STICKERS,256.2,33,1220,0,35,10,0.0,256.2,0.21,0.0,35.0,7.32,369,3.306233062330623,2
16014,SMALL CHINESE STYLE SCISSOR,4335.76,34,13328,0,54,12,0.0,4335.76,0.4014814814814815,0.0,247.0,80.29,373,35.73190348525469,2
16015,MEDIUM CHINESE STYLE SCISSOR,289.98,19,662,0,24,10,0.0,289.98,0.48833333333333334,0.0,28.0,12.08,344,1.9244186046511629,2
16016,LARGE CHINESE STYLE SCISSOR,1053.45,41,1273,0,65,12,0.0,1053.45,0.8460000000000001,0.0,20.0,16.21,374,3.4037433155080214,2
16033,MINI HIGHLIGHTER PENS,100.79999999999998,4,840,0,4,3,0.0,100.79999999999998,0.12,0.0,210.0,25.2,68,12.352941176470589,2
16043,POP ART PUSH DOWN RUBBER ,11.759999999999998,2,98,0,2,1,0.0,11.759999999999998,0.12,0.0,49.0,5.88,3,32.666666666666664,2
16045,POPART WOODEN PENCILS ASST,380.0,61,8900,0,68,8,0.0,380.0,0.043478260869565216,0.0,131.0,5.59,348,25.57471264367816,2
16046,TEATIME PEN CASE & PENS,54.4,13,64,0,13,9,0.0,54.4,0.85,0.0,5.0,4.18,361,0.1772853185595568,1
16048,TEATIME ROUND PENCIL SHARPENER ,186.72,41,1436,0,47,10,0.0,186.72,0.13249999999999998,0.0,31.0,3.97,344,4.174418604651163,2
16049,TEATIME GEL PENS ASST,82.08,5,504,0,5,2,0.0,82.08,0.24,0.0,101.0,16.42,29,17.379310344827587,2
16052,TEATIME PUSH DOWN RUBBER,105.28999999999999,5,467,0,6,3,0.0,105.28999999999999,0.305,0.0,78.0,17.55,135,3.4592592592592593,2
16054,POPART RECT PENCIL SHARPENER ASST,140.52,29,1166,108,34,7,12.959999999999999,127.56,0.1288235294117647,0.0847723704866562,37.0,3.75,360,3.5388888888888888,3
16216,LETTER SHAPE PENCIL SHARPENER,227.14,38,3316,0,41,10,0.0,227.14,0.09463414634146342,0.0,81.0,5.54,360,9.21111111111111,2
16218,CARTOON  PENCIL SHARPENERS,253.2,43,3760,0,50,11,0.0,253.2,0.0732,0.0,75.0,5.06,359,10.473537604456824,2
16219,HOUSE SHAPE PENCIL SHARPENER,309.9,41,2915,48,48,11,2.88,307.02,0.09020833333333333,0.01619979750253122,62.0,6.4,358,8.276536312849162,3
16225,RATTLE SNAKE EGGS,596.84,57,760,0,75,11,0.0,596.84,1.1866666666666668,0.0,10.0,7.96,362,2.0994475138121547,2
16235,RECYCLED PENCIL WITH RABBIT ERASER,518.1899999999999,68,2629,1,81,12,0.21,517.98,0.2139506172839506,0.00038022813688212925,32.0,6.39,371,7.0889487870619945,2
16236,KITTY PENCIL ERASERS,266.56,59,1296,0,73,11,0.0,266.56,0.20931506849315068,0.0,18.0,3.65,364,3.5604395604395602,2
16237,SLEEPING CAT ERASERS,885.45,109,4595,60,163,12,12.6,872.85,0.20610778443113772,0.01288936627282492,29.0,5.35,373,12.479892761394101,3
16238,PARTY TIME PENCIL ERASERS,265.09,61,1259,0,78,12,0.0,265.09,0.2362820512820513,0.0,16.0,3.4,372,3.3844086021505375,2
16254,TRANSPARENT ACRYLIC TAPE DISPENSER,27.91,7,31,0,9,4,0.0,27.91,1.0233333333333332,0.0,3.0,3.1,169,0.1834319526627219,1
16259,PIECE OF CAMO STATIONERY SET,326.56,28,3380,108,32,9,8.64,317.92,0.09625,0.03096330275229358,109.0,9.94,241,14.473029045643154,3
17001,HEAVENS SCENT FRAGRANCE OILS ASSTD,20.88,1,72,0,1,1,0.0,20.88,0.29,0.0,72.0,20.88,1,72.0,2
17003,BROCADE RING PURSE ,5969.61,136,22927,3,209,12,172.8,5796.81,1.134644549763033,0.00013083296990841692,110.0,27.74,372,61.63978494623656,3
17021,NAMASTE SWAGAT INCENSE,632.34,30,2391,0,47,12,0.0,632.34,0.29411764705882354,0.0,51.0,13.45,370,6.462162162162162,2
17038,PORCELAIN BUDAH INCENSE HOLDER,138.1,18,1501,0,19,11,0.0,138.1,0.09526315789473684,0.0,79.0,7.27,352,4.264204545454546,2
17096,ASSORTED LAQUERED INCENSE HOLDERS,443.76000000000005,12,2516,0,13,7,0.0,443.76000000000005,0.20076923076923076,0.0,194.0,34.14,220,11.436363636363636,2
17174,ASSTD RASTA KEY-CHAINS,3.7800000000000002,3,9,0,3,2,0.0,3.7800000000000002,0.42,0.0,3.0,1.26,313,0.02875399361022364,1
18007,ESSENTIAL BALM 3.5g TIN IN ENVELOPE,383.76,15,5856,0,17,8,0.0,383.76,0.16666666666666666,0.0,344.0,22.57,226,25.911504424778762,2
20615,BLUE POLKADOT PASSPORT COVER,233.34,28,231,0,35,12,0.0,233.34,1.4831428571428573,0.0,7.0,6.67,372,0.6209677419354839,2
20616,CHERRY BLOSSOM PASSPORT COVER,122.78,19,134,0,25,11,0.0,122.78,1.3172,0.0,5.0,4.91,373,0.35924932975871315,2
20617,FIRST CLASS PASSPORT COVER ,137.74,20,66,0,26,10,0.0,137.74,2.224615384615385,0.0,3.0,5.3,349,0.18911174785100288,1
20618,QUEEN OF THE SKIES PASSPORT COVER ,137.88000000000002,20,68,0,28,11,0.0,137.88000000000002,2.0707142857142857,0.0,2.0,4.92,364,0.18681318681318682,1
20619,TROPICAL PASSPORT COVER ,206.23000000000002,16,142,0,22,11,0.0,206.23000000000002,2.309090909090909,0.0,6.0,9.37,347,0.4092219020172911,2
20622,VIP PASSPORT COVER ,73.5,8,35,0,11,5,0.0,73.5,2.1,0.0,3.0,6.68,349,0.10028653295128939,1
20622,VIPPASSPORT COVER ,164.58,18,127,0,21,7,0.0,164.58,1.9323809523809523,0.0,6.0,7.84,349,0.3638968481375358,2
20652,BLUE POLKADOT LUGGAGE TAG ,191.01,26,147,0,33,11,0.0,191.01,1.4333333333333333,0.0,4.0,5.79,371,0.39622641509433965,2
20653,CHERRY BLOSSOM LUGGAGE TAG,43.67,5,33,0,6,4,0.0,43.67,1.6533333333333333,0.0,6.0,7.28,271,0.12177121771217712,1
20654,FIRST CLASS LUGGAGE TAG ,126.69,21,105,0,23,12,0.0,126.69,1.2341666666666666,0.0,5.0,5.51,360,0.2916666666666667,2
20655,QUEEN OF SKIES LUGGAGE TAG,109.11,20,89,0,34,12,0.0,109.11,1.31,0.0,3.0,3.21,364,0.2445054945054945,1
20657,TROPICAL LUGGAGE TAG,76.39,20,61,0,22,10,0.0,76.39,1.3513636363636363,0.0,3.0,3.47,339,0.17994100294985252,1
20658,RED RETROSPOT LUGGAGE TAG,408.75,44,327,0,59,10,0.0,408.75,1.25,0.0,6.0,6.93,297,1.101010101010101,2
20659,ECONOMY LUGGAGE TAG,139.56,18,94,0,29,11,0.0,139.56,1.5499999999999998,0.0,3.0,4.81,366,0.2568306010928962,1
20661,BLUE POLKADOT PURSE ,35.07,3,9,0,5,3,0.0,35.07,4.654,0.0,2.0,7.01,332,0.02710843373493976,1
20662,FIRST CLASS HOLIDAY PURSE ,40.97,4,11,0,5,3,0.0,40.97,4.086,0.0,2.0,8.19,286,0.038461538461538464,1
20663,QUEEN OF THE SKIES HOLIDAY PURSE ,11.690000000000001,3,3,0,3,3,0.0,11.690000000000001,3.896666666666667,0.0,1.0,3.9,309,0.009708737864077669,1
20664,TROPICAL HOLIDAY PURSE ,17.700000000000003,3,6,0,3,1,0.0,17.700000000000003,2.9500000000000006,0.0,2.0,5.9,10,0.6,1
20665,RED RETROSPOT PURSE ,998.2000000000002,58,340,0,73,11,0.0,998.2000000000002,2.944520547945206,0.0,5.0,13.67,323,1.0526315789473684,2
20666,ECONOMY HOLIDAY PURSE,11.8,4,4,0,4,3,0.0,11.8,2.95,0.0,1.0,2.95,119,0.03361344537815126,1
20667,CHERRY BLOSSOM PURSE,2.95,1,1,0,1,1,0.0,2.95,2.95,0.0,1.0,2.95,1,1.0,1
20668,DISCO BALL CHRISTMAS DECORATION,1397.04,111,12618,0,181,12,0.0,1397.04,0.11847826086956523,0.0,70.0,7.72,374,33.7379679144385,2
20669,RED HEART LUGGAGE TAG,243.75,36,195,0,42,10,0.0,243.75,1.25,0.0,5.0,5.8,362,0.5386740331491713,2
20670,VIP HOLIDAY PURSE,29.28,5,8,0,6,6,0.0,29.28,3.896666666666667,0.0,1.0,4.88,339,0.02359882005899705,1
20671,BLUE TEATIME PRINT BOWL ,12.5,2,10,0,2,1,0.0,12.5,1.25,0.0,5.0,6.25,4,2.5,1
20674,GREEN POLKADOT BOWL,1632.81,101,1360,6,150,12,7.5,1625.31,1.2517218543046358,0.004392386530014641,9.0,10.84,372,3.672043010752688,3
20675,BLUE POLKADOT BOWL,3178.65,150,2728,12,225,12,15.0,3163.65,1.2419383259911896,0.004379562043795621,12.0,14.06,372,7.365591397849462,3
20676,RED RETROSPOT BOWL,4980.7300000000005,186,4310,22,301,12,27.5,4953.2300000000005,1.243774834437086,0.0050784856879039705,14.0,16.46,372,11.64516129032258,3
20677,PINK POLKADOT BOWL,3640.0800000000004,133,3157,5,221,12,6.25,3633.8300000000004,1.2583856502242152,0.0015812776723592662,14.0,16.44,372,8.5,3
20678,LARGE BLACK DIAMANTE HAIRSLIDE,6.6,1,4,0,1,1,0.0,6.6,1.65,0.0,4.0,6.6,1,4.0,1
20679,EDWARDIAN PARASOL RED,9055.87,142,1630,9,273,12,53.550000000000004,9002.32,5.920693430656934,0.005491153142159854,6.0,32.98,373,4.394101876675603,3
20681,PINK POLKADOT CHILDRENS UMBRELLA,406.25,30,125,2,35,5,6.5,399.75,3.25,0.015748031496062992,4.0,11.42,123,1.032520325203252,0
20682,RED RETROSPOT CHILDRENS UMBRELLA,3629.66,140,1140,20,188,12,65.0,3564.66,3.3109523809523806,0.017241379310344827,6.0,18.96,371,3.1266846361185983,3
20684,STRAWBERRY DREAM CHILDS UMBRELLA,250.25,30,77,0,32,8,0.0,250.25,3.25,0.0,2.0,7.82,229,0.33624454148471616,1
20685,DOORMAT RED RETROSPOT,25364.85,329,3897,66,583,12,461.22,24903.63,7.749760273972602,0.016654049962149888,7.0,42.72,374,10.596256684491978,3
20686,DOLLY MIXTURE CHILDREN'S UMBRELLA,822.38,51,252,0,64,12,0.0,822.38,3.3028125,0.0,4.0,12.85,369,0.6829268292682927,2
20694,FLORAL PINK MONSTER,135.0,9,36,0,10,6,0.0,135.0,3.75,0.0,4.0,13.5,267,0.1348314606741573,1
20695,FLORAL BLUE MONSTER,21.25,4,5,0,4,4,0.0,21.25,4.25,0.0,1.0,5.31,344,0.014534883720930232,1
20696,FLORAL SOFT CAR TOY,120.0,10,32,0,10,6,0.0,120.0,3.75,0.0,3.0,12.0,323,0.09907120743034056,1
20697,LITTLE GREEN MONSTER SOFT TOY,43.349999999999994,8,17,0,9,6,0.0,43.349999999999994,2.55,0.0,2.0,4.82,355,0.04788732394366197,1
20698,LITTLE PINK MONSTER SOFT TOY,40.8,7,16,0,7,4,0.0,40.8,2.55,0.0,2.0,5.83,316,0.05063291139240506,1
20699,MOUSEY LONG LEGS SOFT TOY,73.94999999999999,11,29,0,11,7,0.0,73.94999999999999,2.55,0.0,3.0,6.72,368,0.07880434782608696,1
20700,GREEN CAT FLORAL CUSHION COVER ,37.5,4,10,0,4,3,0.0,37.5,3.75,0.0,2.0,9.38,181,0.055248618784530384,1
20701,PINK CAT FLORAL CUSHION COVER ,22.5,3,6,0,3,2,0.0,22.5,3.75,0.0,2.0,7.5,179,0.0335195530726257,1
20702,PINK PADDED MOBILE,539.75,31,127,0,40,10,0.0,539.75,4.25,0.0,3.0,13.49,325,0.39076923076923076,2
20703,BLUE PADDED SOFT MOBILE,4.25,3,1,7,4,3,29.75,-25.5,4.25,0.875,2.0,-6.38,177,0.04519774011299435,1
20704,MR ROBOT SOFT TOY,626.45,38,211,4,40,12,27.8,598.65,4.825,0.018604651162790697,5.0,14.97,361,0.5955678670360111,0
20705,MRS ROBOT SOFT TOY,428.85,27,143,1,29,12,1.95,426.9,4.708620689655173,0.006944444444444444,5.0,14.72,357,0.40336134453781514,2
20707,CRAZY DAISY HEART DECORATION,195.52,20,155,1,32,12,1.25,194.27,1.5346875,0.00641025641025641,5.0,6.07,370,0.42162162162162165,2
20711,JUMBO BAG TOYS ,7689.28,152,4198,22,252,12,40.31,7648.97,2.0079133858267717,0.005213270142180095,17.0,30.35,362,11.657458563535911,3
20712,JUMBO BAG WOODLAND ANIMALS,15511.6,248,8187,240,501,12,426.46000000000004,15085.14,2.0346442687747035,0.02847988608045568,17.0,30.11,372,22.653225806451612,3
20713,JUMBO BAG OWLS,19047.02,207,10451,243,417,10,431.43,18615.59,2.0167298578199055,0.022723022255470356,26.0,44.64,374,28.593582887700535,3
20716,PARTY FOOD SHOPPER BAG,373.5,31,314,0,34,7,0.0,373.5,1.2445714285714287,0.0,9.0,10.99,203,1.5467980295566504,2
20717,STRAWBERRY SHOPPER BAG,2453.38,150,2034,10,232,12,12.5,2440.88,1.2759322033898306,0.004892367906066536,9.0,10.52,373,5.479892761394102,3
20718,RED RETROSPOT SHOPPER BAG,5106.56,237,4257,24,388,12,29.240000000000002,5077.32,1.2648593350383632,0.005606166783461808,11.0,13.09,372,11.508064516129032,3
20719,WOODLAND CHARLOTTE BAG,7261.94,238,9219,112,539,12,87.39999999999999,7174.54,0.8447619047619048,0.012003000750187547,17.0,13.31,371,25.150943396226417,3
20723,STRAWBERRY CHARLOTTE BAG,5516.7,232,6842,75,504,12,62.709999999999994,5453.99,0.8589566929133857,0.010842850946942316,14.0,10.82,372,18.594086021505376,3
20724,RED RETROSPOT CHARLOTTE BAG,10122.45,335,12805,223,755,12,170.31,9952.14,0.8482984293193717,0.017116978814860302,17.0,13.18,372,35.02150537634409,3
20725,LUNCH BAG RED RETROSPOT,27868.8,532,17576,552,1329,12,818.4000000000001,27050.4,1.6571375464684015,0.030450132391879964,14.0,20.35,374,48.470588235294116,3
20725,LUNCH BAG RED SPOTTY,290.0,1,200,0,1,1,0.0,290.0,1.45,0.0,200.0,290.0,374,0.5347593582887701,1
20726,LUNCH BAG WOODLAND,14497.51,373,9091,82,839,12,134.9,14362.61,1.658705882352941,0.008939278316799302,11.0,17.12,373,24.592493297587133,3
20727,LUNCH BAG  BLACK SKULL.,17950.3,458,11246,118,1073,12,185.7,17764.6,1.6429026387625114,0.010383667722632876,11.0,16.56,374,30.385026737967916,3
20728,LUNCH BAG CARS BLUE,17214.53,481,10789,214,989,12,327.5,16887.03,1.656,0.019449241116059255,11.0,17.07,372,29.577956989247312,3
20731,POSY CANDY BAG,92.5,8,74,0,8,6,0.0,92.5,1.25,0.0,9.0,11.56,197,0.3756345177664975,1
20733,GOLD MINI TAPE MEASURE ,687.2,30,916,300,47,12,216.0,471.2,0.83625,0.24671052631578946,26.0,10.03,372,3.2688172043010755,3
20735,BLACK MINI TAPE MEASURE ,121.3,11,158,0,30,10,0.0,121.3,0.8456666666666667,0.0,5.0,4.04,364,0.4340659340659341,2
20748,KENSINGTON COFFEE SET,675.75,26,53,0,30,11,0.0,675.75,12.75,0.0,2.0,22.52,358,0.14804469273743018,1
20749,ASSORTED COLOUR MINI CASES,12107.51,239,1717,8,371,12,63.6,12043.91,7.792688172043011,0.00463768115942029,5.0,32.46,373,4.624664879356568,3
20750,RED RETROSPOT MINI CASES,12208.85,235,1711,6,369,12,47.7,12161.15,7.7510810810810815,0.0034944670937682005,5.0,32.96,374,4.590909090909091,3
20751,FUNKY WASHING UP GLOVES ASSORTED,1917.0600000000002,127,941,1,172,12,2.1,1914.96,2.095367231638418,0.0010615711252653928,5.0,11.13,367,2.566757493188011,2
20752,BLUE POLKADOT WASHING UP GLOVES,756.0000000000001,92,360,2,117,12,4.2,751.8000000000001,2.1,0.0055248618784530384,3.0,6.43,360,1.0055555555555555,2
20754,RETROSPOT RED WASHING UP GLOVES,2668.38,153,1355,1,240,12,2.1,2666.28,2.0898765432098765,0.0007374631268436578,6.0,11.11,355,3.8197183098591547,2
20755,BLUE PAISLEY POCKET BOOK,247.35,44,291,0,50,10,0.0,247.35,0.85,0.0,6.0,4.95,371,0.784366576819407,2
20756,GREEN FERN POCKET BOOK,53.55,20,63,0,22,8,0.0,53.55,0.85,0.0,3.0,2.43,307,0.20521172638436483,1
20757,RED DAISY POCKET BOOK ,132.53,30,155,0,30,9,0.0,132.53,0.8751612903225806,0.0,5.0,4.42,360,0.4305555555555556,2
20758,ABSTRACT CIRCLES POCKET BOOK,134.29999999999998,35,158,0,41,12,0.0,134.29999999999998,0.85,0.0,4.0,3.28,363,0.43526170798898073,2
20759,CHRYSANTHEMUM POCKET BOOK ,54.4,17,64,0,20,10,0.0,54.4,0.85,0.0,3.0,2.72,370,0.17297297297297298,1
20760,GARDEN PATH POCKET BOOK,58.65,18,69,0,21,8,0.0,58.65,0.85,0.0,3.0,2.79,358,0.19273743016759776,1
20761,BLUE PAISLEY SKETCHBOOK,408.67,46,107,0,52,12,0.0,408.67,3.821346153846154,0.0,2.0,7.86,364,0.29395604395604397,2
20762,GREEN FERN SKETCHBOOK ,382.46,42,101,0,51,11,0.0,382.46,3.8227450980392157,0.0,2.0,7.5,364,0.2774725274725275,2
20763,DAISY SKETCHBOOK ,189.96,24,71,0,25,11,0.0,189.96,3.6984,0.0,3.0,7.6,363,0.19559228650137742,1
20764,ABSTRACT CIRCLES SKETCHBOOK ,483.63,45,126,0,60,12,0.0,483.63,3.9324590163934428,0.0,2.0,8.06,367,0.34332425068119893,2
20765,CHRYSANTHEMUM SKETCHBOOK ,367.34,45,94,0,51,12,0.0,367.34,3.968235294117647,0.0,2.0,7.2,369,0.25474254742547425,2
20766,GARDEN PATH SKETCHBOOK,414.58,41,111,0,47,12,0.0,414.58,3.887916666666667,0.0,2.0,8.82,367,0.3024523160762943,2
20767,BLUE PAISLEY JOURNAL ,534.3199999999999,50,214,0,58,12,0.0,534.3199999999999,2.625344827586207,0.0,4.0,9.21,369,0.5799457994579946,2
20768,GREEN FERN JOURNAL ,317.71,31,130,0,36,12,0.0,317.71,2.6044444444444443,0.0,4.0,8.83,370,0.35135135135135137,2
20769,DAISY JOURNAL ,173.11999999999998,21,66,0,26,8,0.0,173.11999999999998,2.6426923076923075,0.0,3.0,6.66,366,0.18032786885245902,1
20770,ABSTRACT CIRCLE JOURNAL ,256.65,24,107,0,28,12,0.0,256.65,2.533928571428571,0.0,4.0,9.17,357,0.29971988795518206,2
20771,CHRYSANTHEMUM  JOURNAL,180.91,21,70,0,27,9,0.0,180.91,2.639259259259259,0.0,3.0,6.7,366,0.1912568306010929,1
20772,GARDEN PATH JOURNAL,534.46,40,218,1,47,10,2.55,531.91,2.591702127659574,0.0045662100456621,5.0,11.32,373,0.5871313672922251,2
20773,BLUE PAISLEY NOTEBOOK,92.39999999999999,21,56,0,23,10,0.0,92.39999999999999,1.6499999999999997,0.0,2.0,4.02,286,0.1958041958041958,1
20774,GREEN FERN NOTEBOOK,85.8,21,52,0,22,9,0.0,85.8,1.65,0.0,2.0,3.9,299,0.17391304347826086,1
20775,DAISY NOTEBOOK ,103.94999999999999,19,63,0,20,10,0.0,103.94999999999999,1.65,0.0,3.0,5.2,360,0.175,1
20777,CHRYSANTHEMUM NOTEBOOK,156.75,32,95,0,36,11,0.0,156.75,1.65,0.0,3.0,4.35,365,0.2602739726027397,2
20778,GARDEN PATH NOTEBOOK ,24.75,8,15,0,8,4,0.0,24.75,1.65,0.0,2.0,3.09,138,0.10869565217391304,1
20780,BLACK EAR MUFF HEADPHONES,192.86,13,36,0,17,6,0.0,192.86,5.737777777777778,0.0,2.0,11.34,359,0.10027855153203342,1
20781,GOLD EAR MUFF HEADPHONES,152.13,19,29,1,21,10,5.49,146.64000000000001,5.152857142857143,0.03333333333333333,1.0,6.98,367,0.08174386920980926,0
20782,CAMOUFLAGE EAR MUFF HEADPHONES,215.87,12,39,0,17,8,0.0,215.87,5.593529411764706,0.0,2.0,12.7,365,0.10684931506849316,1
20785,FUSCHIA RETRO BAR STOOL,523.3000000000001,4,14,0,5,4,0.0,523.3000000000001,39.15,0.0,3.0,104.66,91,0.15384615384615385,1
20793,BLUE TILED TRAY,54.0,4,8,5,5,5,33.75,20.25,6.75,0.38461538461538464,3.0,4.05,270,0.04814814814814815,0
20794,BLUE  TILE HOOK,213.14999999999998,15,85,9,17,8,22.95,190.2,2.525,0.09574468085106383,6.0,11.19,354,0.2655367231638418,0
20795,LARGE BLUE PROVENCAL CERAMIC BALL,92.4,6,44,6,10,7,12.6,79.80000000000001,2.1,0.12,5.0,7.98,312,0.16025641025641027,0
20796,SMALL BLUE PROVENCAL CERAMIC BALL,100.64999999999999,8,61,0,8,6,0.0,100.64999999999999,1.65,0.0,8.0,12.58,254,0.24015748031496062,1
20798,CLEAR MILKSHAKE GLASS,75.60000000000001,6,36,4,6,2,6.6,69.00000000000001,2.025,0.1,7.0,11.5,55,0.7272727272727273,0
20801,LARGE PINK GLASS SUNDAE DISH,708.16,47,848,32,56,6,24.0,684.16,0.9338596491228071,0.03636363636363636,16.0,12.22,164,5.365853658536586,3
20802,SMALL GLASS SUNDAE DISH CLEAR,730.4399999999999,40,648,39,46,12,20.07,710.3699999999999,1.4497826086956522,0.056768558951965066,15.0,15.44,365,1.8821917808219177,0
20803,SMALL PINK GLASS SUNDAE DISH,383.91,26,911,68,33,6,28.56,355.35,0.5136363636363637,0.06945863125638406,30.0,10.77,139,7.043165467625899,3
20816,GOLD FLOWER CUSHION COVER ,15.6,1,8,0,2,1,0.0,15.6,1.95,0.0,4.0,7.8,1,8.0,1
20818,GOLD TEDDY BEAR,20.0,2,12,0,2,2,0.0,20.0,2.5,0.0,6.0,10.0,96,0.125,1
20819,SILVER TEDDY BEAR,183.71,14,48,0,16,8,0.0,183.71,3.981875,0.0,3.0,11.48,359,0.13370473537604458,1
20820,SILVER LOOKING MIRROR,24.75,2,5,0,2,2,0.0,24.75,4.95,0.0,2.0,12.38,91,0.054945054945054944,1
20821,GOLDIE LOOKING MIRROR,79.2,5,16,12,7,5,59.400000000000006,19.8,4.95,0.42857142857142855,4.0,2.83,233,0.12017167381974249,0
20823,GOLD WINE GOBLET,126.4,6,160,0,7,3,0.0,126.4,0.79,0.0,23.0,18.06,51,3.1372549019607843,2
20826,SILVER APERITIF GLASS,128.4,7,276,0,8,4,0.0,128.4,0.8225,0.0,34.0,16.05,156,1.7692307692307692,2
20827,GOLD APERITIF GLASS,34.32,1,88,0,2,1,0.0,34.32,0.39,0.0,44.0,17.16,2,44.0,2
20828,GLITTER BUTTERFLY CLIPS,2489.1,116,1010,0,177,12,0.0,2489.1,2.5402173913043478,0.0,6.0,14.06,370,2.72972972972973,2
20829,GLITTER HANGING BUTTERFLY STRING,2528.3900000000003,90,1264,120,169,12,205.26,2323.13,2.146551724137931,0.08670520231213873,8.0,13.75,368,3.760869565217391,3
20830,SILVER PHOTO FRAME,157.5,20,75,1,21,10,2.1,155.4,2.1,0.013157894736842105,4.0,7.4,295,0.2576271186440678,1
20831,GOLD PHOTO FRAME,272.34000000000003,19,169,0,24,9,0.0,272.34000000000003,1.8645833333333333,0.0,7.0,11.35,362,0.46685082872928174,2
20832,RED FLOCK LOVE HEART PHOTO FRAME,517.68,47,1010,1,56,10,0.85,516.8299999999999,0.5826315789473684,0.0009891196834817012,18.0,9.23,373,2.710455764075067,2
20835,FRENCH LATTICE CUSHION COVER ,54.779999999999994,7,66,0,7,4,0.0,54.779999999999994,0.83,0.0,9.0,7.83,192,0.34375,1
20836,FRENCH PAISLEY CUSHION COVER,141.1,14,170,12,18,7,9.959999999999999,131.14,0.83,0.06593406593406594,10.0,7.29,206,0.883495145631068,0
20837,FRENCH FLORAL CUSHION COVER ,142.47,14,141,0,15,6,0.0,142.47,0.9713333333333334,0.0,9.0,9.5,276,0.5108695652173914,2
20838,FRENCH LATTICE CUSHION COVER ,282.94,30,330,12,34,7,10.2,272.74,0.9217647058823529,0.03508771929824561,10.0,8.02,205,1.6682926829268292,0
20839,FRENCH PAISLEY CUSHION COVER ,411.84,44,452,0,49,9,0.0,411.84,0.9855102040816326,0.0,9.0,8.4,365,1.2383561643835617,2
20840,FRENCH FLORAL CUSHION COVER ,399.28,35,464,12,44,9,10.2,389.08,0.9584444444444443,0.025210084033613446,11.0,8.84,224,2.125,0
20845,ZINC HEART LATTICE 2 WALL PLANTER,120.64999999999999,7,19,0,11,5,0.0,120.64999999999999,6.35,0.0,2.0,10.97,211,0.09004739336492891,1
20846,ZINC HEART LATTICE T-LIGHT HOLDER,784.22,50,646,0,62,12,0.0,784.22,1.2601587301587303,0.0,10.0,12.65,359,1.799442896935933,2
20847,ZINC HEART LATTICE CHARGER LARGE,172.5,12,46,0,14,9,0.0,172.5,3.75,0.0,3.0,12.32,347,0.13256484149855907,1
20848,ZINC HEART LATTICE CHARGER SMALL,61.95,7,21,0,8,8,0.0,61.95,2.95,0.0,3.0,7.74,328,0.06402439024390244,1
20851,ZINC HEART LATTICE TRAY OVAL ,53.550000000000004,5,9,0,7,4,0.0,53.550000000000004,5.95,0.0,1.0,7.65,88,0.10227272727272728,1
20854,BLUE PATCH PURSE PINK HEART,252.79999999999998,16,164,14,18,3,23.099999999999998,229.69999999999996,1.6388888888888888,0.07865168539325842,10.0,12.76,79,2.2531645569620253,0
20856,DENIM PATCH PURSE PINK BUTTERFLY,231.0,26,140,10,28,9,16.5,214.5,1.65,0.06666666666666667,5.0,7.66,248,0.6048387096774194,0
20857,BLUE ROSE PATCH PURSE PINK BUTTERFL,52.8,7,32,15,9,3,24.75,28.049999999999997,1.65,0.3191489361702128,5.0,3.12,73,0.6438356164383562,0
20861,GOLD COSMETIC BAG PINK STAR,4.2,2,2,0,2,1,0.0,4.2,2.1,0.0,1.0,2.1,4,0.5,1
20866,BLUE ROSE FABRIC MIRROR,487.34,34,408,120,38,9,127.2,360.14,1.2986842105263159,0.22727272727272727,14.0,9.48,370,1.427027027027027,0
20867,PINK ROSE FABRIC MIRROR,231.47,23,187,0,25,10,0.0,231.47,1.2424,0.0,7.0,9.26,370,0.5054054054054054,2
20868,SILVER FABRIC MIRROR,159.26000000000002,29,381,0,31,8,0.0,159.26000000000002,0.567741935483871,0.0,12.0,5.14,364,1.0467032967032968,2
20869,GOLD FABRIC MIRROR,54.21000000000001,17,139,0,17,6,0.0,54.21000000000001,0.39,0.0,8.0,3.19,177,0.7853107344632768,2
20878,SET/9 CHRISTMAS T-LIGHTS SCENTED ,30.0,7,24,0,7,1,0.0,30.0,1.25,0.0,3.0,4.29,5,4.8,1
20886,BOX OF 9 PEBBLE CANDLES,851.4,56,452,6,78,12,11.7,839.6999999999999,1.9462025316455696,0.013100436681222707,6.0,10.77,333,1.3753753753753755,0
20892,SET/3 TALL GLASS CANDLE HOLDER PINK,12.75,1,1,0,1,1,0.0,12.75,12.75,0.0,1.0,12.75,1,1.0,1
20893,HANGING BAUBLE T-LIGHT HOLDER SMALL,566.55,16,258,36,20,9,75.60000000000001,490.95,2.46,0.12244897959183673,15.0,24.55,368,0.7989130434782609,0
20894,HANGING BAUBLE T-LIGHT HOLDER LARGE,73.75,9,25,0,9,5,0.0,73.75,2.95,0.0,3.0,8.19,350,0.07142857142857142,1
20897,VINTAGE NOTEBOOK PARIS DAYS,230.35,9,85,12,10,7,35.400000000000006,194.95,2.91,0.12371134020618557,10.0,19.49,243,0.3991769547325103,0
20898,VINTAGE NOTEBOOK TRAVELOGUE,73.75,4,25,6,5,4,17.700000000000003,56.050000000000004,2.9500000000000006,0.1935483870967742,6.0,11.21,269,0.11524163568773234,0
20901,VINTAGE KEEPSAKE BOX PINK FLOWER,19.049999999999997,2,3,2,3,2,12.7,6.35,6.349999999999999,0.4,2.0,2.12,156,0.03205128205128205,1
20902,VINTAGE KEEPSAKE BOX PARIS DAYS,190.35,6,33,0,6,5,0.0,190.35,6.216666666666666,0.0,6.0,31.72,245,0.1346938775510204,1
20903,VINTAGE KEEPSAKE BOX TRAVELOGUE,127.0,10,20,0,10,8,0.0,127.0,6.35,0.0,2.0,12.7,322,0.062111801242236024,1
20906,VINTAGE NOTEBOOK BEAUTY GIRL,8.850000000000001,2,3,0,2,2,0.0,8.850000000000001,2.95,0.0,2.0,4.43,117,0.02564102564102564,1
20910,VINTAGE PHOTO ALBUM PARIS DAYS,50.8,2,8,0,3,1,0.0,50.8,6.349999999999999,0.0,3.0,16.93,13,0.6153846153846154,1
20914,SET/5 RED RETROSPOT LID GLASS BOWLS,16537.13,360,5871,107,797,12,300.85,16236.28,2.950446096654275,0.017898962863834057,8.0,20.37,373,16.02680965147453,3
20914,SET/5 RED SPOTTY LID GLASS BOWLS,734.4,1,288,0,1,1,0.0,734.4,2.55,0.0,288.0,734.4,373,0.7721179624664879,2
20931,BLUE POT PLANT CANDLE ,794.45,35,263,14,39,11,41.300000000000004,753.1500000000001,3.1064102564102565,0.05054151624548736,7.0,19.31,360,0.7694444444444445,0
20932,PINK POT PLANT CANDLE,516.25,22,189,10,24,10,29.5,486.75000000000006,3.004166666666667,0.05025125628140704,8.0,20.28,353,0.5637393767705382,0
20933,YELLOW POT PLANT CANDLE,71.05,9,23,0,9,6,0.0,71.05,3.127777777777778,0.0,3.0,7.89,337,0.06824925816023739,1
20934,SET/3 POT PLANT CANDLES,294.3,22,54,14,24,10,75.30000000000001,219.0,5.429166666666667,0.20588235294117646,3.0,9.12,304,0.2236842105263158,0
20935,ROUND CACTUS CANDLE,17.700000000000003,4,6,0,4,2,0.0,17.700000000000003,2.95,0.0,2.0,4.43,55,0.10909090909090909,1
20936,FORKED CACTUS CANDLE,272.98,21,92,1,27,9,2.95,270.03000000000003,3.0825925925925928,0.010752688172043012,3.0,10.0,370,0.25135135135135134,1
20941,FROG CANDLE,76.25,14,61,2,18,8,2.5,73.75,1.25,0.031746031746031744,4.0,4.1,200,0.315,1
20956,PORCELAIN T-LIGHT HOLDERS ASSORTED,913.63,51,728,5,61,10,6.25,907.38,1.2890322580645162,0.0068212824010914054,12.0,14.88,369,1.986449864498645,2
20957,PORCELAIN HANGING BELL SMALL,0.0,1,0,1,1,1,1.45,-1.45,1.45,1.0,1.0,-1.45,1,1.0,1
20961,STRAWBERRY BATH SPONGE ,1301.86,82,1026,50,128,12,62.5,1239.36,1.3156589147286821,0.046468401486988845,8.0,9.68,373,2.8847184986595176,3
20963,APPLE BATH SPONGE,1397.99,83,1100,0,122,11,0.0,1397.99,1.32744,0.0,9.0,11.46,373,2.9490616621983916,2
20964,POLYESTER FILLER PAD 60x40cm,5.1,1,2,0,1,1,0.0,5.1,2.55,0.0,2.0,5.1,1,2.0,1
20966,SANDWICH BATH SPONGE,698.25,28,589,0,41,4,0.0,698.25,1.2453658536585366,0.0,14.0,17.03,168,3.505952380952381,2
20967,GREY FLORAL FELTCRAFT SHOULDER BAG,960.0,63,256,0,75,6,0.0,960.0,3.75,0.0,3.0,12.8,165,1.5515151515151515,2
20969,RED FLORAL FELTCRAFT SHOULDER BAG,6726.81,157,1874,145,259,12,491.91,6234.900000000001,3.817876447876448,0.0718177315502724,8.0,24.07,372,5.42741935483871,3
20970,PINK FLORAL FELTCRAFT SHOULDER BAG,3979.88,141,1080,3,232,12,11.25,3968.63,3.7807725321888412,0.002770083102493075,5.0,17.11,372,2.911290322580645,3
20971,PINK BLUE FELT CRAFT TRINKET BOX,11619.39,277,10217,1321,461,12,1405.01,10214.38,1.269225806451613,0.11449124631651933,25.0,22.16,372,31.016129032258064,3
20972,PINK CREAM FELT CRAFT TRINKET BOX ,8617.24,312,7106,24,537,12,30.0,8587.24,1.2747697974217311,0.0033660589060308557,13.0,15.99,373,19.115281501340483,3
20973,12 PENCIL SMALL TUBE WOODLAND,2545.3,192,3998,4,278,11,2.6,2542.7000000000003,0.665625,0.0009995002498750624,14.0,9.15,373,10.729222520107239,3
20974,12 PENCILS SMALL TUBE SKULL,4230.55,195,6727,566,294,12,367.9,3862.65,0.6483443708609272,0.07760866584395996,25.0,13.14,373,19.552278820375335,3
20975,12 PENCILS SMALL TUBE RED RETROSPOT,4096.650000000001,231,6393,120,311,9,78.0,4018.6500000000005,0.6490476190476191,0.018424689083371717,21.0,12.92,372,17.508064516129032,3
20977,36 PENCILS TUBE WOODLAND,1969.43,111,1595,75,146,12,93.75,1875.68,1.2487074829931972,0.04491017964071856,11.0,12.85,339,4.926253687315635,3
20978,36 PENCILS TUBE SKULLS,2009.43,133,1627,16,180,12,20.0,1989.43,1.2489617486338798,0.009738283627510651,9.0,11.05,373,4.404825737265416,3
20979,36 PENCILS TUBE RED RETROSPOT,4227.26,165,3518,160,246,12,200.0,4027.26,1.2445934959349594,0.043501903208265365,15.0,16.37,373,9.86058981233244,3
20980,36 PENCILS TUBE POSY,33.75,11,27,9,12,5,11.25,22.5,1.25,0.25,3.0,1.88,247,0.145748987854251,0
20981,12 PENCILS TALL TUBE WOODLAND,1571.6499999999999,157,1849,19,212,12,16.15,1555.5,0.8499999999999999,0.010171306209850108,9.0,7.34,372,5.021505376344086,3
20982,12 PENCILS TALL TUBE SKULLS,1705.6599999999999,158,2014,4,218,12,3.4,1702.26,0.8494117647058823,0.0019821605550049554,9.0,7.81,373,5.410187667560321,3
20983,12 PENCILS TALL TUBE RED RETROSPOT,2240.31,185,2643,7,237,12,5.95,2234.3599999999997,0.8494715447154472,0.0026415094339622643,11.0,9.43,371,7.142857142857143,3
20984,12 PENCILS TALL TUBE POSY,1161.1799999999998,135,3782,24,168,11,6.959999999999999,1154.2199999999998,0.3640229885057471,0.006305832895428271,23.0,6.87,319,11.931034482758621,3
20985,HEART CALCULATOR,1155.88,66,1013,16,90,12,19.43,1136.45,1.2762105263157895,0.015549076773566569,11.0,12.63,367,2.803814713896458,3
20986,BLUE CALCULATOR RULER,543.01,40,459,0,58,12,0.0,543.01,1.3231147540983605,0.0,8.0,9.36,372,1.2338709677419355,2
20992,JAZZ HEARTS PURSE NOTEBOOK,1845.87,162,4339,0,244,12,0.0,1845.87,0.45910852713178296,0.0,18.0,7.57,373,11.632707774798927,2
20996,JAZZ HEARTS ADDRESS BOOK,648.12,124,3054,0,184,12,0.0,648.12,0.2532972972972973,0.0,17.0,3.52,366,8.344262295081966,2
20997,ROSE DU SUD CUSHION COVER ,74.25,4,15,0,5,3,0.0,74.25,4.95,0.0,3.0,14.85,79,0.189873417721519,1
20998,ROSE DU SUD OVEN GLOVE,348.25000000000006,27,119,0,28,10,0.0,348.25000000000006,2.935714285714286,0.0,4.0,12.44,316,0.37658227848101267,2
21000,ROSE DU SUD COSMETICS BAG,191.25,16,45,0,16,9,0.0,191.25,4.25,0.0,3.0,11.95,354,0.1271186440677966,1
21001,ROSE DU SUD WASHBAG ,142.8,12,24,0,12,9,0.0,142.8,5.95,0.0,2.0,11.9,336,0.07142857142857142,1
21002,ROSE DU SUD DRAWSTRING BAG,55.25,5,13,0,5,4,0.0,55.25,4.25,0.0,3.0,11.05,289,0.04498269896193772,1
21003,ROSE DU SUD CUSHION COVER,82.55,6,13,0,6,5,0.0,82.55,6.349999999999999,0.0,2.0,13.76,243,0.053497942386831275,1
21011,GLITTER SNOW PEAR TREE DECORATION,26.099999999999998,2,18,0,2,1,0.0,26.099999999999998,1.45,0.0,9.0,13.05,4,4.5,1
21012,ANTIQUE ALL GLASS CANDLESTICK,1129.1000000000001,66,565,3,81,10,6.300000000000001,1122.8,2.085180722891566,0.00528169014084507,7.0,13.86,367,1.547683923705722,2
21014,SWISS CHALET TREE DECORATION ,455.56999999999994,64,1233,0,66,5,0.0,455.56999999999994,0.41,0.0,19.0,6.9,357,3.453781512605042,2
21015,DARK BIRD HOUSE TREE DECORATION,377.3299999999999,59,1249,4,67,6,1.16,376.16999999999996,0.3229411764705882,0.0031923383878691143,19.0,5.61,204,6.142156862745098,2
21018,BIRD BOX CHRISTMAS TREE DECORATION,18.7,4,22,0,4,1,0.0,18.7,0.85,0.0,6.0,4.68,13,1.6923076923076923,1
21025,SPACE FROG,127.25,14,100,0,16,9,0.0,127.25,1.465,0.0,6.0,7.95,362,0.27624309392265195,1
21026,SPACE OWL,173.62,20,140,0,22,8,0.0,173.62,1.3513636363636363,0.0,6.0,7.89,363,0.3856749311294766,2
21027,NINJA RABBIT PINK,119.95,16,99,0,17,12,0.0,119.95,1.2394444444444443,0.0,6.0,7.06,344,0.2877906976744186,1
21028,NINJA RABBIT BLACK,148.29,15,116,0,21,11,0.0,148.29,1.52,0.0,6.0,7.06,329,0.3525835866261398,2
21030,SPACE CADET RED,141.17,19,111,0,21,8,0.0,141.17,1.305,0.0,5.0,6.72,354,0.3135593220338983,2
21031,SPACE CADET BLACK,49.96,9,39,0,10,6,0.0,49.96,1.371,0.0,4.0,5.0,349,0.11174785100286533,1
21032,SPACE CADET WHITE,83.63,13,64,0,15,6,0.0,83.63,1.492,0.0,4.0,5.58,363,0.1763085399449036,1
21033,JUMBO BAG CHARLIE AND LOLA TOYS,1932.67,75,921,1,109,10,1.79,1930.88,2.3156880733944956,0.0010845986984815619,8.0,17.71,282,3.269503546099291,2
21034,REX CASH+CARRY JUMBO SHOPPER,1740.3999999999999,480,1832,21,862,12,19.95,1720.4499999999998,0.95,0.011332973556395036,2.0,2.0,373,4.967828418230563,3
21035,SET/2 RED RETROSPOT TEA TOWELS ,6807.01,151,2315,200,221,12,550.0,6257.01,3.2860538116591926,0.07952286282306163,11.0,28.31,372,6.760752688172043,3
21038,SET/4 MODERN VINTAGE COTTON NAPKINS,86.75,20,77,2,24,5,5.9,80.85000000000001,1.24,0.02531645569620253,3.0,3.37,155,0.5096774193548387,0
21039,RED RETROSPOT SHOPPING BAG,1284.6599999999999,57,510,12,79,12,30.599999999999998,1254.06,2.7083544303797464,0.022988505747126436,7.0,15.87,369,1.4146341463414633,0
21040,MODERN VINTAGE COTTON SHOPPING BAG,29.7,8,22,0,8,3,0.0,29.7,1.67,0.0,3.0,3.71,103,0.21359223300970873,1
21041,RED RETROSPOT OVEN GLOVE DOUBLE,1678.5500000000002,100,569,3,141,12,8.850000000000001,1669.7000000000003,2.95,0.005244755244755245,4.0,11.84,358,1.5977653631284916,0
21042,RED RETROSPOT APRON ,1796.9,72,302,6,110,12,34.4,1762.5,5.938495575221239,0.01948051948051948,3.0,16.02,370,0.8324324324324325,0
21043,APRON MODERN VINTAGE COTTON,927.9499999999999,52,441,0,57,7,0.0,927.9499999999999,2.300877192982456,0.0,8.0,16.28,167,2.6407185628742513,2
21051,RIBBONS PURSE ,228.83,23,108,0,24,7,0.0,228.83,2.1845833333333333,0.0,4.0,9.53,364,0.2967032967032967,2
21054,NURSE'S BAG SOFT TOY,608.5999999999999,24,68,0,27,8,0.0,608.5999999999999,8.95,0.0,3.0,22.54,346,0.19653179190751446,1
21055,TOOL BOX SOFT TOY ,1350.24,63,144,6,83,12,53.699999999999996,1296.54,9.505180722891566,0.04,2.0,15.62,373,0.40214477211796246,0
21056,DOCTOR'S BAG SOFT TOY,1640.1799999999998,46,174,2,68,12,17.9,1622.28,9.725882352941175,0.011363636363636364,3.0,23.86,370,0.4756756756756757,0
21058,PARTY INVITES WOODLAND,853.2199999999999,68,1046,12,88,12,10.2,843.02,0.8644444444444445,0.011342155009451797,12.0,9.58,368,2.875,3
21059,PARTY INVITES DINOSAURS,487.04999999999995,67,573,12,78,12,10.2,476.84999999999997,0.85,0.020512820512820513,8.0,6.11,369,1.5853658536585367,0
21060,PARTY INVITES BALLOON GIRL,302.59999999999997,47,356,0,53,12,0.0,302.59999999999997,0.85,0.0,7.0,5.71,368,0.967391304347826,2
21061,PARTY INVITES FOOTBALL,350.2,49,412,0,52,12,0.0,350.2,0.8499999999999999,0.0,8.0,6.73,369,1.1165311653116532,2
21062,PARTY INVITES SPACEMAN,425.0,55,500,0,61,12,0.0,425.0,0.85,0.0,8.0,6.97,367,1.3623978201634876,2
21063,PARTY INVITES JAZZ HEARTS,412.10999999999996,64,483,0,81,12,0.0,412.10999999999996,0.8692592592592592,0.0,6.0,5.09,370,1.3054054054054054,2
21064,BOOM BOX SPEAKER BOYS,740.15,40,171,0,54,12,0.0,740.15,5.026785714285714,0.0,3.0,13.71,372,0.4596774193548387,2
21065,BOOM BOX SPEAKER GIRLS,827.15,31,485,0,40,12,0.0,827.15,4.271428571428571,0.0,12.0,20.68,373,1.3002680965147453,2
21066,VINTAGE RED MUG,656.37,33,687,12,42,12,15.0,641.37,1.2347619047619047,0.017167381974248927,17.0,15.27,358,1.952513966480447,3
21067,VINTAGE RED TEATIME MUG,246.88,30,201,27,44,11,29.380000000000003,217.5,1.2415555555555555,0.11842105263157894,5.0,4.94,286,0.7972027972027972,0
21068,VINTAGE BILLBOARD LOVE/HATE MUG,1637.71,81,1535,42,128,12,45.660000000000004,1592.05,1.2170542635658914,0.02663284717818643,12.0,12.44,373,4.227882037533512,3
21069,VINTAGE BILLBOARD TEA MUG,2047.8000000000002,35,1867,701,52,9,743.0600000000001,1304.7400000000002,1.231730769230769,0.27297507788161995,49.0,25.09,259,9.915057915057915,3
21070,VINTAGE BILLBOARD MUG ,1058.54,51,1032,0,77,12,0.0,1058.54,1.3275641025641025,0.0,13.0,13.75,369,2.796747967479675,2
21071,VINTAGE BILLBOARD DRINK ME MUG,1020.98,72,845,6,108,11,6.36,1014.62,1.2299090909090908,0.007050528789659225,8.0,9.39,324,2.626543209876543,3
21078,SET/20 STRAWBERRY PAPER NAPKINS ,1972.73,148,2483,0,201,11,0.0,1972.73,0.8504950495049504,0.0,12.0,9.81,313,7.932907348242812,2
21080,SET/20 RED RETROSPOT PAPER NAPKINS ,9649.99,427,12305,17,734,12,14.45,9635.539999999999,0.8390374331550803,0.0013796461613374451,17.0,13.13,373,33.03485254691689,3
21084,SET/6 COLLAGE PAPER CUPS,463.85,90,2199,24,104,12,4.5600000000000005,459.29,0.2569158878504673,0.010796221322537112,21.0,4.42,335,6.635820895522388,3
21086,SET/6 RED SPOTTY PAPER CUPS,3999.09,167,6573,0,285,12,0.0,3999.09,0.6589041095890411,0.0,23.0,14.03,371,17.71698113207547,2
21087,SET/6 POSIES PAPER CUPS,62.120000000000005,10,126,0,10,3,0.0,62.120000000000005,0.466,0.0,13.0,6.21,55,2.290909090909091,2
21088,SET/6 FRUIT SALAD PAPER CUPS,345.42,67,1576,12,75,12,2.2800000000000002,343.14000000000004,0.2561333333333333,0.007556675062972292,21.0,4.58,335,4.740298507462686,3
21089,SET/6 GREEN SPRING PAPER CUPS,45.730000000000004,23,231,0,24,7,0.0,45.730000000000004,0.22833333333333336,0.0,10.0,1.91,255,0.9058823529411765,2
21090,SET/6 COLLAGE PAPER PLATES,704.26,98,1664,36,119,12,14.04,690.22,0.45766666666666667,0.021176470588235293,14.0,5.8,367,4.632152588555858,3
21094,SET/6 RED SPOTTY PAPER PLATES,5496.53,179,7351,0,325,12,0.0,5496.53,0.8289634146341462,0.0,23.0,16.91,371,19.81401617250674,2
21095,SET/6 POSIES PAPER PLATES,80.75,9,95,0,9,6,0.0,80.75,0.85,0.0,11.0,8.97,147,0.6462585034013606,2
21096,SET/6 FRUIT SALAD  PAPER PLATES,479.25,63,1143,0,70,10,0.0,479.25,0.4482857142857143,0.0,16.0,6.85,317,3.6056782334384856,2
21098,CHRISTMAS TOILET ROLL,3665.05,115,3164,39,165,7,41.910000000000004,3623.14,1.3029378531073446,0.012176084920387137,19.0,21.96,373,8.587131367292224,3
21100,CHARLIE AND LOLA CHARLOTTE BAG,70.95,7,43,0,8,3,0.0,70.95,1.65,0.0,5.0,8.87,87,0.4942528735632184,1
21106,CREAM SLICE FLANNEL CHOCOLATE SPOT ,530.95,30,193,0,34,10,0.0,530.95,2.9042857142857144,0.0,6.0,15.62,364,0.5302197802197802,2
21107,CREAM SLICE FLANNEL PINK SPOT ,2209.95,48,837,0,62,11,0.0,2209.95,2.8674603174603175,0.0,14.0,35.64,365,2.293150684931507,2
21108,FAIRY CAKE FLANNEL ASSORTED COLOUR,17291.57,160,10070,3150,195,12,6591.420000000001,10700.150000000001,1.400204081632653,0.23827534039334342,68.0,54.87,374,35.3475935828877,3
21109,LARGE CAKE TOWEL CHOCOLATE SPOTS,2082.15,51,829,0,64,11,0.0,2082.15,4.020588235294118,0.0,13.0,32.53,369,2.2466124661246614,2
21109,"LARGE CAKE TOWEL, CHOCOLATE SPOTS",47.25,4,7,0,4,1,0.0,47.25,6.75,0.0,2.0,11.81,369,0.018970189701897018,1
21110,LARGE CAKE TOWEL PINK SPOTS,2288.3,62,774,2,79,11,13.5,2274.8,5.4775,0.002577319587628866,10.0,28.79,355,2.1859154929577467,2
21111,"SWISS ROLL TOWEL, CHOCOLATE  SPOTS",1290.3,46,788,0,50,10,0.0,1290.3,2.1598039215686278,0.0,16.0,25.81,373,2.1126005361930296,2
21112,SWISS ROLL TOWEL PINK  SPOTS,1782.1799999999998,21,666,0,27,8,0.0,1782.1799999999998,3.1581481481481486,0.0,25.0,66.01,355,1.876056338028169,2
21112,"SWISS ROLL TOWEL, PINK  SPOTS",769.65,18,579,0,19,2,0.0,769.65,1.786842105263158,0.0,30.0,40.51,355,1.6309859154929578,2
21114,LAVENDER SCENTED FABRIC HEART,1674.03,105,1327,10,129,12,12.5,1661.53,1.321923076923077,0.0074794315632011965,10.0,12.88,367,3.6430517711171664,3
21115,ROSE CARAVAN DOORSTOP,2567.61,104,519,0,129,12,0.0,2567.61,5.874307692307692,0.0,4.0,19.9,374,1.3877005347593583,2
21116,OWL DOORSTOP,2339.19,81,489,0,117,12,0.0,2339.19,4.948644067796611,0.0,4.0,19.99,370,1.3216216216216217,2
21117,BLOND DOLL DOORSTOP,141.75,11,109,0,14,8,0.0,141.75,1.6428571428571428,0.0,8.0,10.12,314,0.3471337579617834,1
21121,SET/10 RED POLKADOT PARTY CANDLES,7794.18,238,6498,48,338,12,60.0,7734.18,1.2466666666666668,0.007332722273143905,19.0,22.88,373,17.549597855227884,3
21122,SET/10 PINK POLKADOT PARTY CANDLES,6346.08,215,5251,49,307,12,61.25,6284.83,1.2514376996805112,0.009245283018867925,17.0,20.47,374,14.171122994652407,3
21123,SET/10 IVORY POLKADOT PARTY CANDLES,1213.31,66,973,24,98,12,30.0,1183.31,1.2375247524752475,0.024072216649949848,10.0,12.07,373,2.6729222520107236,3
21124,SET/10 BLUE POLKADOT PARTY CANDLES,4793.34,181,3966,49,230,12,61.25,4732.09,1.2475324675324675,0.012204234122042341,17.0,20.57,373,10.764075067024129,3
21125,SET 6 FOOTBALL CELEBRATION CANDLES,743.75,60,595,2,69,12,2.5,741.25,1.25,0.0033500837520938024,9.0,10.74,367,1.6267029972752043,2
21126,SET OF 6 GIRLS CELEBRATION CANDLES,604.19,57,487,0,67,12,0.0,604.19,1.2472058823529413,0.0,7.0,9.02,366,1.330601092896175,2
21128,GOLD FISHING GNOME,284.16,12,47,0,16,9,0.0,284.16,6.9193750000000005,0.0,3.0,17.76,364,0.12912087912087913,1
21129,SILVER FISHING GNOME ,332.3,14,45,2,21,11,13.9,318.40000000000003,8.214285714285714,0.0425531914893617,2.0,15.16,362,0.1298342541436464,0
21131,GOLD STANDING GNOME,290.25,11,93,0,17,7,0.0,290.25,3.8676470588235294,0.0,5.0,17.07,362,0.2569060773480663,1
21132,SILVER STANDING GNOME   ,142.75,13,35,0,16,9,0.0,142.75,3.875,0.0,2.0,8.92,365,0.0958904109589041,1
21135,VICTORIAN  METAL POSTCARD SPRING,2973.55,122,2707,292,164,12,121.96000000000001,2851.59,1.6582840236686391,0.09736578859619874,18.0,17.39,372,8.061827956989248,3
21136,PAINTED METAL PEARS ASSORTED,7454.22,259,4454,9,354,12,15.209999999999999,7439.01,1.692638888888889,0.002016580775263276,13.0,21.01,372,11.99731182795699,3
21137,BLACK RECORD COVER FRAME,39045.8,140,11401,15,318,12,55.17,38990.63,3.65884012539185,0.0013139453398738612,36.0,122.61,373,30.605898123324398,3
21143,ANTIQUE GLASS HEART DECORATION ,575.25,27,295,2,28,6,3.9,571.3499999999999,1.95,0.006734006734006734,11.0,20.41,265,1.120754716981132,2
21144,PINK POODLE HANGING DECORATION ,0.0,1,0,12,1,1,4.5600000000000005,-4.5600000000000005,0.38,1.0,12.0,-4.56,1,12.0,1
21145,ANTIQUE GLASS PLACE SETTING,152.5,8,122,0,8,5,0.0,152.5,1.25,0.0,15.0,19.06,338,0.3609467455621302,2
21147,JINGLE BELLS TREE DECORATION,200.94,11,89,0,21,5,0.0,200.94,2.2800000000000002,0.0,4.0,9.57,370,0.24054054054054055,1
21154,RED RETROSPOT OVEN GLOVE ,3750.38,175,3186,212,266,12,227.0,3523.38,1.2935055350553506,0.06238964096527369,13.0,13.25,373,9.109919571045577,3
21155,RED RETROSPOT PEG BAG,5874.95,206,2458,238,367,12,510.59999999999997,5364.349999999999,2.517069892473118,0.08827893175074183,7.0,14.62,372,7.247311827956989,3
21156,RETROSPOT CHILDRENS APRON,5585.92,203,3038,39,300,12,76.05,5509.87,1.9995016611295682,0.012674683132921676,10.0,18.37,372,8.271505376344086,3
21157,RED RETROSPOT WASHBAG,100.80000000000001,12,48,0,14,6,0.0,100.80000000000001,2.1,0.0,3.0,7.2,327,0.14678899082568808,1
21158,MOODY GIRL DOOR HANGER ,684.9599999999999,103,1422,24,147,12,9.36,675.6,0.6201315789473685,0.016597510373443983,10.0,4.6,372,3.8870967741935485,3
21159,MOODY BOY  DOOR HANGER ,542.36,73,1108,0,108,12,0.0,542.36,0.6942592592592592,0.0,10.0,5.02,372,2.978494623655914,2
21161,KEEP OUT BOYS DOOR HANGER ,188.5,25,130,0,34,7,0.0,188.5,1.45,0.0,4.0,5.54,189,0.6878306878306878,2
21162,TOXIC AREA  DOOR HANGER ,695.23,98,1413,0,137,12,0.0,695.23,0.6111510791366906,0.0,10.0,5.07,368,3.839673913043478,2
21163,DO NOT TOUCH MY STUFF DOOR HANGER ,599.79,87,1171,1,111,11,1.25,598.54,0.7016521739130435,0.0008532423208191126,11.0,5.39,331,3.540785498489426,2
21164,HOME SWEET HOME METAL SIGN ,4844.72,166,1712,6,247,12,17.700000000000003,4827.02,2.938192771084337,0.0034924330616996507,7.0,19.54,371,4.630727762803234,3
21165,BEWARE OF THE CAT METAL SIGN ,6401.93,178,4025,12,360,12,20.28,6381.65,1.6722950819672129,0.002972504334902155,11.0,17.73,368,10.970108695652174,3
21166,COOK WITH WINE METAL SIGN ,20232.13,287,10169,87,613,11,161.1,20071.030000000002,2.0374757281553397,0.008482839313572544,17.0,32.74,373,27.49597855227882,3
21167,WHITE SAGE INCENSE,264.6,20,1260,50,26,11,10.5,254.1,0.21,0.03816793893129771,50.0,9.77,369,3.5501355013550135,3
21169,YOU'RE CONFUSING ME METAL SIGN ,6743.98,192,4270,18,347,12,29.220000000000002,6714.76,1.6702832861189802,0.004197761194029851,12.0,19.35,374,11.46524064171123,3
21171,BATHROOM METAL SIGN ,566.8,43,424,0,60,9,0.0,566.8,1.4333333333333333,0.0,7.0,9.45,238,1.781512605042017,2
21172,PARTY METAL SIGN ,4701.0199999999995,236,3330,13,373,10,18.849999999999998,4682.17,1.4870526315789472,0.003888722704157942,9.0,12.55,372,8.986559139784946,3
21174,POTTERING IN THE SHED METAL SIGN,8364.64,225,3922,0,371,12,0.0,8364.64,2.07,0.0,11.0,22.55,371,10.571428571428571,2
21175,GIN + TONIC DIET METAL SIGN,24944.88,330,11501,2030,662,12,3775.33,21169.55,2.462,0.15002586652871186,20.0,31.98,373,36.27613941018767,3
21175,GIN AND TONIC DIET METAL SIGN,1118.46,34,474,0,37,2,0.0,1118.46,2.5118918918918918,0.0,13.0,30.23,373,1.2707774798927614,2
21179,NO JUNK MAIL METAL SIGN,1019.59,122,1783,12,167,10,4.68,1014.91,0.7429479768786127,0.006685236768802228,11.0,6.08,286,6.276223776223776,3
21181,PLEASE ONE PERSON METAL SIGN,23865.820000000003,361,11932,87,704,12,169.70000000000002,23696.120000000003,2.071342657342657,0.007238538979948415,17.0,33.66,373,32.22252010723861,3
21187,WHITE BELL HONEYCOMB PAPER GARLAND ,522.0,30,328,0,33,6,0.0,522.0,1.638235294117647,0.0,10.0,15.82,235,1.3957446808510638,2
21188,3D HEARTS  HONEYCOMB PAPER GARLAND,838.5000000000001,27,294,0,33,9,0.0,838.5000000000001,2.926470588235294,0.0,9.0,25.41,232,1.2672413793103448,2
21189,WHITE HONEYCOMB PAPER GARLAND ,272.25,27,165,0,29,11,0.0,272.25,1.65,0.0,6.0,9.39,364,0.4532967032967033,2
21190,PINK HEARTS PAPER GARLAND,245.20000000000002,6,168,50,8,4,72.5,172.70000000000002,1.575,0.22935779816513763,27.0,21.59,359,0.6072423398328691,0
21191,LARGE WHITE HONEYCOMB PAPER BELL  ,788.0400000000001,38,394,0,44,10,0.0,788.0400000000001,2.0813636363636365,0.0,9.0,17.91,370,1.0648648648648649,2
21192,WHITE BELL HONEYCOMB PAPER ,1390.1999999999998,32,924,0,39,10,0.0,1390.1999999999998,1.6214285714285712,0.0,24.0,35.65,362,2.552486187845304,2
21194,PINK  HONEYCOMB PAPER FAN,364.6,37,436,10,44,11,6.5,358.1,0.9077777777777778,0.02242152466367713,10.0,8.14,359,1.2423398328690807,0
21195,PINK  HONEYCOMB PAPER BALL ,607.86,21,417,0,24,6,0.0,607.86,1.8675,0.0,17.0,25.33,164,2.542682926829268,2
21196,ROUND WHITE CONFETTI IN TUBE,146.84999999999997,9,89,0,9,6,0.0,146.84999999999997,1.65,0.0,10.0,16.32,357,0.24929971988795518,1
21197,MULTICOLOUR  CONFETTI IN TUBE,322.71,13,243,21,14,7,34.65,288.05999999999995,1.5335714285714286,0.07954545454545454,19.0,20.58,366,0.7213114754098361,0
21198,WHITE HEART CONFETTI IN TUBE,929.9099999999999,47,963,72,52,11,59.75999999999999,870.1499999999999,1.3623076923076924,0.06956521739130435,20.0,16.73,353,2.9320113314447593,3
21199,PINK  HEART CONFETTI IN TUBE,766.56,45,864,48,49,11,20.16,746.3999999999999,1.3754,0.05263157894736842,19.0,15.23,352,2.590909090909091,3
21200,MULTICOLOUR HONEYCOMB PAPER GARLAND,1272.8999999999999,33,1010,0,39,11,0.0,1272.8999999999999,1.5012820512820513,0.0,26.0,32.64,349,2.8939828080229226,2
21201,TROPICAL  HONEYCOMB PAPER GARLAND ,2672.25,44,1175,1,73,12,2.55,2669.7000000000003,2.5026315789473683,0.0008503401360544217,16.0,36.57,362,3.248618784530387,2
21202,DOLLY HONEYCOMB GARLAND,403.2,20,448,0,20,9,0.0,403.2,1.45,0.0,22.0,20.16,347,1.2910662824207493,2
21204,DAISIES  HONEYCOMB GARLAND ,691.3499999999999,44,419,0,51,12,0.0,691.3499999999999,1.65,0.0,8.0,13.56,336,1.2470238095238095,2
21205,MULTICOLOUR 3D BALLS GARLAND,532.9499999999999,44,209,20,51,12,51.0,481.95,2.55,0.08733624454148471,4.0,9.45,360,0.6361111111111111,0
21206,STRAWBERRY HONEYCOMB  GARLAND ,1446.6,56,1220,2,76,12,3.3,1443.3,1.5499999999999998,0.0016366612111292963,16.0,18.99,357,3.42296918767507,2
21207,SKULL AND CROSSBONES  GARLAND ,1532.2499999999998,74,981,0,84,12,0.0,1532.2499999999998,1.6288235294117646,0.0,12.0,18.24,365,2.6876712328767125,2
21208,PASTEL COLOUR HONEYCOMB FAN,531.6899999999999,50,878,41,61,12,15.989999999999998,515.6999999999999,0.6008064516129032,0.04461371055495103,15.0,8.45,332,2.7680722891566263,3
21209,MULTICOLOUR HONEYCOMB FAN,669.12,49,1142,19,62,12,8.33,660.79,0.6635483870967742,0.01636520241171404,19.0,10.66,369,3.1463414634146343,3
21210,SET OF 72 RETROSPOT PAPER  DOILIES,7943.0199999999995,244,5677,133,370,11,173.65,7769.37,1.4622972972972972,0.02289156626506024,16.0,21.0,373,15.576407506702413,3
21211,SET OF 72 SKULL PAPER  DOILIES,1143.35,58,815,0,66,12,0.0,1143.35,1.4440298507462686,0.0,12.0,17.32,362,2.251381215469613,2
21212,PACK OF 72 RETROSPOT CAKE CASES,16381.880000000001,636,33670,284,1041,12,146.58,16235.300000000001,0.5479566854990584,0.008364257524886612,33.0,15.6,373,91.02949061662198,3
21213,PACK OF 72 SKULL CAKE CASES,6855.46,295,14302,48,500,12,26.400000000000002,6829.06,0.5405928853754941,0.0033449477351916376,29.0,13.66,372,38.575268817204304,3
21215,IVORY PAPER CUP CAKE CASES ,460.70000000000005,51,866,0,63,12,0.0,460.70000000000005,0.54796875,0.0,14.0,7.31,369,2.3468834688346885,2
21216,"SET 3 RETROSPOT TEA,COFFEE,SUGAR",8330.12,150,1836,16,251,12,78.5,8251.62,4.896980392156863,0.008639308855291577,7.0,32.87,372,4.978494623655914,3
21217,RED RETROSPOT ROUND CAKE TINS,9178.3,169,974,9,264,12,89.55,9088.75,9.862878787878786,0.009155645981688708,4.0,34.43,373,2.635388739946381,0
21218,RED SPOTTY BISCUIT TIN,7071.2,131,2058,49,214,12,165.25,6905.95,3.748433179723502,0.023255813953488372,10.0,32.27,373,5.648793565683646,3
21219,SET/4 BADGES BALLOON GIRL,408.59,35,323,0,42,12,0.0,408.59,1.3625581395348838,0.0,8.0,9.73,367,0.8801089918256131,2
21220,SET/4 BADGES DOGS,299.56,34,229,0,41,12,0.0,299.56,1.397560975609756,0.0,6.0,7.31,336,0.6815476190476191,2
21221,SET/4 BADGES CUTE CREATURES,262.14,24,201,0,24,10,0.0,262.14,1.3004166666666668,0.0,8.0,10.92,371,0.5417789757412399,2
21222,SET/4 BADGES BEETLES,252.18,26,194,0,35,11,0.0,252.18,1.4852777777777777,0.0,6.0,7.21,336,0.5773809523809523,2
21224,SET/4 SKULL BADGES,913.7,58,734,6,82,12,7.5,906.2,1.2477380952380952,0.008108108108108109,9.0,11.05,371,1.994609164420485,2
21226,POCKET MIRROR WOODLAND,10.0,4,8,0,4,3,0.0,10.0,1.25,0.0,2.0,2.5,354,0.022598870056497175,1
21228,"POCKET MIRROR ""GLAMOROUS""",6.25,2,5,0,2,2,0.0,6.25,1.25,0.0,2.0,3.12,30,0.16666666666666666,1
21231,SWEETHEART CERAMIC TRINKET BOX,6864.610000000001,216,5748,157,408,12,188.08,6676.530000000001,1.2681796116504855,0.026587637595258257,14.0,16.36,373,15.831099195710456,3
21232,STRAWBERRY CERAMIC TRINKET BOX,10883.02,298,9318,362,559,12,414.5,10468.52,1.2408672566371681,0.037396694214876035,17.0,18.73,373,25.951742627345844,3
21232,STRAWBERRY CERAMIC TRINKET POT,1312.04,58,1036,22,80,3,27.5,1284.54,1.3315853658536585,0.020793950850661626,13.0,16.06,373,2.836461126005362,3
21238,RED RETROSPOT CUP,2822.41,162,3519,51,286,12,43.22,2779.19,0.8473010380622837,0.014285714285714285,12.0,9.72,370,9.64864864864865,3
21239,PINK  POLKADOT CUP,2049.7,141,2572,21,203,12,17.85,2031.85,0.8461951219512195,0.008098727342846125,13.0,10.01,369,7.02710027100271,3
21240,BLUE POLKADOT CUP,2484.53,150,3153,36,220,12,30.34,2454.19,0.8406306306306307,0.011288805268109126,14.0,11.16,369,8.642276422764228,3
21242,RED RETROSPOT PLATE ,4855.91,150,3071,35,226,12,59.15,4796.76,1.6740707964601769,0.011268512556342562,14.0,21.22,371,8.371967654986523,3
21243,PINK  POLKADOT PLATE ,3010.71,95,1911,8,131,11,13.52,2997.19,1.6718181818181819,0.004168837936425221,15.0,22.88,370,5.186486486486486,3
21243,PINK POLKADOT PLATE ,318.34,18,202,0,18,2,0.0,318.34,1.6766666666666667,0.0,11.0,17.69,370,0.5459459459459459,2
21244,BLUE POLKADOT PLATE ,3359.47,108,2131,15,150,11,25.349999999999998,3334.12,1.6725165562913906,0.006989748369058714,14.0,22.23,323,6.643962848297214,3
21245,GREEN POLKADOT PLATE ,1618.03,72,1011,0,100,12,0.0,1618.03,1.6963366336633663,0.0,10.0,16.18,371,2.725067385444744,2
21246,RED RETROSPOT BIG BOWL,849.45,33,175,2,41,9,9.9,839.5500000000001,4.932926829268292,0.011299435028248588,4.0,20.48,261,0.6781609195402298,0
21248,DOOR HANGER  MUM + DADS ROOM,271.15,46,187,1,53,12,1.45,269.7,1.45,0.005319148936170213,4.0,5.09,362,0.5193370165745856,2
21249,WOODLAND  HEIGHT CHART STICKERS ,1874.4,68,672,0,79,12,0.0,1874.4,2.9145569620253164,0.0,9.0,23.73,369,1.8211382113821137,2
21250,SET OF SKULL WALL STICKERS,257.0,15,92,0,17,9,0.0,257.0,2.926470588235294,0.0,5.0,15.12,350,0.26285714285714284,1
21251,DINOSAUR HEIGHT CHART STICKER SET,486.75000000000006,32,165,0,35,12,0.0,486.75000000000006,2.95,0.0,5.0,13.91,341,0.4838709677419355,2
21253,SET OF PICTURE FRAME  STICKERS,189.59000000000003,14,65,0,16,8,0.0,189.59000000000003,2.8150000000000004,0.0,4.0,11.85,368,0.1766304347826087,1
21257,VICTORIAN SEWING BOX MEDIUM,3727.44,100,488,12,157,12,88.4,3639.04,7.974303797468354,0.024,3.0,23.18,373,1.3404825737265416,0
21258,VICTORIAN SEWING BOX LARGE,5014.23,63,425,61,124,10,679.75,4334.48,12.702016129032257,0.12551440329218108,4.0,34.96,374,1.2994652406417113,0
21259,VICTORIAN SEWING BOX SMALL ,6402.360000000001,134,1123,12,244,12,68.4,6333.96,5.9238114754098365,0.010572687224669603,5.0,25.96,372,3.0510752688172045,3
21260,FIRST AID TIN,3530.35,104,1129,43,150,12,139.75,3390.6,3.237828947368421,0.03668941979522184,8.0,22.6,373,3.1420911528150133,0
21261,GREEN GOOSE FEATHER CHRISTMAS TREE ,520.6500000000001,24,167,0,27,6,0.0,520.6500000000001,3.468518518518519,0.0,6.0,19.28,362,0.4613259668508287,2
21262,WHITE GOOSE FEATHER CHRISTMAS TREE ,781.7500000000001,43,265,5,53,9,56.75,725.0000000000001,3.478301886792453,0.018518518518518517,5.0,13.68,367,0.7356948228882834,0
21263,GREEN GOOSE FEATHER TREE 60CM,313.95,32,161,2,37,6,3.9,310.05,1.95,0.012269938650306749,4.0,8.38,211,0.7725118483412322,2
21264,WHITE GOOSE FEATHER TREE 60CM ,495.29999999999995,37,254,8,44,7,15.6,479.7,1.95,0.030534351145038167,6.0,10.9,211,1.2417061611374407,0
21265,PINK GOOSE FEATHER TREE 60CM,249.59999999999997,15,128,0,16,7,0.0,249.59999999999997,1.95,0.0,8.0,15.6,212,0.6037735849056604,2
21268,VINTAGE BLUE TINSEL REEL,0.84,1,2,0,1,1,0.0,0.84,0.42,0.0,2.0,0.84,1,2.0,1
21269,ANTIQUE CREAM CUTLERY SHELF ,238.0,17,28,0,18,9,0.0,238.0,8.5,0.0,2.0,13.22,321,0.08722741433021806,1
21270,ANTIQUE CREAM CUTLERY CUPBOARD,178.5,12,14,0,13,8,0.0,178.5,12.75,0.0,1.0,13.73,253,0.05533596837944664,1
21272,SALLE DE BAIN HOOK,653.8199999999999,49,498,2,62,9,2.5,651.3199999999999,1.25125,0.004,8.0,10.51,243,2.05761316872428,2
21275,ZINC TOP  2 DOOR WOODEN SHELF ,169.5,10,10,5,11,6,76.75,92.75,16.768181818181816,0.3333333333333333,1.0,8.43,338,0.04437869822485207,0
21277,FRENCH STYLE EMBOSSED HEART CABINET,485.9,19,23,2,22,10,43.9,442.0,21.361363636363635,0.08,1.0,20.09,354,0.07062146892655367,0
21278,VINTAGE KITCHEN PRINT PUDDINGS,79.05,7,31,0,7,4,0.0,79.05,2.55,0.0,4.0,11.29,190,0.1631578947368421,1
21279,VINTAGE KITCHEN PRINT FRUITS,165.75,12,65,3,13,8,7.6499999999999995,158.1,2.55,0.04411764705882353,5.0,12.16,354,0.192090395480226,0
21280,VINTAGE KITCHEN PRINT VEGETABLES,165.75,12,65,0,12,8,0.0,165.75,2.55,0.0,5.0,13.81,304,0.2138157894736842,1
21281,VINTAGE KITCHEN PRINT SEAFOOD,89.24999999999999,6,35,0,6,4,0.0,89.24999999999999,2.55,0.0,6.0,14.87,337,0.10385756676557864,1
21284,RETROSPOT CANDLE  SMALL,311.84000000000003,26,384,36,27,10,30.36,281.48,1.1737037037037037,0.08571428571428572,16.0,10.43,365,1.1506849315068493,0
21285,RETROSPOT CANDLE  MEDIUM,357.62,27,350,24,34,8,15.600000000000001,342.02000000000004,1.6108823529411767,0.06417112299465241,11.0,10.06,362,1.0331491712707181,0
21286,RETROSPOT CANDLE  LARGE,279.37,17,255,0,18,4,0.0,279.37,1.2577777777777777,0.0,14.0,15.52,357,0.7142857142857143,2
21287,SCENTED VELVET LOUNGE CANDLE ,755.13,47,1788,0,54,10,0.0,755.13,0.508888888888889,0.0,33.0,13.98,368,4.858695652173913,2
21288,STRIPEY CHOCOLATE NESTING BOXES,707.95,33,253,24,41,12,61.199999999999996,646.75,2.901219512195122,0.08664259927797834,7.0,15.77,362,0.7651933701657458,0
21289,LARGE STRIPES CHOCOLATE GIFT BAG,553.75,20,443,20,21,9,25.0,528.75,1.25,0.04319654427645788,22.0,25.18,357,1.2969187675070029,0
21291,SMALL POLKADOT CHOCOLATE GIFT BAG ,782.0,32,920,0,40,12,0.0,782.0,0.85,0.0,23.0,19.55,358,2.569832402234637,2
21292,SMALL STRIPES CHOCOLATE GIFT BAG ,591.25,25,865,0,26,8,0.0,591.25,0.8165384615384615,0.0,33.0,22.74,371,2.3315363881401616,2
21293,MIRRORED DOVE WALL DECORATION,214.13000000000002,14,101,0,18,8,0.0,214.13000000000002,2.2068421052631577,0.0,6.0,11.9,279,0.36200716845878134,1
21294,ETCHED GLASS COASTER,722.88,46,1536,0,58,11,0.0,722.88,0.519,0.0,26.0,12.46,316,4.860759493670886,2
21306,SET/4 DAISY MIRROR MAGNETS,166.27999999999997,35,486,19,38,9,7.319999999999999,158.95999999999998,0.5757894736842105,0.03762376237623762,13.0,4.18,365,1.3835616438356164,0
21307,SET/4 BUTTERFLY MIRROR MAGNETS,39.199999999999996,11,79,0,13,6,0.0,39.199999999999996,1.2646153846153847,0.0,6.0,3.02,220,0.35909090909090907,1
21310,CAPIZ CHANDELIER,29.95,1,1,0,1,1,0.0,29.95,29.95,0.0,1.0,29.95,1,1.0,1
21311,SET/4 BIRD MIRROR MAGNETS ,158.23,40,452,27,46,9,7.83,150.39999999999998,0.521063829787234,0.05636743215031315,10.0,3.27,365,1.3123287671232877,0
21313,GLASS HEART T-LIGHT HOLDER ,2097.71,97,2828,31,139,12,23.62,2074.0899999999997,0.8294964028776978,0.010842952081147255,21.0,14.92,373,7.664879356568365,3
21314,SMALL GLASS HEART TRINKET POT,7399.960000000001,216,3664,139,382,12,270.15000000000003,7129.81,2.0851436031331594,0.03655009203260584,10.0,18.66,374,10.168449197860962,3
21316,SMALL CHUNKY GLASS ROMAN  BOWL,153.64000000000001,9,148,0,9,4,0.0,153.64000000000001,1.51,0.0,16.0,17.07,73,2.0273972602739727,2
21317,GLASS SPHERE CANDLE STAND MEDIUM,510.75,23,95,1,27,8,4.95,505.8,5.396428571428571,0.010416666666666666,4.0,18.73,317,0.3028391167192429,0
21318,GLASS CHALICE BLUE SMALL ,369.0,38,678,17,45,5,16.71,352.29,0.8830434782608695,0.02446043165467626,15.0,7.83,119,5.840336134453781,3
21319,GLASS CHALICE GREEN  SMALL ,129.51,12,147,1,13,5,1.65,127.86,1.246923076923077,0.006756756756756757,11.0,9.84,118,1.2542372881355932,2
21320,GLASS CHALICE GREEN  LARGE ,309.66,10,186,7,12,3,14.700000000000001,294.96,1.6338461538461537,0.03626943005181347,16.0,24.58,83,2.325301204819277,0
21324,HANGING MEDINA LANTERN SMALL,203.55,20,69,0,20,5,0.0,203.55,2.95,0.0,3.0,10.18,139,0.49640287769784175,1
21326,AGED GLASS SILVER T-LIGHT HOLDER,6052.0,168,10040,21,282,12,13.65,6038.35,0.6395833333333334,0.0020872676672298975,36.0,21.41,374,26.90106951871658,3
21327,SKULLS WRITING SET ,887.6999999999999,99,538,0,145,12,0.0,887.6999999999999,1.65,0.0,4.0,6.12,373,1.4423592493297588,2
21328,BALLOONS  WRITING SET ,1253.9499999999998,135,755,0,187,12,0.0,1253.9499999999998,1.6847089947089946,0.0,4.0,6.71,374,2.018716577540107,2
21329,DINOSAURS  WRITING SET ,975.0999999999999,120,586,0,168,12,0.0,975.0999999999999,1.688816568047337,0.0,3.0,5.8,373,1.5710455764075066,2
21331,MOROCCAN BEATEN METAL DISH LARGE,140.25,7,11,0,7,6,0.0,140.25,12.75,0.0,2.0,20.04,339,0.032448377581120944,1
21332,MOROCCAN BEATEN METAL MIRROR,143.3,8,14,0,8,7,0.0,143.3,10.55,0.0,2.0,17.91,218,0.06422018348623854,1
21333,CLASSIC WHITE FRAME,162.25,15,55,0,15,5,0.0,162.25,2.95,0.0,4.0,10.82,125,0.44,1
21336,GOLD WASHBAG,23.6,3,8,0,3,2,0.0,23.6,2.9500000000000006,0.0,3.0,7.87,165,0.048484848484848485,1
21340,CLASSIC METAL BIRDCAGE PLANT HOLDER,10123.16,179,925,24,266,12,247.2,9875.96,12.166516853932585,0.02528977871443625,4.0,37.13,372,2.5510752688172045,0
21344,MOROCCAN BEATEN METAL DISH,139.29999999999998,5,14,3,6,4,29.849999999999998,109.44999999999999,9.95,0.17647058823529413,3.0,18.24,156,0.10897435897435898,0
21348,PINK SPOTS CHOCOLATE NESTING BOXES ,355.65,5,139,0,5,2,0.0,355.65,2.79,0.0,28.0,71.13,42,3.3095238095238093,2
21349,IVY HEART WREATH,81.0,7,12,4,8,3,27.0,54.0,6.75,0.25,2.0,6.75,334,0.04790419161676647,0
21351,CINAMMON & ORANGE WREATH,654.55,28,101,7,33,7,47.25,607.3,6.704285714285715,0.06481481481481481,3.0,18.4,373,0.289544235924933,0
21352,EUCALYPTUS & PINECONE  WREATH,1118.65,36,311,9,39,8,60.75,1057.9,4.4884615384615385,0.028125,8.0,27.13,350,0.9142857142857143,0
21354,TOAST ITS - BEST MUM,885.95,55,751,0,68,11,0.0,885.95,1.223529411764706,0.0,11.0,13.03,365,2.0575342465753423,2
21355,TOAST ITS - I LOVE YOU ,955.4,95,772,0,107,11,0.0,955.4,1.2445454545454546,0.0,7.0,8.93,373,2.06970509383378,2
21356,TOAST ITS - FAIRY FLOWER,361.9,37,303,0,53,12,0.0,361.9,1.1868518518518518,0.0,6.0,6.83,369,0.8211382113821138,2
21357,TOAST ITS - DINOSAUR,23.75,9,19,0,10,3,0.0,23.75,1.25,0.0,2.0,2.38,116,0.16379310344827586,1
21358,TOAST ITS - HAPPY BIRTHDAY,408.75,54,327,0,59,12,0.0,408.75,1.25,0.0,6.0,6.93,371,0.8814016172506739,2
21359,RELAX LARGE WOOD LETTERS,743.7,22,126,2,28,6,7.9,735.8,7.7,0.015625,5.0,26.28,220,0.5818181818181818,0
21360,JOY LARGE WOOD LETTERS,194.15,14,37,0,14,7,0.0,194.15,7.378571428571428,0.0,3.0,13.87,187,0.19786096256684493,1
21361,LOVE LARGE WOOD LETTERS ,1127.85,43,91,4,56,8,51.0,1076.85,12.717857142857143,0.042105263157894736,2.0,19.23,230,0.41304347826086957,0
21363,HOME SMALL WOOD LETTERS,1024.65,68,207,14,96,10,69.30000000000001,955.35,4.95,0.06334841628959276,2.0,9.95,303,0.7293729372937293,0
21364,PEACE SMALL WOOD LETTERS,168.75,19,25,1,22,10,6.75,162.0,6.75,0.038461538461538464,1.0,7.36,316,0.08227848101265822,0
21365,MIRRORED WALL ART STARS,360.0,35,348,0,42,9,0.0,360.0,1.0999999999999999,0.0,8.0,8.57,373,0.9329758713136729,2
21366,MIRRORED WALL ART PHOTO FRAMES,102.0,9,24,0,10,7,0.0,102.0,4.25,0.0,2.0,10.2,367,0.0653950953678474,1
21367,MIRRORED WALL ART GENTS,159.51,29,163,0,35,10,0.0,159.51,1.56,0.0,5.0,4.56,370,0.44054054054054054,2
21368,MIRRORED WALL ART LADIES,128.4,25,160,0,30,10,0.0,128.4,0.8733333333333333,0.0,5.0,4.28,324,0.49382716049382713,2
21369,MIRRORED WALL ART SPLODGES,142.5,12,98,0,13,9,0.0,142.5,1.6346153846153846,0.0,8.0,10.96,273,0.358974358974359,1
21370,MIRRORED WALL ART FOXY,88.2,7,15,0,8,2,0.0,88.2,4.94,0.0,2.0,11.02,372,0.04032258064516129,1
21371,MIRRORED WALL ART POPPIES,274.65,27,275,0,32,11,0.0,274.65,1.0875,0.0,9.0,8.58,322,0.8540372670807453,2
21372,MIRRORED WALL ART TABLE LAMP,75.73,18,67,0,25,8,0.0,75.73,1.3292000000000002,0.0,3.0,3.03,345,0.19420289855072465,1
21373,MIRRORED WALL ART SNOWFLAKES,380.25,41,507,12,46,7,9.0,371.25,0.75,0.023121387283236993,11.0,8.07,184,2.8206521739130435,3
21374,MIRRORED WALL ART SKULLS,400.0,37,294,0,40,10,0.0,400.0,1.6875,0.0,7.0,10.0,365,0.8054794520547945,2
21375,LARGE CAMPHOR WOOD FIELD MUSHROOM ,107.30000000000001,9,22,0,10,8,0.0,107.30000000000001,4.6863636363636365,0.0,2.0,10.73,361,0.060941828254847646,1
21376,LARGE  TALL CAMPHOR WOOD TOADSTOOL ,149.65,13,29,0,13,8,0.0,149.65,5.126923076923077,0.0,2.0,11.51,361,0.08033240997229917,1
21377,SMALL CAMPHOR WOOD FIELD  MUSHROOM,123.20999999999998,18,93,0,19,11,0.0,123.20999999999998,1.4510526315789474,0.0,5.0,6.48,370,0.25135135135135134,1
21378,SMALL TALL CAMPHOR WOOD TOADSTOOL,175.04999999999998,21,129,0,22,10,0.0,175.04999999999998,1.478181818181818,0.0,6.0,7.96,361,0.3573407202216066,2
21379,CAMPHOR WOOD PORTOBELLO MUSHROOM,155.61,22,141,0,23,10,0.0,155.61,1.1378260869565218,0.0,6.0,6.77,370,0.3810810810810811,2
21380,WOODEN HAPPY BIRTHDAY GARLAND,5901.3,138,2090,1,233,12,2.95,5898.35,2.9745493562231764,0.00047824007651841227,9.0,25.31,366,5.713114754098361,2
21381,MINI WOODEN HAPPY BIRTHDAY GARLAND,2726.31,88,1695,25,140,12,42.25,2684.06,1.6883098591549295,0.014534883720930232,12.0,19.17,370,4.648648648648648,3
21382,SET/4 SPRING FLOWER DECORATION,1151.8,64,1040,8,94,12,6.0,1145.8,1.6531578947368422,0.007633587786259542,11.0,12.19,357,2.9355742296918765,3
21383,PACK OF 12 STICKY BUNNIES,497.25000000000006,75,765,2,78,10,1.3,495.95000000000005,0.65,0.002607561929595828,10.0,6.36,372,2.0618279569892475,2
21385,IVORY HANGING DECORATION  HEART,2952.54,153,3558,2,206,12,1.7,2950.8399999999997,0.8596744186046511,0.0005617977528089888,17.0,14.32,370,9.621621621621621,3
21386,IVORY HANGING DECORATION  EGG,253.01,42,689,0,46,11,0.0,253.01,0.45399999999999996,0.0,15.0,5.5,355,1.9408450704225353,2
21389,IVORY HANGING DECORATION  BIRD,862.75,81,1015,1,95,12,0.85,861.9,0.85,0.000984251968503937,11.0,9.07,353,2.878186968838527,2
21390,FILIGRIS HEART WITH BUTTERFLY,4540.38,120,3778,3,175,12,3.75,4536.63,1.2636813186813187,0.0007934408886537953,22.0,25.92,370,10.218918918918918,3
21391,FRENCH LAVENDER SCENT HEART,846.6,69,965,3,76,12,6.300000000000001,840.3000000000001,1.0096153846153846,0.0030991735537190084,13.0,11.06,340,2.847058823529412,2
21392,RED POLKADOT PUDDING BOWL,38.13,5,32,0,6,2,0.0,38.13,1.3671428571428572,0.0,5.0,6.36,106,0.3018867924528302,1
21393,BLUE POLKADOT PUDDING BOWL,38.67,7,29,0,7,2,0.0,38.67,1.45875,0.0,4.0,5.52,116,0.25,1
21394,RED POLKADOT BEAKER ,1538.62,88,3822,22,118,10,8.58,1530.04,0.44016949152542373,0.005723204994797087,33.0,12.97,326,11.791411042944786,3
21395,BLUE POLKADOT BEAKER ,1094.34,63,2806,10,81,8,3.9,1090.44,0.39,0.0035511363636363635,35.0,13.46,229,12.296943231441048,3
21397,BLUE POLKADOT EGG CUP ,445.26,43,1016,0,44,5,0.0,445.26,0.5268181818181819,0.0,23.0,10.12,134,7.582089552238806,2
21398,RED POLKADOT COFFEE  MUG,642.75,43,1499,0,49,5,0.0,642.75,0.6691836734693878,0.0,31.0,13.12,139,10.784172661870503,2
21399,BLUE POLKADOT COFFEE MUG,826.14,50,2035,111,65,6,43.29,782.8499999999999,0.5454545454545454,0.05172413793103448,33.0,12.04,185,11.6,3
21400,RED PUDDING SPOON,109.74,42,837,0,48,12,0.0,109.74,0.1575,0.0,17.0,2.29,354,2.364406779661017,2
21401,BLUE PUDDING SPOON,132.29999999999998,48,1010,0,58,11,0.0,132.29999999999998,0.15050847457627117,0.0,17.0,2.28,366,2.759562841530055,2
21402,RED  EGG  SPOON,155.4,54,1290,0,61,9,0.0,155.4,0.12491803278688525,0.0,21.0,2.55,263,4.904942965779468,2
21403,BLUE EGG  SPOON,258.71999999999997,58,1718,0,71,12,0.0,258.71999999999997,0.13183098591549294,0.0,24.0,3.64,350,4.908571428571428,2
21407,BROWN CHECK CAT DOORSTOP ,965.0,79,233,1,95,11,4.25,960.75,4.221052631578948,0.004273504273504274,2.0,10.11,354,0.6610169491525424,0
21408,SPOTTY PINK DUCK DOORSTOP,752.51,50,221,2,66,12,8.5,744.01,4.076666666666667,0.008968609865470852,3.0,11.27,371,0.601078167115903,0
21411,GINGHAM HEART  DOORSTOP RED,2371.2599999999998,147,714,6,186,12,25.5,2345.7599999999998,3.8997872340425532,0.008333333333333333,4.0,12.61,373,1.9302949061662198,0
21412,VINTAGE GOLD TINSEL REEL,0.0,1,0,6,1,1,2.52,-2.52,0.42,1.0,6.0,-2.52,1,6.0,1
21413,PERIWINKLE T-LIGHT HOLDER,45.0,8,36,0,10,7,0.0,45.0,1.25,0.0,4.0,4.5,344,0.10465116279069768,1
21414,SCALLOP SHELL SOAP DISH,2.1,1,1,0,1,1,0.0,2.1,2.1,0.0,1.0,2.1,1,1.0,1
21415,CLAM SHELL SMALL ,375.73,25,202,0,30,10,0.0,375.73,1.969,0.0,7.0,12.52,372,0.543010752688172,2
21416,CLAM SHELL LARGE,18.75,4,5,0,4,3,0.0,18.75,3.75,0.0,1.0,4.69,111,0.04504504504504504,1
21417,COCKLE SHELL DISH,420.88,24,289,1,33,11,2.1,418.78000000000003,1.7824242424242425,0.0034482758620689655,9.0,12.69,372,0.7795698924731183,2
21418,STARFISH SOAP DISH,115.25,11,59,0,12,6,0.0,115.25,2.0084615384615385,0.0,5.0,9.6,286,0.2062937062937063,1
21420,OYSTER TRINKET BOX,83.87,12,47,0,13,9,0.0,83.87,2.8985714285714286,0.0,4.0,6.45,322,0.14596273291925466,1
21421,PORCELAIN ROSE LARGE ,345.14,11,298,0,13,6,0.0,345.14,1.2353846153846153,0.0,23.0,26.55,174,1.7126436781609196,2
21422,PORCELAIN ROSE SMALL,1218.36,33,1560,4,48,11,3.4,1214.96,0.906875,0.0025575447570332483,33.0,25.31,365,4.284931506849315,2
21424,WOODLAND STORAGE BOX LARGE ,612.05,21,227,5,27,11,14.75,597.3,2.890740740740741,0.021551724137931036,9.0,22.12,325,0.7138461538461538,0
21425,SKULLS STORAGE BOX LARGE,188.05,12,67,0,16,9,0.0,188.05,2.9250000000000003,0.0,4.0,11.75,356,0.18820224719101122,1
21426,WOODLAND STORAGE BOX SMALL,411.30000000000007,16,213,4,20,12,8.4,402.90000000000003,2.0523809523809526,0.018433179723502304,11.0,20.15,363,0.5977961432506887,0
21427,SKULLS STORAGE BOX SMALL,161.70000000000002,23,77,3,28,9,6.300000000000001,155.4,2.1,0.0375,3.0,5.55,371,0.215633423180593,0
21428,SET3 BOOK BOX GREEN GINGHAM FLOWER ,4259.3,117,1098,35,188,12,136.25,4123.05,4.1803723404255315,0.03089143865842895,6.0,21.93,370,3.062162162162162,0
21429,RED GINGHAM ROSE JEWELLERY BOX,2917.2,147,1612,42,226,10,74.1,2843.1,1.8803030303030301,0.02539298669891173,7.0,12.58,372,4.446236559139785,3
21430,SET/3 RED GINGHAM ROSE STORAGE BOX,9401.82,188,2698,41,331,12,144.03,9257.79,3.693183183183183,0.014968966776195691,8.0,27.97,372,7.362903225806452,3
21439,BASKET OF TOADSTOOLS,1574.98,51,1322,408,78,12,432.48,1142.5,1.2451898734177216,0.23583815028901733,22.0,14.65,369,4.688346883468835,3
21441,BLUE BIRDHOUSE DECORATION,223.3,34,376,0,38,11,0.0,223.3,0.7626315789473684,0.0,10.0,5.88,373,1.0080428954423593,2
21442,GREEN BIRDHOUSE DECORATION,229.45999999999998,31,386,0,36,10,0.0,229.45999999999998,0.7144444444444444,0.0,11.0,6.37,364,1.0604395604395604,2
21445,12 PINK ROSE PEG PLACE SETTINGS,267.5,17,214,4,22,6,5.0,262.5,1.25,0.01834862385321101,10.0,11.93,230,0.9478260869565217,2
21446,12 RED ROSE PEG PLACE SETTINGS,490.0,47,392,0,75,12,0.0,490.0,1.25,0.0,5.0,6.53,371,1.0566037735849056,2
21447,12 IVORY ROSE PEG PLACE SETTINGS,936.25,56,749,1,92,10,1.25,935.0,1.25,0.0013333333333333333,8.0,10.16,281,2.6690391459074734,2
21448,12 DAISY PEGS IN WOOD BOX,531.3,46,322,0,62,11,0.0,531.3,1.65,0.0,5.0,8.57,320,1.00625,2
21452,TOADSTOOL MONEY BOX,2140.15,110,745,28,145,12,80.2,2059.9500000000003,2.9391156462585033,0.03622250970245795,5.0,14.21,372,2.077956989247312,0
21454,PAINTED PINK RABBIT ,269.45,41,317,0,43,8,0.0,269.45,0.85,0.0,7.0,6.27,362,0.8756906077348067,2
21455,PAINTED YELLOW WOODEN DAISY,230.35,32,271,13,33,11,11.049999999999999,219.29999999999998,0.85,0.045774647887323945,9.0,6.65,336,0.8452380952380952,0
21456,2 PICTURE BOOK EGGS EASTER CHICKS,201.25,17,161,1,20,6,1.25,200.0,1.25,0.006172839506172839,8.0,10.0,319,0.5078369905956113,2
21457,2 PICTURE BOOK EGGS EASTER DUCKS,143.75,15,115,0,16,5,0.0,143.75,1.25,0.0,7.0,8.98,291,0.3951890034364261,2
21458,2 PICTURE BOOK EGGS EASTER BUNNY,197.5,18,158,0,19,5,0.0,197.5,1.25,0.0,8.0,10.39,296,0.5337837837837838,2
21459,YELLOW EASTER EGG HUNT START POST,146.25,17,75,8,20,6,15.6,130.65,1.95,0.0963855421686747,4.0,6.53,314,0.2643312101910828,0
21460,GREEN EASTER EGG HUNT START POST,50.699999999999996,9,26,0,9,3,0.0,50.699999999999996,1.9500000000000002,0.0,3.0,5.63,69,0.37681159420289856,1
21461,BLUE EASTER EGG HUNT START POST,15.6,5,8,2,6,4,3.9,11.7,1.95,0.2,2.0,1.95,311,0.03215434083601286,1
21462,"NURSERY A,B,C PAINTED LETTERS",859.2,57,192,0,67,11,0.0,859.2,5.890298507462687,0.0,3.0,12.82,373,0.514745308310992,2
21463,MIRRORED DISCO BALL ,3393.4,77,642,42,137,12,216.9,3176.5,5.786131386861314,0.06140350877192982,5.0,23.19,371,1.84366576819407,0
21464,DISCO BALL ROTATOR BATTERY OPERATED,1034.0,57,244,9,106,12,38.25,995.75,4.245283018867925,0.03557312252964427,2.0,9.39,366,0.6912568306010929,0
21465,PINK FLOWER CROCHET FOOD COVER,727.46,55,193,0,63,12,0.0,727.46,3.808888888888889,0.0,3.0,11.55,364,0.5302197802197802,2
21466,RED FLOWER CROCHET FOOD COVER,982.49,71,267,0,91,12,0.0,982.49,3.8954945054945056,0.0,3.0,10.8,371,0.7196765498652291,2
21467,CHERRY CROCHET FOOD COVER,813.67,58,215,2,80,12,7.5,806.17,3.84275,0.009216589861751152,3.0,10.08,369,0.5880758807588076,0
21468,BUTTERFLY CROCHET FOOD COVER,468.67,43,123,0,50,11,0.0,468.67,3.8983999999999996,0.0,2.0,9.37,360,0.3416666666666667,2
21469,POLKA DOT RAFFIA FOOD COVER,941.21,57,250,2,73,12,7.5,933.71,3.8008219178082188,0.007936507936507936,3.0,12.79,371,0.6792452830188679,0
21470,FLOWER VINE RAFFIA FOOD COVER,1271.13,78,336,5,116,12,18.75,1252.38,3.845948275862069,0.01466275659824047,3.0,10.8,369,0.924119241192412,0
21471,STRAWBERRY RAFFIA FOOD COVER,1695.15,78,493,4,95,12,15.0,1680.15,3.7247368421052633,0.008048289738430584,5.0,17.69,357,1.392156862745098,0
21472,LADYBIRD + BEE RAFFIA FOOD COVER,446.25,29,119,0,33,6,0.0,446.25,3.75,0.0,4.0,13.52,226,0.5265486725663717,2
21473,SWEETHEART CREAM STEEL TABLE RECT,438.9,16,22,0,18,11,0.0,438.9,19.95,0.0,1.0,24.38,343,0.0641399416909621,1
21476,STEEL SWEETHEART ROUND TABLE CREAM,463.45,14,31,0,18,9,0.0,463.45,14.949999999999998,0.0,2.0,25.75,267,0.11610486891385768,1
21479,WHITE SKULL HOT WATER BOTTLE ,10215.47,254,2699,185,382,12,635.9300000000001,9579.54,4.015204081632653,0.06414701803051318,8.0,25.08,374,7.711229946524064,3
21481,FAWN BLUE HOT WATER BOTTLE,9196.050000000001,255,2919,88,386,12,239.6,8956.45,3.357917737789203,0.02926504822081809,8.0,23.2,373,8.06166219839142,3
21484,CHICK GREY HOT WATER BOTTLE,5770.27,206,1545,48,284,12,147.60000000000002,5622.67,3.899034482758621,0.030131826741996232,6.0,19.8,373,4.270777479892762,3
21485,RETROSPOT HEART HOT WATER BOTTLE,15827.18,372,3326,20,541,12,99.00000000000001,15728.18,4.958834244080146,0.005977286312014346,6.0,29.07,374,8.946524064171124,3
21486,PINK HEART DOTS HOT WATER BOTTLE,30.0,4,8,0,4,1,0.0,30.0,3.75,0.0,2.0,7.5,4,2.0,1
21488,RED WHITE SCARF  HOT WATER BOTTLE,11.850000000000001,2,3,0,2,1,0.0,11.850000000000001,3.95,0.0,2.0,5.93,1,3.0,1
21494,ROTATING LEAVES T-LIGHT HOLDER,1617.23,79,1222,2,127,12,2.5,1614.73,1.3695384615384614,0.0016339869281045752,10.0,12.71,373,3.2815013404825737,2
21495,SKULLS AND CROSSBONES WRAP,2356.0,102,5800,25,166,12,10.5,2345.5,0.417710843373494,0.004291845493562232,35.0,14.13,373,15.616621983914209,3
21497,FANCY FONTS BIRTHDAY WRAP,3409.0,177,8550,0,230,12,0.0,3409.0,0.4182608695652174,0.0,37.0,14.82,373,22.92225201072386,2
21498,RED RETROSPOT WRAP ,4310.24,238,10522,50,337,12,21.0,4289.24,0.4180415430267062,0.004729474082482028,31.0,12.73,373,28.343163538873995,3
21499,BLUE POLKADOT WRAP,2798.0,175,6900,225,217,12,82.5,2715.5,0.4166820276497696,0.031578947368421054,33.0,12.51,371,19.204851752021565,3
21500,PINK POLKADOT WRAP ,2593.0,162,6350,0,213,12,0.0,2593.0,0.4169014084507042,0.0,30.0,12.17,368,17.255434782608695,2
21503,TOYBOX  WRAP ,288.92,22,726,1,24,10,0.42,288.5,0.4166666666666667,0.001375515818431912,30.0,12.02,347,2.0951008645533142,2
21504,SKULLS GREETING CARD,753.12,74,1860,0,96,12,0.0,753.12,0.41687499999999994,0.0,19.0,7.84,371,5.013477088948787,2
21506,"FANCY FONT BIRTHDAY CARD, ",1895.76,171,4704,12,251,12,5.04,1890.72,0.41856573705179284,0.002544529262086514,19.0,7.53,374,12.609625668449198,3
21507,ELEPHANT BIRTHDAY CARD ,449.88,63,1080,12,73,5,5.04,444.84,0.4576712328767123,0.01098901098901099,15.0,6.09,372,2.935483870967742,3
21507,"ELEPHANT, BIRTHDAY CARD, ",859.08,95,2114,12,127,9,5.04,854.04,0.4171653543307086,0.005644402634054563,17.0,6.72,372,5.71505376344086,3
21508,VINTAGE KID DOLLY CARD ,966.07,108,2381,12,146,12,5.04,961.03,0.42753424657534245,0.005014625992478061,16.0,6.58,371,6.450134770889488,3
21509,COWBOYS AND INDIANS BIRTHDAY CARD ,1444.75,142,3581,0,203,12,0.0,1444.75,0.4317241379310345,0.0,18.0,7.12,372,9.626344086021506,2
21518,BANK ACCOUNT  GREETING  CARD ,106.97999999999999,16,265,0,17,5,0.0,106.97999999999999,0.41647058823529415,0.0,16.0,6.29,125,2.12,2
21519,GIN & TONIC DIET GREETING CARD ,1320.9,100,3217,36,194,12,15.120000000000001,1305.78,0.4178350515463918,0.011066707654472794,17.0,6.73,373,8.72117962466488,3
21520,BOOZE & WOMEN GREETING CARD ,187.62,29,457,2,34,12,0.84,186.78,0.41823529411764704,0.004357298474945534,14.0,5.49,336,1.3660714285714286,2
21523,DOORMAT FANCY FONT HOME SWEET HOME,19149.07,203,3087,5,400,12,40.05,19109.02,7.86655,0.0016170763260025874,8.0,47.77,374,8.267379679144385,3
21524,DOORMAT SPOTTY HOME SWEET HOME,12055.32,251,1657,6,408,12,48.9,12006.42,7.964901960784314,0.0036079374624173183,4.0,29.43,373,4.458445040214477,3
21527,RED RETROSPOT TRADITIONAL TEAPOT ,3508.8,102,464,34,154,6,260.3,3248.5,7.840322580645161,0.06827309236947791,3.0,21.09,165,3.018181818181818,0
21528,DAIRY MAID TRADITIONAL TEAPOT ,1209.2,62,176,14,96,12,93.3,1115.9,6.908333333333334,0.07368421052631578,2.0,11.62,362,0.5248618784530387,0
21530,DAIRY MAID TOASTRACK,690.12,65,756,61,91,12,48.190000000000005,641.9300000000001,1.0482608695652174,0.07466340269277846,9.0,7.05,371,2.202156334231806,0
21531,RED RETROSPOT SUGAR JAM BOWL,3448.95,143,1469,15,217,12,36.449999999999996,3412.5,2.506849315068493,0.010107816711590296,7.0,15.73,371,4.0,3
21533,RETROSPOT LARGE MILK JUG,6217.650000000001,213,1307,32,321,12,147.9,6069.75,4.87608695652174,0.02389843166542196,4.0,18.91,373,3.5898123324396782,3
21534,DAIRY MAID LARGE MILK JUG,1563.75,94,321,13,132,12,64.35,1499.4,4.934210526315789,0.038922155688622756,3.0,11.36,365,0.915068493150685,0
21535,RED RETROSPOT SMALL MILK JUG,5804.7,205,2450,32,326,12,80.69999999999999,5724.0,2.5335866261398174,0.0128928283642224,8.0,17.56,365,6.8,3
21537,RED RETROSPOT PUDDING BOWL,1337.5,52,326,55,64,12,208.75,1128.75,4.2109375,0.14435695538057744,6.0,17.64,370,1.0297297297297296,0
21538,DAIRY MAID  PUDDING BOWL,18.75,2,5,0,2,1,0.0,18.75,3.75,0.0,2.0,9.38,8,0.625,1
21539,RED RETROSPOT BUTTER DISH,4414.8,124,936,23,227,12,108.95,4305.85,4.901091703056769,0.023983315954118872,4.0,18.97,347,2.7636887608069163,0
21544,SKULLS  WATER TRANSFER TATTOOS ,1519.85,80,1869,0,113,12,0.0,1519.85,0.8447368421052631,0.0,17.0,13.45,373,5.010723860589812,2
21547,CERAMIC BIRDHOUSE CRESTED TIT SMALL,212.40000000000003,13,72,0,16,3,0.0,212.40000000000003,2.95,0.0,4.0,13.28,106,0.6792452830188679,1
21555,CERAMIC STRAWBERRY TRINKET TRAY,140.25,11,55,0,12,9,0.0,140.25,2.55,0.0,5.0,11.69,337,0.1632047477744807,1
21556,CERAMIC STRAWBERRY MONEY BOX,1859.3999999999999,38,804,1,48,11,2.55,1856.85,2.525,0.0012422360248447205,17.0,38.68,358,2.2486033519553073,2
21557,SET OF 6 FUNKY BEAKERS,854.0400000000001,26,300,0,51,12,0.0,854.0400000000001,3.2153846153846155,0.0,6.0,16.75,371,0.8086253369272237,2
21558,SKULL LUNCH BOX WITH CUTLERY ,4609.5,167,1940,4,269,12,10.2,4599.3,2.53021978021978,0.00205761316872428,7.0,17.1,367,5.29700272479564,3
21559,STRAWBERRY LUNCH BOX WITH CUTLERY,8721.89,233,3711,14,436,12,35.25,8686.64,2.5562302483069974,0.0037583892617449664,9.0,19.92,374,9.959893048128341,3
21561,DINOSAUR LUNCH BOX WITH CUTLERY,2868.7799999999997,116,1227,2,169,12,5.1,2863.68,2.563411764705882,0.0016273393002441008,7.0,16.94,371,3.31266846361186,2
21562,HAWAIIAN GRASS SKIRT ,368.35,20,319,0,25,11,0.0,368.35,1.2272,0.0,13.0,14.73,347,0.9193083573487032,2
21563,RED HEART SHAPE LOVE BUCKET ,2591.02,95,1358,0,134,12,0.0,2591.02,2.7335820895522387,0.0,10.0,19.34,372,3.650537634408602,2
21564,PINK  HEART SHAPE LOVE BUCKET ,1686.5200000000002,63,1016,3,106,12,8.05,1678.47,2.7413207547169813,0.002944062806673209,10.0,15.83,371,2.746630727762803,2
21576,LETS GO SHOPPING COTTON TOTE BAG,403.67,40,177,0,46,11,0.0,403.67,2.367826086956522,0.0,4.0,8.78,372,0.47580645161290325,2
21577,SAVE THE PLANET COTTON TOTE BAG,1235.25,94,549,7,118,12,15.75,1219.5,2.25,0.012589928057553957,5.0,10.33,367,1.5149863760217983,0
21578,WOODLAND DESIGN  COTTON TOTE BAG,1311.75,68,583,2,83,12,4.5,1307.25,2.25,0.003418803418803419,7.0,15.75,339,1.7256637168141593,2
21579,LOLITA  DESIGN  COTTON TOTE BAG,342.0,31,152,10,35,10,22.5,319.5,2.25,0.06172839506172839,5.0,9.13,370,0.43783783783783786,0
21580,RABBIT  DESIGN  COTTON TOTE BAG,202.5,21,90,0,24,10,0.0,202.5,2.25,0.0,4.0,8.44,361,0.24930747922437674,1
21581,SKULLS  DESIGN  COTTON TOTE BAG,371.25,33,165,12,41,12,27.0,344.25,2.25,0.06779661016949153,4.0,8.4,358,0.49441340782122906,0
21584,RETROSPOT SMALL TUBE MATCHES,1743.35,119,1059,1,147,12,1.65,1741.7,1.6487096774193548,0.0009433962264150943,7.0,11.85,371,2.857142857142857,2
21586,KINGS CHOICE GIANT TUBE MATCHES,1691.25,56,731,13,68,11,33.15,1658.1,2.5036764705882355,0.01747311827956989,11.0,24.38,341,2.1818181818181817,3
21587,COSY HOUR GIANT TUBE MATCHES,475.65,25,195,0,26,2,0.0,475.65,2.5344827586206895,0.0,8.0,18.29,321,0.6074766355140186,2
21588,RETROSPOT GIANT TUBE MATCHES,3442.5,99,1494,1,133,12,2.55,3439.95,2.5268382352941177,0.0006688963210702341,11.0,25.86,372,4.018817204301075,2
21591,COSY HOUR CIGAR BOX MATCHES ,1451.39,115,1183,54,145,11,67.5,1383.89,1.24875,0.043654001616814875,9.0,9.54,373,3.316353887399464,3
21592,RETROSPOT CIGAR BOX MATCHES ,2135.32,156,2138,0,210,12,0.0,2135.32,1.1293548387096775,0.0,10.0,10.17,373,5.7319034852546915,2
21609,SET 12 LAVENDER  BOTANICAL T-LIGHTS,2069.2,59,760,0,73,9,0.0,2069.2,2.922972972972973,0.0,10.0,28.35,273,2.7838827838827838,2
21613,S/12 VANILLA  BOTANICAL T-LIGHTS,632.7500000000001,37,221,0,38,10,0.0,632.7500000000001,2.9394736842105265,0.0,6.0,16.65,326,0.6779141104294478,2
21614,SET OF 12 ROSE BOTANICAL T-LIGHTS,141.60000000000002,7,48,0,7,2,0.0,141.60000000000002,2.95,0.0,7.0,20.23,43,1.1162790697674418,1
21615,4 LAVENDER BOTANICAL DINNER CANDLES,1193.75,86,839,0,100,10,0.0,1193.75,1.6868932038834952,0.0,8.0,11.94,361,2.3240997229916895,2
21616,4 PEAR BOTANICAL DINNER CANDLES,1093.75,84,755,0,104,10,0.0,1093.75,1.6898148148148149,0.0,7.0,10.52,368,2.051630434782609,2
21617,4 LILY  BOTANICAL DINNER CANDLES,848.0,62,470,0,76,12,0.0,848.0,2.2884615384615383,0.0,6.0,11.16,349,1.346704871060172,2
21618,4 WILDFLOWER BOTANICAL CANDLES,471.25,48,301,0,51,10,0.0,471.25,1.9956140350877194,0.0,6.0,9.24,344,0.875,2
21619,4 VANILLA BOTANICAL CANDLES,1247.5,99,896,0,121,11,0.0,1247.5,1.6188524590163935,0.0,7.0,10.31,361,2.481994459833795,2
21620,SET OF 4 ROSE BOTANICAL CANDLES,1188.75,97,795,0,124,10,0.0,1188.75,1.746031746031746,0.0,6.0,9.59,373,2.131367292225201,2
21621,VINTAGE UNION JACK BUNTING,20945.16,267,2538,28,395,11,238.0,20707.16,8.505321782178218,0.010911925175370226,6.0,52.42,371,6.916442048517521,3
21622,VINTAGE UNION JACK CUSHION COVER,1755.3000000000002,78,358,18,98,12,89.1,1666.2,4.942857142857143,0.047872340425531915,4.0,17.0,372,1.010752688172043,0
21623,VINTAGE UNION JACK MEMOBOARD,22679.28,140,3252,4,209,12,39.8,22639.48,9.768086124401913,0.0012285012285012285,16.0,108.32,371,8.776280323450134,3
21624,VINTAGE UNION JACK DOORSTOP,1184.8500000000001,73,203,5,84,12,29.75,1155.1000000000001,5.926744186046512,0.02403846153846154,2.0,13.75,364,0.5714285714285714,0
21625,VINTAGE UNION JACK APRON,2112.3900000000003,97,303,0,113,12,0.0,2112.3900000000003,6.995438596491228,0.0,3.0,18.69,372,0.8145161290322581,2
21626,VINTAGE UNION JACK PENNANT,1444.95,64,741,22,79,12,42.9,1402.05,1.95,0.028833551769331587,10.0,17.75,352,2.1676136363636362,0
21627,ELEPHANT CARNIVAL POUFFE,568.0999999999999,14,38,0,24,10,0.0,568.0999999999999,14.949999999999998,0.0,2.0,23.67,322,0.11801242236024845,1
21628,TRIANGULAR POUFFE VINTAGE ,605.4499999999999,14,43,2,17,9,29.9,575.55,14.691176470588236,0.044444444444444446,3.0,33.86,364,0.12362637362637363,0
21629,SQUARE FLOOR CUSHION VINTAGE RED,395.45000000000005,13,51,0,25,12,0.0,395.45000000000005,7.87,0.0,2.0,15.82,373,0.13672922252010725,1
21630,FLOOR CUSHION ELEPHANT CARNIVAL,461.3,13,54,1,23,8,8.95,452.35,8.819565217391304,0.01818181818181818,2.0,19.67,367,0.14986376021798364,0
21631,HIPPY CHIC DECORATIVE PARASOL,761.85,15,155,0,16,6,0.0,761.85,7.25,0.0,10.0,47.62,339,0.45722713864306785,2
21632,VINTAGE PINK DECORATIVE PARASOL,237.00000000000003,5,60,0,5,2,0.0,237.00000000000003,3.95,0.0,12.0,47.4,22,2.727272727272727,1
21633,SUNFLOWER DECORATIVE PARASOL,528.45,13,87,1,15,8,12.75,515.7,10.403333333333334,0.011363636363636364,6.0,34.38,340,0.25882352941176473,0
21634,ASSORTED MINI MADRAS NOTEBOOK,462.6,22,948,0,23,8,0.0,462.6,0.5769565217391304,0.0,41.0,20.11,227,4.176211453744493,2
21635,MADRAS NOTEBOOK LARGE ,367.5,15,270,0,15,5,0.0,367.5,1.9166666666666667,0.0,18.0,24.5,220,1.2272727272727273,2
21636,MADRAS NOTEBOOK MEDIUM,699.45,60,911,0,71,9,0.0,699.45,0.7993150684931507,0.0,13.0,9.85,299,3.0468227424749164,2
21637,ASSORTED SANSKRIT MINI NOTEBOOK,136.25,6,109,0,6,5,0.0,136.25,1.25,0.0,18.0,22.71,205,0.5317073170731708,2
21638,ASSORTED TUTTI FRUTTI NOTEBOOK,489.30000000000007,25,233,0,31,9,0.0,489.30000000000007,2.1,0.0,8.0,15.78,368,0.6331521739130435,2
21640,ASSORTED TUTTI FRUTTI  FOB NOTEBOOK,437.16999999999996,38,529,0,46,11,0.0,437.16999999999996,0.8475,0.0,12.0,9.5,368,1.4375,2
21641,ASSORTED TUTTI FRUTTI KEYRING BALL,367.97999999999996,19,1102,0,23,8,0.0,367.97999999999996,0.4791304347826087,0.0,48.0,16.0,218,5.055045871559633,2
21642,ASSORTED TUTTI FRUTTI PEN,800.9499999999999,81,2451,118,96,11,46.54,754.41,0.3871428571428571,0.045932269365511876,27.0,7.86,371,6.9245283018867925,3
21643,ASSORTED TUTTI FRUTTI MIRROR,594.26,27,490,12,32,12,15.0,579.26,1.238125,0.02390438247011952,16.0,18.1,349,1.4383954154727794,0
21644,ASSORTED TUTTI FRUTTI HEART BOX,268.75,30,215,25,34,11,31.25,237.5,1.25,0.10416666666666667,7.0,6.99,357,0.6722689075630253,0
21645,ASSORTED TUTTI FRUTTI ROUND BOX,0.0,1,0,24,1,1,39.599999999999994,-39.599999999999994,1.65,1.0,24.0,-39.6,1,24.0,1
21647,ASSORTED TUTTI FRUTTI LARGE PURSE,222.60000000000002,21,106,1,25,8,2.1,220.50000000000003,2.1,0.009345794392523364,4.0,8.82,356,0.300561797752809,2
21648,ASSORTED TUTTI FRUTTI SMALL PURSE,780.14,27,646,1,32,11,1.25,778.89,1.238125,0.0015455950540958269,20.0,24.34,345,1.8753623188405797,2
21650,ASSORTED TUTTI FRUTTI BRACELET,440.89000000000004,48,2197,24,62,9,4.5600000000000005,436.33000000000004,0.24333333333333332,0.010805943268797838,36.0,7.04,368,6.0353260869565215,3
21651,HANGING GLASS ETCHED TEALIGHT,191.84999999999997,9,125,0,10,3,0.0,191.84999999999997,1.6099999999999999,0.0,12.0,19.18,83,1.5060240963855422,2
21654,RIDGED GLASS FINGER BOWL,427.86,40,934,0,47,10,0.0,427.86,0.655,0.0,20.0,9.1,291,3.209621993127148,2
21655,HANGING RIDGE GLASS T-LIGHT HOLDER,60.84,1,36,36,5,2,60.84,0.0,1.69,0.5,14.0,0.0,33,2.1818181818181817,0
21656,RIDGED GLASS POSY VASE ,169.64999999999998,15,117,0,17,5,0.0,169.64999999999998,1.45,0.0,7.0,9.98,128,0.9140625,2
21657,MILK BOTTLE WITH GLASS STOPPER ,194.60000000000002,11,28,0,15,3,0.0,194.60000000000002,6.95,0.0,2.0,12.97,81,0.345679012345679,1
21658,GLASS  BEURRE DISH,2862.2200000000003,83,770,31,149,11,116.29,2745.9300000000003,3.881466666666667,0.03870162297128589,5.0,18.43,317,2.526813880126183,0
21661,VINTAGE GLASS TEA CADDY,17.85,3,3,0,3,2,0.0,17.85,5.95,0.0,1.0,5.95,50,0.06,1
21662,VINTAGE GLASS COFFEE CADDY,416.3,14,74,0,16,8,0.0,416.3,5.91875,0.0,5.0,26.02,258,0.2868217054263566,1
21664,RIDGED GLASS STORAGE JAR CREAM LID,342.72,15,96,0,17,8,0.0,342.72,3.73,0.0,6.0,20.16,320,0.3,1
21666,RIDGED GLASS T-LIGHT HOLDER,249.60000000000002,21,384,0,33,10,0.0,249.60000000000002,0.65,0.0,12.0,7.56,358,1.0726256983240223,2
21667,GLASS CAKE COVER AND PLATE,29.9,1,2,2,2,1,29.9,0.0,14.95,0.5,2.0,0.0,5,0.8,1
21668,RED STRIPE CERAMIC DRAWER KNOB,6177.53,170,5001,84,343,12,102.67,6074.86,1.3035549132947977,0.016519174041297935,15.0,17.71,373,13.632707774798927,3
21669,BLUE STRIPE CERAMIC DRAWER KNOB,6239.4,167,4936,80,361,12,115.00999999999999,6124.39,1.326260162601626,0.01594896331738437,14.0,16.97,373,13.447721179624665,3
21670,BLUE SPOT CERAMIC DRAWER KNOB,4971.22,159,3962,69,296,12,96.25,4874.97,1.3008080808080806,0.017117340610270405,14.0,16.47,373,10.806970509383378,3
21671,RED SPOT CERAMIC DRAWER KNOB,5018.65,166,4061,152,293,12,214.81,4803.84,1.2899319727891156,0.03607880370282459,14.0,16.4,371,11.355795148247978,3
21672,WHITE SPOT RED CERAMIC DRAWER KNOB,5578.14,159,4534,59,314,12,77.55,5500.59,1.2925786163522013,0.012845634661441323,15.0,17.52,372,12.346774193548388,3
21673,WHITE SPOT BLUE CERAMIC DRAWER KNOB,4929.95,155,3971,103,284,12,143.95,4786.0,1.3019860627177702,0.025282277859597448,14.0,16.85,373,10.922252010723861,3
21675,BUTTERFLIES STICKERS,442.71,45,519,12,52,10,10.2,432.51,0.9375,0.022598870056497175,10.0,8.32,365,1.4547945205479451,0
21676,FLOWERS  STICKERS,191.04999999999998,21,211,0,32,11,0.0,191.04999999999998,1.09375,0.0,7.0,5.97,364,0.5796703296703297,2
21677,HEARTS  STICKERS,655.0,62,766,12,81,12,10.2,644.8,0.9158024691358024,0.015424164524421594,10.0,7.96,364,2.1373626373626373,3
21678,PAISLEY PATTERN  STICKERS,88.39999999999999,16,104,0,16,10,0.0,88.39999999999999,0.85,0.0,6.0,5.52,359,0.28969359331476324,1
21679,SKULLS  STICKERS,891.2199999999999,67,1054,0,87,12,0.0,891.2199999999999,0.8485057471264367,0.0,12.0,10.24,371,2.8409703504043127,2
21680,WOODLAND  STICKERS,683.4,43,804,0,53,12,0.0,683.4,0.85,0.0,15.0,12.89,366,2.19672131147541,2
21681,GIANT MEDINA STAMPED METAL BOWL ,19.9,2,2,0,2,1,0.0,19.9,9.95,0.0,1.0,9.95,9,0.2222222222222222,1
21682,LARGE MEDINA STAMPED METAL BOWL ,881.1600000000001,42,177,3,51,12,14.850000000000001,866.3100000000001,5.048235294117648,0.016666666666666666,4.0,16.99,365,0.4931506849315068,0
21683,MEDIUM MEDINA STAMPED METAL BOWL ,876.1500000000001,39,297,0,48,12,0.0,876.1500000000001,2.9500000000000006,0.0,6.0,18.25,366,0.8114754098360656,2
21684,SMALL MEDINA STAMPED METAL BOWL ,565.21,27,752,0,36,12,0.0,565.21,0.8888888888888888,0.0,21.0,15.7,366,2.0546448087431695,2
21686,MEDINA STAMPED METAL STOOL,1268.3500000000001,6,33,1,19,10,39.95,1228.4,39.68684210526316,0.029411764705882353,2.0,64.65,299,0.11371237458193979,0
21688,SILVER PLATE CANDLE BOWL SMALL,932.2000000000002,36,316,0,39,12,0.0,932.2000000000002,2.95,0.0,8.0,23.9,364,0.8681318681318682,2
21689,SILVER VANILLA  FLOWER CANDLE POT,345.0,22,92,0,23,10,0.0,345.0,3.75,0.0,4.0,15.0,364,0.25274725274725274,1
21690,SILVER  CANDLEPOT JARDIN ,82.5,6,22,0,7,2,0.0,82.5,3.75,0.0,3.0,11.79,61,0.36065573770491804,1
21692,SILVER LATTICE VANILLA CANDLE POT,63.75,7,17,0,7,3,0.0,63.75,3.75,0.0,2.0,9.11,81,0.20987654320987653,1
21693,SMALL HAMMERED SILVER CANDLEPOT ,1020.7000000000002,40,346,0,43,11,0.0,1020.7000000000002,2.95,0.0,8.0,23.74,366,0.9453551912568307,2
21694,SMALL REGAL  SILVER CANDLEPOT ,817.0500000000001,18,303,0,20,9,0.0,817.0500000000001,2.91,0.0,15.0,40.85,370,0.8189189189189189,2
21695,SMALL SILVER FLOWER CANDLE POT,817.1500000000001,35,277,0,35,12,0.0,817.1500000000001,2.95,0.0,8.0,23.35,360,0.7694444444444445,2
21696,SMALL SILVER TRELLIS CANDLEPOT,649.0000000000001,27,220,12,30,12,35.400000000000006,613.6000000000001,2.95,0.05172413793103448,8.0,20.45,354,0.655367231638418,0
21698,MOCK LOBSTER FRIDGE MAGNET,116.62,22,266,0,22,8,0.0,116.62,0.49454545454545457,0.0,12.0,5.3,355,0.7492957746478873,2
21700,BIG DOUGHNUT FRIDGE MAGNETS,1076.1,58,1266,36,86,12,30.599999999999998,1045.5,0.85,0.027649769585253458,15.0,12.16,370,3.518918918918919,3
21703,BAG 125g SWIRLY MARBLES,3431.35,175,9272,86,248,12,36.120000000000005,3395.23,0.42734126984126986,0.009189997862791194,38.0,13.69,373,25.08847184986595,3
21704,BAG 250g SWIRLY MARBLES,3856.3799999999997,137,5004,5,200,12,3.86,3852.5199999999995,0.8622885572139303,0.0009982032341784787,25.0,19.26,373,13.428954423592494,3
21705,BAG 500g SWIRLY MARBLES,1299.2099999999998,89,1377,20,113,12,31.599999999999998,1267.61,1.5162608695652173,0.014316392269148175,12.0,11.22,373,3.745308310991957,3
21706,FOLDING UMBRELLA RED/WHITE POLKADOT,1129.63,53,228,0,68,12,0.0,1129.63,5.076764705882353,0.0,3.0,16.61,370,0.6162162162162163,2
21707,FOLDING UMBRELLA BLACKBLUE POLKADOT,601.22,44,120,0,47,11,0.0,601.22,5.148297872340425,0.0,3.0,12.79,356,0.33707865168539325,2
21708,FOLDING UMBRELLA CREAM POLKADOT,677.5,28,138,1,33,10,4.95,672.5500000000001,4.907575757575758,0.007194244604316547,4.0,20.38,362,0.3839779005524862,0
21709,FOLDING UMBRELLA CHOCOLATE POLKADOT,430.06,30,87,0,31,11,0.0,430.06,5.089032258064516,0.0,3.0,13.87,359,0.24233983286908078,1
21710,FOLDING UMBRELLA PINKWHITE POLKADOT,412.41,29,84,0,31,11,0.0,412.41,5.066451612903226,0.0,3.0,13.3,359,0.233983286908078,1
21711,FOLDING UMBRELLA WHITE/RED POLKADOT,420.1,22,86,0,23,11,0.0,420.1,4.889130434782609,0.0,4.0,18.27,359,0.2395543175487465,1
21713,CITRONELLA CANDLE FLOWERPOT,1429.2,103,692,16,130,12,32.35,1396.8500000000001,2.096212121212121,0.022598870056497175,5.0,10.74,366,1.9344262295081966,0
21714,CITRONELLA CANDLE GARDEN POT,1348.75,106,1079,20,131,12,25.0,1323.75,1.25,0.018198362147406732,8.0,10.1,370,2.9702702702702704,3
21715,GIRLS VINTAGE TIN SEASIDE BUCKET,2736.75,116,1141,0,138,12,0.0,2736.75,2.5176258992805756,0.0,8.0,19.83,373,3.058981233243968,2
21716,BOYS VINTAGE TIN SEASIDE BUCKET,2880.92,112,1190,8,138,12,20.4,2860.52,2.55231884057971,0.00667779632721202,9.0,20.73,371,3.22911051212938,3
21717,EASTER TIN BUCKET,931.95,34,405,0,38,4,0.0,931.95,2.5026315789473683,0.0,11.0,24.52,100,4.05,2
21718,RED METAL BEACH SPADE ,1612.42,106,1288,1,144,12,1.25,1611.17,1.2666896551724136,0.0007757951900698216,9.0,11.19,373,3.455764075067024,2
21719,LOVELY BONBON STICKER SHEET,255.85,29,301,0,34,11,0.0,255.85,0.85,0.0,9.0,7.52,362,0.8314917127071824,2
21720,CAKE SHOP  STICKER SHEET,48.449999999999996,8,57,0,8,6,0.0,48.449999999999996,0.85,0.0,7.0,6.06,232,0.24568965517241378,1
21721,CANDY SHOP  STICKER SHEET,148.75,19,175,0,20,9,0.0,148.75,0.85,0.0,9.0,7.44,327,0.5351681957186545,2
21722,SWEET PUDDING STICKER SHEET,55.24999999999999,14,65,1,16,10,0.85,54.4,0.85,0.015151515151515152,4.0,3.4,362,0.18232044198895028,1
21723,ALPHABET HEARTS STICKER SHEET,311.95,29,367,0,38,10,0.0,311.95,0.85,0.0,10.0,8.21,366,1.0027322404371584,2
21724,PANDA AND BUNNIES STICKER SHEET,316.2,43,372,0,57,12,0.0,316.2,0.85,0.0,7.0,5.55,373,0.9973190348525469,2
21725,SWEETIES  STICKERS,232.89999999999998,26,274,0,32,12,0.0,232.89999999999998,0.85,0.0,9.0,7.28,347,0.7896253602305475,2
21726,MULTI HEARTS  STICKERS,196.35,29,231,0,36,11,0.0,196.35,0.85,0.0,6.0,5.45,369,0.6260162601626016,2
21730,GLASS STAR FROSTED T-LIGHT HOLDER,2319.19,80,497,14,127,12,68.60000000000001,2250.59,4.9252343750000005,0.0273972602739726,4.0,17.72,372,1.3736559139784945,0
21731,RED TOADSTOOL LED NIGHT LIGHT,19831.71,266,12863,174,533,12,261.49999999999994,19570.21,1.6586827458256028,0.013346628825650074,24.0,36.72,374,34.85828877005348,3
21733,RED HANGING HEART T-LIGHT HOLDER,22595.190000000002,385,7749,57,692,12,152.95000000000002,22442.24,2.945555555555556,0.007302075326671791,11.0,32.43,373,20.927613941018766,3
21735,TWO DOOR CURIO CABINET,2551.95,61,210,33,95,10,382.95,2169.0,12.50842105263158,0.13580246913580246,3.0,22.83,288,0.84375,0
21736,GOLD SCROLL GLASS T-LIGHT HOLDER,137.22000000000003,5,80,3,6,5,1.17,136.05,1.6114285714285717,0.03614457831325301,14.0,22.68,124,0.6693548387096774,1
21738,COSY SLIPPER SHOES SMALL  RED ,126.85000000000001,17,43,0,18,8,0.0,126.85000000000001,2.95,0.0,2.0,7.05,324,0.13271604938271606,1
21739,COSY SLIPPER SHOES SMALL GREEN,411.54,38,141,0,48,8,0.0,411.54,2.878541666666667,0.0,3.0,8.57,373,0.3780160857908847,2
21741,COSY SLIPPER SHOES LARGE GREEN,386.45000000000005,27,131,0,28,8,0.0,386.45000000000005,2.95,0.0,5.0,13.8,349,0.3753581661891118,2
21742,LARGE ROUND WICKER PLATTER ,1142.4,75,192,0,89,12,0.0,1142.4,5.95,0.0,2.0,12.84,373,0.514745308310992,2
21743,STAR PORTABLE TABLE LIGHT ,750.7,29,274,9,33,8,26.55,724.15,2.9257575757575762,0.03180212014134275,9.0,21.94,287,0.9860627177700348,0
21744,SNOWFLAKE PORTABLE TABLE LIGHT ,1122.19,66,365,0,80,7,0.0,1122.19,3.1924390243902443,0.0,5.0,14.03,359,1.0167130919220055,2
21745,GAOLERS KEYS DECORATIVE GARDEN ,3400.94,115,926,4,206,12,15.0,3385.94,3.7782125603864736,0.004301075268817204,5.0,16.44,370,2.5135135135135136,3
21746,SMALL RED RETROSPOT WINDMILL,3521.7000000000003,122,2974,15,188,12,18.75,3502.9500000000003,1.2571052631578947,0.005018400802944129,16.0,18.63,358,8.349162011173185,3
21747,SMALL SKULL WINDMILL,527.53,31,437,12,43,11,15.0,512.53,1.2409302325581395,0.026726057906458798,10.0,11.92,346,1.2976878612716762,0
21749,LARGE RED RETROSPOT WINDMILL,3645.0000000000005,80,1900,8,110,12,16.8,3628.2000000000003,2.075,0.0041928721174004195,17.0,32.98,338,5.644970414201183,3
21750,LARGE SKULL WINDMILL,161.70000000000002,15,77,0,16,7,0.0,161.70000000000002,2.1,0.0,5.0,10.11,214,0.3598130841121495,1
21754,HOME BUILDING BLOCK WORD,15504.51,360,2633,11,700,12,65.05,15439.460000000001,6.016704545454545,0.00416036308623298,4.0,22.06,373,7.088471849865952,3
21755,LOVE BUILDING BLOCK WORD,11398.710000000001,337,1923,4,557,12,23.8,11374.91,6.017989323843417,0.0020757654385054488,3.0,20.42,374,5.152406417112299,3
21756,BATH BUILDING BLOCK WORD,4644.530000000001,168,778,2,243,12,11.9,4632.63,6.03844262295082,0.002564102564102564,3.0,19.06,373,2.091152815013405,0
21757,LIGHTHOUSE PRINTED METAL SIGN,29.700000000000003,3,6,0,3,2,0.0,29.700000000000003,4.95,0.0,2.0,9.9,40,0.15,1
21758,VINTAGE SHELLS PRINT,202.4,13,32,0,14,8,0.0,202.4,6.414285714285714,0.0,2.0,14.46,289,0.11072664359861592,1
21761,WOOD AND GLASS MEDICINE CABINET,299.5,10,10,0,10,8,0.0,299.5,29.95,0.0,1.0,29.95,368,0.02717391304347826,1
21763,VINTAGE WOODEN BAR STOOL,169.75,4,6,0,4,3,0.0,169.75,27.4625,0.0,2.0,42.44,183,0.03278688524590164,1
21769,VINTAGE POST OFFICE CABINET,607.6500000000001,2,11,0,2,1,0.0,607.6500000000001,66.36,0.0,6.0,303.83,6,1.8333333333333333,1
21770,OPEN CLOSED METAL SIGN,7296.51,263,1574,6,342,10,29.700000000000003,7266.81,4.9441982507288635,0.0037974683544303796,5.0,21.25,260,6.076923076923077,3
21773,DECORATIVE ROSE BATHROOM BOTTLE,693.52,50,920,0,59,12,0.0,693.52,1.0779661016949154,0.0,16.0,11.75,357,2.57703081232493,2
21774,DECORATIVE CATS BATHROOM BOTTLE,647.03,39,835,1,53,12,1.25,645.78,1.1524528301886792,0.0011961722488038277,16.0,12.18,360,2.3222222222222224,2
21775,DECORATIVE FLORE BATHROOM BOTTLE,313.91,34,283,3,42,10,3.75,310.16,1.2302380952380954,0.01048951048951049,7.0,7.38,323,0.8854489164086687,2
21777,RECIPE BOX WITH METAL HEART,55.65,5,7,5,5,1,39.75,15.9,7.95,0.4166666666666667,2.0,3.18,9,1.3333333333333333,0
21781,MA CAMPAGNE CUTLERY BOX,1997.55,52,137,21,89,8,283.15,1714.3999999999999,14.826404494382022,0.13291139240506328,2.0,19.26,222,0.7117117117117117,0
21784,SHOE SHINE BOX ,507.44999999999993,21,51,2,39,10,19.9,487.54999999999995,9.95,0.03773584905660377,1.0,12.5,274,0.19343065693430658,0
21785,RAIN PONCHO ,267.1,3,410,0,4,3,0.0,267.1,0.8,0.0,102.0,66.78,73,5.616438356164384,2
21786,POLKADOT RAIN HAT ,629.89,56,1730,22,90,12,9.24,620.65,0.4512631578947368,0.012557077625570776,19.0,6.9,373,4.697050938337801,3
21787,RAIN PONCHO RETROSPOT,6962.08,115,8752,528,183,12,420.0,6542.08,0.862127659574468,0.056896551724137934,51.0,35.75,366,25.3551912568306,3
21788,KIDS RAIN MAC BLUE,933.53,61,1199,22,69,12,18.5,915.03,0.8497142857142856,0.018018018018018018,18.0,13.26,369,3.3089430894308944,3
21789,KIDS RAIN MAC PINK,672.5799999999999,55,796,20,69,12,17.0,655.5799999999999,0.8582857142857142,0.024509803921568627,12.0,9.5,366,2.2295081967213113,3
21790,VINTAGE SNAP CARDS,10441.47,449,13329,85,725,12,72.24999999999999,10369.22,0.8515374149659863,0.006336663187714329,19.0,14.3,374,35.86631016042781,3
21791,VINTAGE HEADS AND TAILS CARD GAME ,8500.16,342,7118,36,488,12,45.0,8455.16,1.2708739837398373,0.005032149846239866,15.0,17.33,373,19.179624664879356,3
21792,CLASSIC FRENCH STYLE BASKET GREEN ,1388.65,58,331,1,71,9,3.95,1384.7,4.580985915492958,0.0030120481927710845,5.0,19.5,231,1.4372294372294372,2
21793,CLASSIC FRENCH STYLE BASKET BROWN,1240.44,57,296,0,66,12,0.0,1240.44,4.293582089552239,0.0,4.0,18.79,345,0.8579710144927536,2
21794,CLASSIC FRENCH STYLE BASKET NATURAL,2064.4700000000003,79,501,3,95,11,11.850000000000001,2052.62,4.386526315789474,0.005952380952380952,5.0,21.61,329,1.5319148936170213,0
21801,CHRISTMAS TREE DECORATION WITH BELL,191.94,22,457,36,23,4,15.12,176.82,0.42,0.07302231237322515,21.0,7.69,332,1.4849397590361446,0
21802,CHRISTMAS TREE HEART DECORATION,418.74,45,997,1,47,7,0.42,418.32,0.42,0.001002004008016032,21.0,8.9,351,2.843304843304843,2
21803,CHRISTMAS TREE STAR DECORATION,462.41999999999996,46,1101,0,49,5,0.0,462.41999999999996,0.42,0.0,22.0,9.44,373,2.9517426273458445,2
21804,WHITE CHRISTMAS GARLAND STARS TREES,656.7,37,178,0,40,4,0.0,656.7,3.7236585365853654,0.0,4.0,16.42,366,0.48633879781420764,2
21807,WHITE CHRISTMAS STAR DECORATION,173.88,24,414,0,25,5,0.0,173.88,0.42,0.0,17.0,6.96,333,1.2432432432432432,2
21808,"CHRISTMAS GARLAND STARS,TREES",366.25,21,99,0,21,6,0.0,366.25,3.630952380952381,0.0,5.0,17.44,372,0.2661290322580645,1
21809,CHRISTMAS HANGING TREE WITH BELL,993.66,72,1857,0,85,8,0.0,993.66,0.7421348314606742,0.0,22.0,11.69,373,4.978552278820375,2
21810,CHRISTMAS HANGING STAR WITH BELL,2402.12,129,5200,59,175,8,73.75,2328.37,0.5788709677419355,0.011218862901692337,30.0,13.3,373,14.099195710455763,3
21811,CHRISTMAS HANGING HEART WITH BELL,270.0,16,216,0,17,2,0.0,270.0,1.25,0.0,13.0,15.88,358,0.6033519553072626,2
21811,HANGING HEART WITH BELL,1906.58,106,4112,48,139,10,18.72,1887.86,0.5559863945578232,0.011538461538461539,30.0,13.58,358,11.620111731843576,3
21812,GARLAND WITH HEARTS AND BELLS,1032.15,36,217,14,45,11,69.30000000000001,962.85,4.903333333333333,0.06060606060606061,5.0,21.4,365,0.6328767123287671,0
21813,GARLAND WITH STARS AND BELLS,1187.1000000000001,38,250,7,42,7,34.650000000000006,1152.45,4.901162790697675,0.027237354085603113,6.0,27.44,370,0.6945945945945946,0
21814,HEART T-LIGHT HOLDER ,102.95,11,71,0,12,5,0.0,102.95,1.4499999999999997,0.0,6.0,8.58,362,0.19613259668508287,1
21815,STAR  T-LIGHT HOLDER ,189.95,15,131,0,18,7,0.0,189.95,1.45,0.0,7.0,10.55,358,0.3659217877094972,2
21816,CHRISTMAS TREE T-LIGHT HOLDER,47.849999999999994,6,33,0,7,4,0.0,47.849999999999994,1.45,0.0,5.0,6.84,362,0.09116022099447514,1
21817,GLITTER CHRISTMAS TREE,405.14000000000004,48,902,0,54,5,0.0,405.14000000000004,0.5029824561403509,0.0,17.0,7.5,343,2.629737609329446,2
21818,GLITTER CHRISTMAS HEART ,222.7,17,262,0,18,1,0.0,222.7,0.8499999999999999,0.0,15.0,12.37,372,0.7043010752688172,2
21818,GLITTER HEART DECORATION,1056.3400000000001,104,2434,0,129,10,0.0,1056.3400000000001,0.463049645390071,0.0,19.0,8.19,372,6.543010752688172,2
21819,GLITTER CHRISTMAS STAR ,1053.46,95,2462,0,118,6,0.0,1053.46,0.49283464566929136,0.0,21.0,8.93,368,6.690217391304348,2
21820,GLITTER HEART GARLAND WITH BELLS ,1068.59,49,288,30,61,9,112.5,956.09,3.791746031746032,0.09433962264150944,5.0,15.67,368,0.8641304347826086,0
21821,GLITTER STAR GARLAND WITH BELLS ,825.45,35,223,12,41,6,45.0,780.45,3.732857142857143,0.05106382978723404,6.0,19.04,362,0.649171270718232,0
21822,GLITTER CHRISTMAS TREE WITH BELLS,527.65,46,573,3,60,4,4.6899999999999995,522.96,1.039375,0.005208333333333333,10.0,8.72,367,1.569482288828338,2
21823,PAINTED METAL HEART WITH HOLLY BELL,687.5899999999999,61,1195,0,69,9,0.0,687.5899999999999,0.7526315789473684,0.0,17.0,9.97,350,3.414285714285714,2
21824,PAINTED METAL STAR WITH HOLLY BELLS,697.61,63,1449,24,74,6,34.8,662.81,0.6102597402597403,0.016293279022403257,20.0,8.96,350,4.208571428571428,3
21826,EIGHT PIECE DINOSAUR SET,115.0,16,92,0,18,4,0.0,115.0,1.25,0.0,5.0,6.39,106,0.8679245283018868,2
21827,EIGHT PIECE CREEPY CRAWLIE SET,7.5,3,6,0,3,2,0.0,7.5,1.25,0.0,2.0,2.5,114,0.05263157894736842,1
21828,EIGHT PIECE SNAKE  SET,388.75,53,311,0,68,12,0.0,388.75,1.25,0.0,5.0,5.72,370,0.8405405405405405,2
21829,DINOSAUR KEYRINGS ASSORTED,1310.25,104,6354,108,132,11,22.68,1287.57,0.21225563909774436,0.016713091922005572,49.0,9.75,320,20.19375,3
21830,ASSORTED CREEPY CRAWLIES,1073.47,63,2551,48,90,12,20.16,1053.31,0.43782608695652175,0.01846864178530204,29.0,11.7,357,7.280112044817927,3
21832,CHOCOLATE CALCULATOR,1296.83,83,779,0,115,12,0.0,1296.83,1.7348275862068965,0.0,7.0,11.28,373,2.0884718498659516,2
21833,CAMOUFLAGE LED TORCH,4278.12,87,2628,30,123,12,50.7,4227.42,1.681869918699187,0.011286681715575621,22.0,34.37,371,7.164420485175202,3
21836,GINGHAM OVEN GLOVE RED HEART ,11.25,2,3,0,2,2,0.0,11.25,3.75,0.0,2.0,5.62,47,0.06382978723404255,1
21839,MUMMY MOUSE RED GINGHAM RIBBON,5.45,1,1,0,1,1,0.0,5.45,5.45,0.0,1.0,5.45,1,1.0,1
21841,BABY MOUSE RED GINGHAM DRESS,306.0,19,72,0,20,7,0.0,306.0,4.25,0.0,4.0,15.3,267,0.2696629213483146,1
21843,RED RETROSPOT CAKE STAND,17918.8,262,1808,321,462,12,2469.5499999999997,15449.249999999998,10.838012958963283,0.15077501174260216,5.0,33.44,373,5.7077747989276135,0
21844,RED RETROSPOT MUG,4969.150000000001,100,1813,20,145,12,58.60000000000001,4910.55,2.903424657534247,0.010911074740861976,13.0,33.87,371,4.940700808625337,3
21845,DAIRY MAID STRIPE MUG,1720.3000000000002,64,1906,52,90,12,75.64,1644.66,1.1215555555555556,0.026557711950970377,22.0,18.27,360,5.438888888888889,3
21846,PINK DIAMANTE PEN IN GIFT BOX,365.62,12,72,12,25,9,59.400000000000006,306.21999999999997,5.59,0.14285714285714285,3.0,12.25,366,0.22950819672131148,0
21847,GREEN  DIAMANTE PEN IN GIFT BOX,44.550000000000004,5,9,0,5,5,0.0,44.550000000000004,4.95,0.0,2.0,8.91,220,0.04090909090909091,1
21849,SILVER DIAMANTE PEN IN GIFT BOX,250.84000000000003,16,50,0,22,9,0.0,250.84000000000003,5.089166666666666,0.0,2.0,11.4,368,0.1358695652173913,1
21850,BLUE  DIAMANTE PEN IN GIFT BOX,271.8,12,60,36,22,7,153.0,118.80000000000001,4.886363636363637,0.375,4.0,5.4,370,0.2594594594594595,0
21851,LILAC DIAMANTE PEN IN GIFT BOX,138.72,12,26,0,15,9,0.0,138.72,5.617999999999999,0.0,2.0,9.25,351,0.07407407407407407,1
21864,UNION JACK FLAG PASSPORT COVER ,1190.3400000000001,65,609,20,97,12,42.0,1148.3400000000001,2.075151515151515,0.03179650238473768,6.0,11.84,372,1.6908602150537635,0
21865,PINK UNION JACK  PASSPORT COVER ,457.08000000000004,52,220,0,68,12,0.0,457.08000000000004,2.0881159420289856,0.0,3.0,6.72,368,0.5978260869565217,2
21866,UNION JACK FLAG LUGGAGE TAG,666.71,79,534,0,106,12,0.0,666.71,1.3029906542056073,0.0,5.0,6.29,373,1.4316353887399464,2
21867,PINK UNION JACK  LUGGAGE TAG,330.02,56,261,0,75,12,0.0,330.02,1.276547619047619,0.0,3.0,4.4,373,0.6997319034852547,2
21868,POTTING SHED TEA MUG,2924.48,153,2344,85,242,11,99.41,2825.07,1.331275720164609,0.03499382461918485,10.0,11.67,369,6.582655826558265,3
21870,I CAN ONLY PLEASE ONE PERSON MUG,1658.89,97,1349,26,140,7,32.5,1626.39,1.2473239436619719,0.01890909090909091,10.0,11.62,195,7.051282051282051,3
21871,SAVE THE PLANET MUG,6150.13,135,5264,673,281,12,721.1400000000001,5428.99,1.371298245614035,0.11335691426646455,21.0,19.32,374,15.87433155080214,3
21872,GLAMOROUS  MUG,1365.73,82,1265,16,121,12,17.72,1348.01,1.3555737704918032,0.01249024199843872,11.0,11.14,372,3.443548387096774,3
21873,IF YOU CAN'T STAND THE HEAT MUG,1748.59,62,1583,91,92,12,100.07000000000001,1648.52,1.2759782608695651,0.05436081242532855,18.0,17.92,373,4.487935656836461,3
21874,GIN AND TONIC MUG,3715.6099999999997,112,2845,22,201,12,27.71,3687.8999999999996,1.346318407960199,0.0076735263341471925,14.0,18.35,373,7.686327077747989,3
21875,KINGS CHOICE MUG,2249.56,85,2000,28,116,12,35.0,2214.56,1.3606837606837605,0.013806706114398421,17.0,19.09,372,5.451612903225806,3
21876,POTTERING MUG,4049.61,141,3541,42,205,12,58.9,3990.71,1.3826570048309177,0.011722020653084008,17.0,19.47,369,9.710027100271002,3
21877,HOME SWEET HOME MUG,6698.56,175,5340,1052,308,12,1134.32,5564.24,1.4109708737864077,0.16458072590738423,21.0,18.07,373,17.136729222520106,3
21878,PACK OF 6 SANDCASTLE FLAGS ASSORTED,1972.8999999999999,121,2396,13,154,12,11.049999999999999,1961.85,0.8524683544303797,0.005396430053964301,16.0,12.74,371,6.493261455525606,3
21879,HEARTS GIFT TAPE,301.93,52,1025,0,57,12,0.0,301.93,0.4596551724137931,0.0,18.0,5.3,362,2.8314917127071824,2
21880,RED RETROSPOT TAPE,668.94,84,1458,12,100,12,7.800000000000001,661.1400000000001,0.5498019801980198,0.00816326530612245,15.0,6.61,372,3.9516129032258065,3
21881,CUTE CATS TAPE,315.55,37,975,0,45,11,0.0,315.55,0.5708888888888889,0.0,22.0,7.01,369,2.6422764227642275,2
21882,SKULLS TAPE,189.98000000000002,35,598,0,38,10,0.0,189.98000000000002,0.5202564102564102,0.0,16.0,5.0,361,1.6565096952908587,2
21883,STARS GIFT TAPE ,581.0600000000001,82,1368,1,94,12,0.19,580.87,0.5527659574468086,0.0007304601899196494,15.0,6.18,372,3.6801075268817205,2
21884,CAKES AND BOWS GIFT  TAPE,318.81,43,1017,0,44,12,0.0,318.81,0.5036363636363637,0.0,23.0,7.25,367,2.7711171662125342,2
21888,BINGO SET,5718.21,211,1551,7,283,12,26.25,5691.96,3.832862190812721,0.004492939666238768,6.0,20.11,368,4.233695652173913,3
21889,WOODEN BOX OF DOMINOES,7200.95,336,5766,26,451,12,32.5,7168.45,1.2801295896328295,0.004488950276243094,13.0,15.89,373,15.528150134048257,3
21890,S/6 WOODEN SKITTLES IN COTTON BAG,3247.16,143,1070,4,177,12,12.5,3234.66,3.2392222222222227,0.0037243947858473,6.0,18.27,373,2.8793565683646114,3
21891,TRADITIONAL WOODEN SKIPPING ROPE,9998.32,265,7904,43,345,12,55.56999999999999,9942.75,1.392136752136752,0.005410846860450485,23.0,28.82,373,21.305630026809652,3
21892,TRADITIONAL WOODEN CATCH CUP GAME ,3651.75,235,2910,13,297,12,16.25,3635.5,1.2966666666666666,0.004447485460143688,10.0,12.24,371,7.878706199460916,3
21894,POTTING SHED SEED ENVELOPES,604.48,57,471,0,71,12,0.0,604.48,1.3172222222222223,0.0,7.0,8.51,373,1.262734584450402,2
21895,POTTING SHED SOW 'N' GROW SET,4.25,1,1,0,1,1,0.0,4.25,4.25,0.0,1.0,4.25,1,1.0,1
21896,POTTING SHED TWINE,2152.2000000000003,80,946,5,92,12,9.75,2142.45,2.100537634408602,0.005257623554153523,10.0,23.29,350,2.717142857142857,3
21897,POTTING SHED CANDLE CITRONELLA,1250.82,1,402,0,2,2,0.0,1250.82,2.88,0.0,201.0,625.41,34,11.823529411764707,2
21898,POTTING SHED ROSE CANDLE,1423.03,6,445,0,7,3,0.0,1423.03,3.0157142857142856,0.0,64.0,203.29,69,6.449275362318841,2
21899,GARAGE KEY FOB,489.20000000000005,81,730,0,115,6,0.0,489.20000000000005,0.7091379310344827,0.0,6.0,4.25,372,1.9623655913978495,2
21899,"KEY FOB , GARAGE DESIGN",1140.6200000000001,90,1870,43,107,8,27.950000000000003,1112.67,0.6477981651376147,0.02247778358599059,18.0,10.4,372,5.14247311827957,3
21900,"KEY FOB , SHED",1959.13,167,3081,5,267,12,3.25,1955.88,0.6856716417910448,0.0016202203499675956,12.0,7.33,372,8.295698924731182,3
21901,"KEY FOB , BACK DOOR ",1140.26,143,1742,9,235,12,5.8500000000000005,1134.41,0.6778512396694214,0.005139920045688178,7.0,4.83,372,4.706989247311828,3
21902,"KEY FOB , FRONT  DOOR ",1168.2800000000002,114,1902,8,162,12,5.2,1163.0800000000002,0.6782424242424242,0.004188481675392671,12.0,7.18,372,5.134408602150538,3
21903,MAN FLU METAL SIGN,2356.38,113,1127,13,155,12,27.300000000000004,2329.0800000000004,2.236322580645161,0.011403508771929825,7.0,15.03,369,3.089430894308943,3
21904,HOUSE WRECKING METAL SIGN ,105.0,21,50,0,23,6,0.0,105.0,2.1,0.0,2.0,4.57,172,0.29069767441860467,1
21905,MORE BUTTER METAL SIGN ,705.3100000000001,84,684,0,110,12,0.0,705.3100000000001,1.2827272727272727,0.0,6.0,6.41,368,1.858695652173913,2
21906,PHARMACIE FIRST AID TIN,3220.81,71,483,17,100,12,114.75,3106.06,6.733762376237624,0.034,5.0,31.06,368,1.358695652173913,0
21907,I'M ON HOLIDAY METAL SIGN,4757.35,208,2292,13,331,12,27.300000000000004,4730.05,2.113072289156627,0.005639913232104121,7.0,14.29,372,6.196236559139785,3
21908,CHOCOLATE THIS WAY METAL SIGN,7204.320000000001,220,3633,26,377,12,54.60000000000001,7149.72,2.1400785340314137,0.007105766602896966,10.0,18.96,372,9.836021505376344,3
21910,WAY OUT METAL SIGN ,59.39999999999999,8,36,0,8,3,0.0,59.39999999999999,1.65,0.0,4.0,7.42,74,0.4864864864864865,1
21911,GARDEN METAL SIGN ,173.24999999999997,18,105,12,21,4,19.799999999999997,153.45,1.65,0.10256410256410256,6.0,7.31,95,1.231578947368421,0
21912,VINTAGE SNAKES & LADDERS,5508.53,201,1571,0,268,12,0.0,5508.53,3.8400373134328363,0.0,6.0,20.55,373,4.2117962466487935,2
21913,VINTAGE SEASIDE JIGSAW PUZZLES,1142.53,72,305,3,91,12,11.25,1131.28,3.8275824175824176,0.00974025974025974,3.0,12.43,372,0.8279569892473119,0
21914,BLUE HARMONICA IN BOX ,9218.88,307,7431,36,519,12,45.0,9173.88,1.2807604562737642,0.004821213338690237,14.0,17.68,374,19.96524064171123,3
21915,RED  HARMONICA IN BOX ,23756.43,350,20945,63,569,12,78.75,23677.68,1.261048951048951,0.002998857578065499,37.0,41.61,372,56.473118279569896,3
21916,SET 12 RETRO WHITE CHALK STICKS,1771.12,156,4362,24,249,12,10.08,1761.04,0.43215686274509807,0.005471956224350205,18.0,7.07,374,11.727272727272727,3
21917,SET 12 KIDS  WHITE CHALK STICKS,1651.14,132,4090,13,188,12,5.46,1645.68,0.4274468085106383,0.003168413356080916,22.0,8.75,373,11.0,3
21918,SET 12 KIDS COLOUR  CHALK STICKS,2814.2799999999997,193,7012,16,285,12,6.72,2807.56,0.4270833333333333,0.0022766078542970974,25.0,9.85,373,18.841823056300267,3
21922,UNION STRIPE WITH FRINGE  HAMMOCK,5674.14,113,758,0,167,12,0.0,5674.14,7.950238095238096,0.0,5.0,33.98,370,2.0486486486486486,2
21925,UNION STRIPE CUSHION COVER ,503.75,38,403,6,69,12,7.5,496.25,1.25,0.014669926650366748,6.0,7.19,370,1.1054054054054054,0
21926,RED/CREAM STRIPE CUSHION COVER ,509.9,35,414,14,62,12,17.5,492.4,1.2469354838709679,0.03271028037383177,7.0,7.94,323,1.325077399380805,0
21927,BLUE/CREAM STRIPE CUSHION COVER ,769.9,42,622,39,106,12,48.75,721.15,1.2482242990654207,0.059001512859304085,6.0,6.8,365,1.810958904109589,0
21928,JUMBO BAG SCANDINAVIAN BLUE PAISLEY,14626.73,232,7754,265,459,11,479.58000000000004,14147.15,2.0558134490238613,0.03304651452799601,17.0,30.82,372,21.556451612903224,3
21928,JUMBO BAG SCANDINAVIAN PAISLEY,3426.75,76,1945,3,93,5,4.949999999999999,3421.8,1.9085106382978725,0.001540041067761807,21.0,36.79,372,5.236559139784946,3
21929,JUMBO BAG PINK VINTAGE PAISLEY,18427.9,308,9888,222,614,12,387.07,18040.83,2.038427876823339,0.02195845697329377,16.0,29.38,374,27.032085561497325,3
21930,JUMBO STORAGE BAG SKULLS,10865.83,220,5694,3,474,12,6.24,10859.59,2.027713097713098,0.000526592943654555,12.0,22.91,373,15.273458445040214,3
21931,JUMBO STORAGE BAG SUKI,21784.84,334,11513,334,791,12,602.33,21182.510000000002,2.028306148055207,0.028192791423989196,15.0,26.78,374,31.676470588235293,3
21932,SCANDINAVIAN PAISLEY PICNIC BAG,4357.06,218,2463,33,322,12,55.349999999999994,4301.71,1.8558282208588956,0.013221153846153846,8.0,13.36,370,6.745945945945946,3
21933,PINK VINTAGE PAISLEY PICNIC BAG,4289.26,198,2406,3,286,12,4.949999999999999,4284.3099999999995,1.8435153583617747,0.0012453300124533001,8.0,14.98,371,6.493261455525606,3
21934,SKULL SHOULDER BAG,2081.2,85,1288,10,144,12,16.5,2064.7,1.6458333333333333,0.007704160246533128,9.0,14.34,371,3.498652291105121,3
21935,SUKI  SHOULDER BAG,2824.37,121,1763,1,205,12,1.65,2822.72,1.6440776699029127,0.0005668934240362812,9.0,13.77,372,4.741935483870968,2
21936,RED RETROSPOT PICNIC BAG,10365.76,223,3756,56,397,12,157.10000000000002,10208.66,2.9441206030150755,0.014690451206715634,10.0,25.71,369,10.330623306233063,3
21937,STRAWBERRY   PICNIC BAG,4430.5,146,1590,16,212,8,47.2,4383.3,2.9274647887323946,0.009962640099626401,8.0,20.68,366,4.387978142076503,3
21942,SKULLS DESIGN FLANNEL,134.54999999999998,14,161,12,24,10,10.2,124.35,0.8308333333333332,0.06936416184971098,7.0,5.18,361,0.4792243767313019,0
21943,CAKES AND RABBITS DESIGN FLANNEL ,48.449999999999996,7,57,0,10,8,0.0,48.449999999999996,0.85,0.0,6.0,4.84,334,0.17065868263473055,1
21944,KITTENS DESIGN FLANNEL,177.88,24,232,0,33,9,0.0,177.88,0.7688235294117647,0.0,7.0,5.39,362,0.6408839779005525,2
21945,STRAWBERRIES  DESIGN FLANNEL ,190.79,27,225,0,29,10,0.0,190.79,0.8346666666666667,0.0,8.0,6.58,369,0.6097560975609756,2
21946,PARTY TIME DESIGN FLANNEL,58.9,8,72,0,11,8,0.0,58.9,0.8081818181818182,0.0,7.0,5.35,359,0.20055710306406685,1
21947,SET OF 6 HEART CHOPSTICKS,741.48,62,594,0,82,12,0.0,741.48,1.3603488372093022,0.0,7.0,9.04,368,1.6141304347826086,2
21948,SET OF 6 CAKE CHOPSTICKS,541.82,37,417,0,54,11,0.0,541.82,1.404,0.0,8.0,10.03,369,1.1300813008130082,2
21949,SET OF 6 STRAWBERRY CHOPSTICKS,725.49,46,613,0,59,10,0.0,725.49,1.305084745762712,0.0,10.0,12.3,369,1.6612466124661247,2
21955,DOORMAT UNION JACK GUNS AND ROSES,6619.41,108,1157,0,155,12,0.0,6619.41,7.755064102564102,0.0,7.0,42.71,371,3.118598382749326,2
21967,PACK OF 12 SKULL TISSUES,1504.9799999999998,129,5162,0,173,12,0.0,1504.9799999999998,0.32386363636363635,0.0,30.0,8.7,373,13.839142091152816,2
21972,SET OF 36 DINOSAUR PAPER DOILIES,423.4,37,292,2,41,11,2.9,420.49999999999994,1.45,0.006802721088435374,7.0,10.26,342,0.8596491228070176,2
21973,SET OF 36 MUSHROOM PAPER DOILIES,230.54999999999998,26,159,1,31,11,1.45,229.1,1.45,0.00625,5.0,7.39,357,0.4481792717086835,2
21974,SET OF 36 PAISLEY FLOWER DOILIES,2942.5099999999998,177,2036,61,235,12,88.44999999999999,2854.06,1.492936170212766,0.029089175011921792,9.0,12.14,371,5.652291105121294,3
21975,PACK OF 60 DINOSAUR CAKE CASES,5919.280000000001,289,12106,71,532,12,36.06,5883.22,0.5584798534798535,0.005830664367249733,23.0,11.06,373,32.64611260053619,3
21976,PACK OF 60 MUSHROOM CAKE CASES,2496.08,182,4936,29,278,12,15.950000000000001,2480.13,0.5523674911660779,0.005840886203423968,18.0,8.92,373,13.310991957104557,3
21977,PACK OF 60 PINK PAISLEY CAKE CASES,11611.0,411,24230,101,675,12,55.550000000000004,11555.45,0.5514076246334311,0.00415108298055978,36.0,17.12,373,65.23056300268097,3
21980,PACK OF 12 RED RETROSPOT TISSUES ,2002.7299999999998,193,6521,96,252,12,27.84,1974.8899999999999,0.3281349206349206,0.014508085235000755,26.0,7.84,373,17.739946380697052,3
21981,PACK OF 12 WOODLAND TISSUES ,1508.87,143,5281,7,191,12,2.73,1506.1399999999999,0.3372020725388601,0.00132375189107413,28.0,7.89,372,14.21505376344086,3
21982,PACK OF 12 SUKI TISSUES ,1995.05,182,6907,1,260,12,0.39,1994.6599999999999,0.34217228464419475,0.00014475969889982628,27.0,7.67,373,18.5201072386059,2
21983,PACK OF 12 BLUE PAISLEY TISSUES ,712.7299999999999,99,2223,24,125,12,6.959999999999999,705.77,0.35176,0.010680907877169559,18.0,5.65,371,6.056603773584905,3
21984,PACK OF 12 PINK PAISLEY TISSUES ,999.5999999999999,124,3294,24,158,12,6.959999999999999,992.6399999999999,0.354875,0.007233273056057866,21.0,6.28,373,8.89544235924933,3
21985,PACK OF 12 HEARTS DESIGN TISSUES ,2542.17,262,8541,0,354,12,0.0,2542.17,0.334438202247191,0.0,24.0,7.18,373,22.89812332439678,2
21986,PACK OF 12 PINK POLKADOT TISSUES,1129.79,118,3985,0,155,12,0.0,1129.79,0.33987261146496817,0.0,26.0,7.29,373,10.683646112600536,2
21987,PACK OF 6 SKULL PAPER CUPS,1254.74,106,2050,13,149,12,8.450000000000001,1246.2900000000002,0.6476623376623377,0.006301502666020358,14.0,8.36,370,5.575675675675676,3
21988,PACK OF 6 SKULL PAPER PLATES,1663.3,101,2194,0,147,12,0.0,1663.3,0.8401342281879194,0.0,15.0,11.31,370,5.92972972972973,2
21989,PACK OF 20 SKULL PAPER NAPKINS,1672.6899999999998,130,2065,0,205,12,0.0,1672.6899999999998,0.8464903846153846,0.0,10.0,8.16,371,5.566037735849057,2
21990,MODERN FLORAL STATIONERY SET,1734.6,128,1212,12,178,12,15.0,1719.6,1.499281767955801,0.00980392156862745,7.0,9.66,372,3.2903225806451615,3
21991,BOHEMIAN COLLAGE STATIONERY SET,675.53,80,471,12,103,11,15.0,660.53,1.50875,0.024844720496894408,5.0,6.41,369,1.3089430894308942,0
21992,VINTAGE PAISLEY STATIONERY SET,1640.29,160,1151,0,199,12,0.0,1640.29,1.5270243902439025,0.0,6.0,8.24,350,3.2885714285714287,2
21993,FLORAL FOLK STATIONERY SET,1927.3500000000001,151,1360,12,206,12,15.0,1912.3500000000001,1.5241346153846154,0.008746355685131196,7.0,9.28,371,3.69811320754717,3
22021,BLUE FELT EASTER EGG BASKET,577.4999999999999,60,350,0,64,4,0.0,577.4999999999999,1.65,0.0,5.0,9.02,106,3.30188679245283,2
22023,EMPIRE BIRTHDAY CARD,476.25,71,1131,12,85,12,5.04,471.21000000000004,0.4295348837209302,0.010498687664041995,13.0,5.54,370,3.0891891891891894,3
22024,RAINY LADIES BIRTHDAY CARD,918.91,90,2280,12,130,12,5.04,913.87,0.42846153846153845,0.005235602094240838,18.0,7.03,371,6.177897574123989,3
22025,RING OF ROSES BIRTHDAY CARD,702.0,73,1764,12,88,12,5.04,696.96,0.4152808988764045,0.006756756756756757,20.0,7.92,370,4.8,3
22026,BANQUET BIRTHDAY  CARD  ,642.24,71,1560,12,101,12,5.04,637.2,0.41821782178217815,0.007633587786259542,16.0,6.31,363,4.330578512396694,3
22027,TEA PARTY BIRTHDAY CARD,1692.71,180,4141,168,265,12,61.919999999999995,1630.79,0.42413533834586464,0.038988164307263866,16.0,6.15,372,11.583333333333334,3
22028,PENNY FARTHING BIRTHDAY CARD,1198.45,124,2903,12,186,12,5.04,1193.41,0.4309090909090909,0.00411663807890223,16.0,6.42,372,7.836021505376344,3
22029,SPACEBOY BIRTHDAY CARD,3120.14,234,7834,12,395,12,5.04,3115.1,0.423459595959596,0.0015294417537598777,20.0,7.89,372,21.091397849462364,3
22030,SWALLOWS GREETING CARD,2120.55,179,5337,0,242,11,0.0,2120.55,0.41921810699588474,0.0,22.0,8.76,373,14.308310991957105,2
22031,BOTANICAL LAVENDER BIRTHDAY CARD,158.61,28,363,12,33,12,5.04,153.57,0.4696969696969697,0.032,11.0,4.65,371,1.0107816711590296,0
22032,BOTANICAL LILY GREETING CARD,151.62,28,361,0,31,11,0.0,151.62,0.42,0.0,12.0,4.89,345,1.046376811594203,2
22033,BOTANICAL ROSE GREETING CARD,141.12,20,336,0,21,7,0.0,141.12,0.42000000000000004,0.0,16.0,6.72,219,1.5342465753424657,2
22034,ROBIN CHRISTMAS CARD,1.26,2,3,12,2,2,5.04,-3.7800000000000002,0.42,0.8,8.0,-1.89,31,0.4838709677419355,1
22035,VINTAGE CARAVAN GREETING CARD ,569.02,65,1394,0,87,11,0.0,569.02,0.42666666666666664,0.0,16.0,6.54,319,4.369905956112853,2
22037,ROBOT BIRTHDAY CARD,1552.96,173,3747,0,257,12,0.0,1552.96,0.42065891472868217,0.0,15.0,6.04,372,10.07258064516129,2
22038,BOTANICAL LAVENDER GIFT WRAP ,199.5,19,475,0,19,9,0.0,199.5,0.42,0.0,25.0,10.5,307,1.5472312703583062,2
22039,BOTANICAL LILY GIFT WRAP,105.0,6,250,25,8,5,10.5,94.5,0.42,0.09090909090909091,34.0,11.81,198,1.3888888888888888,0
22040,BOTANICAL ROSE GIFT WRAP,304.5,27,725,0,28,11,0.0,304.5,0.42,0.0,26.0,10.88,336,2.1577380952380953,2
22041,"RECORD FRAME 7"" SINGLE SIZE ",8450.82,73,3812,38,200,12,93.75,8357.07,2.4918719211822657,0.009870129870129871,19.0,41.79,372,10.349462365591398,3
22042,CHRISTMAS CARD SINGING ANGEL,151.2,24,360,12,26,6,5.04,146.16,0.42,0.03225806451612903,14.0,5.62,369,1.008130081300813,0
22043,CHRISTMAS CARD SCREEN PRINT ,283.32,40,1188,0,43,7,0.0,283.32,0.23674418604651162,0.0,28.0,6.59,365,3.254794520547945,2
22044,CHRISTMAS CARD STACK OF PRESENTS,196.44,35,816,0,36,6,0.0,196.44,0.2602777777777778,0.0,23.0,5.46,341,2.3929618768328447,2
22045,SPACEBOY GIFT WRAP,2652.34,148,6477,50,208,12,21.0,2631.34,0.41865384615384615,0.007660487206986364,31.0,12.65,371,17.59299191374663,3
22046,TEA PARTY  WRAPPING PAPER ,929.0,62,2250,34,77,12,14.28,914.72,0.4189610389610389,0.0148861646234676,30.0,11.88,350,6.525714285714286,3
22047,EMPIRE GIFT WRAP,1363.0,93,3350,25,106,12,10.5,1352.5,0.41792452830188676,0.007407407407407408,32.0,12.76,358,9.427374301675977,3
22048,BIRTHDAY BANQUET GIFT WRAP,393.5,32,975,25,33,11,10.5,383.0,0.41757575757575754,0.025,30.0,11.61,363,2.7548209366391183,3
22049,WRAP CHRISTMAS SCREEN PRINT,270.5,27,1000,25,32,4,10.5,260.0,0.2690625,0.024390243902439025,32.0,8.12,323,3.1733746130030958,3
22050,PINK PAISLEY ROSE GIFT WRAP,498.5,37,1225,25,41,12,10.5,488.0,0.4180487804878049,0.02,30.0,11.9,365,3.4246575342465753,3
22051,BLUE SCANDINAVIAN PAISLEY WRAP,409.5,36,975,0,39,12,0.0,409.5,0.42,0.0,25.0,10.5,352,2.7698863636363638,2
22052,VINTAGE CARAVAN GIFT WRAP,239.82,22,571,25,24,6,10.5,229.32,0.42,0.04194630872483222,25.0,9.56,218,2.7339449541284404,3
22053,EMPIRE DESIGN ROSETTE,3596.4199999999996,23,4236,0,26,10,0.0,3596.4199999999996,1.2261538461538461,0.0,163.0,138.32,334,12.682634730538922,2
22055,MINI CAKE STAND  HANGING STRAWBERY,1661.78,103,1251,23,149,12,37.75,1624.03,1.4514935064935064,0.01805337519623234,9.0,10.9,364,3.5,3
22057,CERAMIC PLATE STRAWBERRY DESIGN,648.18,46,578,48,60,12,71.52,576.66,1.262,0.07667731629392971,10.0,9.61,366,1.710382513661202,0
22059,CERAMIC STRAWBERRY DESIGN MUG,1960.47,85,1739,24,150,12,35.76,1924.71,1.3092207792207793,0.013613159387407828,12.0,12.83,373,4.726541554959786,3
22060,LARGE CAKE STAND HANGING HEARTS,1111.05,32,231,16,40,6,87.2,1023.85,5.524390243902439,0.06477732793522267,6.0,25.6,172,1.436046511627907,0
22061,LARGE CAKE STAND  HANGING STRAWBERY,3854.68,87,564,16,144,12,149.04999999999998,3705.63,9.029444444444444,0.027586206896551724,4.0,25.73,372,1.5591397849462365,0
22062,CERAMIC BOWL WITH LOVE HEART DESIGN,599.74,44,590,6,54,11,4.9799999999999995,594.76,1.139322033898305,0.010067114093959731,11.0,11.01,303,1.966996699669967,2
22063,CERAMIC BOWL WITH STRAWBERRY DESIGN,1106.5500000000002,56,537,6,86,12,17.700000000000003,1088.8500000000001,2.7180898876404496,0.011049723756906077,6.0,12.66,365,1.4876712328767123,0
22064,PINK DOUGHNUT TRINKET POT ,2132.7,87,1602,35,178,12,56.15,2076.5499999999997,1.6342391304347825,0.021380574221136223,9.0,11.67,373,4.388739946380697,3
22065,CHRISTMAS PUDDING TRINKET POT ,2883.44,132,6430,22,173,8,22.02,2861.42,0.6314754098360655,0.0034097954122752636,37.0,16.54,371,17.390835579514825,3
22066,LOVE HEART TRINKET POT,1029.1399999999999,100,2232,5,133,12,1.9500000000000002,1027.19,0.615985401459854,0.002235136343316942,17.0,7.72,352,6.355113636363637,3
22067,CHOC TRUFFLE GOLD TRINKET POT ,562.53,33,385,6,51,12,9.1,553.43,1.5173076923076922,0.015345268542199489,8.0,10.85,371,1.0539083557951483,0
22068,BLACK PIRATE TREASURE CHEST,502.37999999999994,57,432,13,83,11,21.449999999999996,480.92999999999995,1.4249999999999998,0.029213483146067417,5.0,5.79,374,1.1898395721925135,0
22069,BROWN  PIRATE TREASURE CHEST ,237.47999999999996,26,218,0,37,10,0.0,237.47999999999996,1.417894736842105,0.0,6.0,6.42,369,0.5907859078590786,2
22070,SMALL RED RETROSPOT MUG IN BOX ,2030.68,64,873,296,89,12,336.54,1694.14,3.847666666666667,0.25320786997433703,13.0,19.04,372,3.14247311827957,0
22071,SMALL WHITE RETROSPOT MUG IN BOX ,1295.04,65,710,286,77,12,180.5,1114.54,3.56,0.28714859437751006,13.0,14.47,372,2.6774193548387095,0
22072,RED RETROSPOT TEA CUP AND SAUCER ,2519.19,91,807,19,148,12,71.25,2447.94,3.477368421052631,0.023002421307506054,6.0,16.54,371,2.2264150943396226,0
22073,RED RETROSPOT STORAGE JAR,1067.1,38,298,12,47,6,45.0,1022.1,3.7059183673469387,0.03870967741935484,7.0,21.75,150,2.066666666666667,0
22074,6 RIBBONS SHIMMERING PINKS ,772.9399999999999,61,1000,12,76,11,19.799999999999997,753.14,1.2164935064935065,0.011857707509881422,13.0,9.91,374,2.7058823529411766,3
22075,6 RIBBONS ELEGANT CHRISTMAS ,2004.9199999999998,96,1538,12,121,8,19.799999999999997,1985.12,1.5277235772357722,0.007741935483870968,13.0,16.41,374,4.144385026737968,3
22076,6 RIBBONS EMPIRE  ,1302.7199999999998,96,1034,0,113,12,0.0,1302.7199999999998,1.4291150442477873,0.0,9.0,11.53,371,2.7870619946091644,2
22077,6 RIBBONS RUSTIC CHARM,14969.839999999998,413,8594,34,732,12,56.099999999999994,14913.739999999998,1.7782195448460507,0.003940658321743162,12.0,20.37,374,23.06951871657754,3
22078,RIBBON REEL LACE DESIGN ,2584.8,105,1288,0,143,10,0.0,2584.8,2.0932432432432435,0.0,9.0,18.08,371,3.4716981132075473,2
22079,RIBBON REEL HEARTS DESIGN ,2808.89,190,1701,30,228,12,49.5,2759.39,1.6988311688311688,0.01733102253032929,8.0,12.1,368,4.703804347826087,3
22080,RIBBON REEL POLKADOTS ,1877.55,116,1167,10,127,7,16.5,1861.05,1.6468992248062015,0.008496176720475786,9.0,14.65,371,3.1725067385444743,3
22081,RIBBON REEL FLORA + FAUNA ,978.37,74,585,10,90,12,16.5,961.87,1.7401098901098901,0.01680672268907563,7.0,10.69,373,1.5951742627345844,0
22082,RIBBON REEL STRIPES DESIGN ,4154.33,250,2525,20,336,12,33.0,4121.33,1.6823976608187134,0.007858546168958742,8.0,12.27,372,6.841397849462366,3
22083,PAPER CHAIN KIT RETROSPOT,11935.310000000001,295,4265,47,448,12,138.65,11796.660000000002,2.9540979955456574,0.010899814471243042,10.0,26.33,374,11.529411764705882,3
22084,PAPER CHAIN KIT EMPIRE,13411.550000000001,278,4885,41,376,10,120.95,13290.6,2.907068062827225,0.00832318311002842,13.0,35.35,372,13.241935483870968,3
22085,PAPER CHAIN KIT SKULLS ,1415.65,62,507,0,73,12,0.0,1415.65,2.9283783783783788,0.0,7.0,19.39,366,1.3852459016393444,2
22086,PAPER CHAIN KIT 50'S CHRISTMAS ,42584.130000000005,615,15591,453,990,11,1160.35,41423.78,2.9343632773938797,0.028234854151084517,16.0,41.84,374,42.898395721925134,3
22087,PAPER BUNTING WHITE LACE,10243.400000000001,155,3772,76,265,7,223.8,10019.6,2.8803703703703705,0.01975051975051975,15.0,37.81,373,10.316353887399464,3
22088,PAPER BUNTING COLOURED LACE,4683.1,115,1698,56,172,8,149.2,4533.900000000001,2.9040229885057474,0.03192702394526796,10.0,26.36,217,8.08294930875576,3
22089,PAPER BUNTING VINTAGE PAISLEY,3395.55,142,1213,0,181,12,0.0,3395.55,2.9185792349726776,0.0,7.0,18.76,368,3.296195652173913,2
22090,PAPER BUNTING RETROSPOT,18785.99,325,6901,72,575,12,196.4,18589.59,2.899378238341969,0.010325541373870643,12.0,32.33,371,18.795148247978435,3
22091,EMPIRE TISSUE BOX,919.6700000000001,97,1937,7,131,12,8.75,910.9200000000001,0.5582442748091603,0.00360082304526749,15.0,6.95,369,5.2682926829268295,3
22092,BLUE PAISLEY TISSUE BOX,311.56,75,666,0,88,10,0.0,311.56,0.5076136363636364,0.0,8.0,3.54,372,1.7903225806451613,2
22093,MOTORING TISSUE BOX,804.8100000000001,115,1823,12,154,12,15.0,789.8100000000001,0.5257692307692308,0.006539509536784741,12.0,5.13,367,5.0,3
22094,RED RETROSPOT TISSUE BOX,930.0400000000001,119,2081,65,150,12,39.97,890.07,0.574640522875817,0.030288909599254427,14.0,5.93,373,5.753351206434316,3
22095,LADS ONLY TISSUE BOX,1427.59,72,1571,9,104,12,11.06,1416.53,0.6580180180180181,0.00569620253164557,15.0,13.62,373,4.2359249329758715,3
22096,PINK PAISLEY SQUARE TISSUE BOX ,561.75,89,1357,6,110,11,2.34,559.4100000000001,0.5213157894736842,0.004402054292002935,12.0,5.09,373,3.6541554959785523,2
22097,SWALLOW SQUARE TISSUE BOX,685.5500000000001,103,1577,10,133,12,3.9000000000000004,681.65,0.5302836879432624,0.00630119722747322,12.0,5.13,373,4.254691689008043,3
22098,BOUDOIR SQUARE TISSUE BOX,910.08,98,1955,75,149,12,30.11,879.97,0.6620645161290323,0.03694581280788178,14.0,5.91,373,5.442359249329758,3
22099,CARAVAN SQUARE TISSUE BOX,703.57,96,1399,9,123,12,11.25,692.32,0.61171875,0.006392045454545455,11.0,5.63,373,3.774798927613941,3
22100,SKULLS SQUARE TISSUE BOX,304.17,34,727,0,38,10,0.0,304.17,0.6389473684210527,0.0,19.0,8.0,370,1.9648648648648648,2
22101,MIRROR MOSAIC VOTIVE HOLDER,631.62,21,837,324,25,10,126.36,505.26000000000005,1.8748000000000002,0.27906976744186046,46.0,20.21,365,3.180821917808219,0
22102,MIRROR MOSAIC T-LIGHT HOLDER ,715.05,13,1533,720,19,10,280.8,434.25,1.4510526315789474,0.3195739014647137,119.0,22.86,353,6.38243626062323,3
22103,MIRROR MOSAIC T-LIGHT HOLDER ROUND,694.29,13,1153,482,18,8,201.66000000000003,492.63,1.3994444444444443,0.2948012232415902,91.0,27.37,285,5.7368421052631575,3
22104,MIRROR MOSAIC CANDLE PLATE,120.07,9,151,0,12,5,0.0,120.07,1.3641666666666667,0.0,13.0,10.01,240,0.6291666666666667,2
22105,MIRROR MOSAIC GOBLET CANDLE HOLDER,566.5,9,506,240,11,7,228.0,338.5,3.35,0.32171581769436997,68.0,30.77,318,2.3459119496855347,0
22106,MIRROR MOSAIC HURRICANE LAMP ,584.9,9,286,121,14,7,156.75,428.15000000000003,5.3428571428571425,0.2972972972972973,29.0,30.58,240,1.6958333333333333,0
22107,PIZZA PLATE IN BOX,962.48,46,291,21,73,12,76.25,886.23,3.538684210526316,0.0673076923076923,4.0,12.14,373,0.8364611260053619,0
22108,PING! MICROWAVE PLATE,246.53,16,101,0,28,8,0.0,246.53,2.855,0.0,4.0,8.8,359,0.28133704735376047,1
22109,FULL ENGLISH BREAKFAST PLATE,4985.55,101,1381,33,163,12,114.39,4871.16,3.830542168674699,0.02333804809052334,9.0,29.88,373,3.7908847184986594,3
22110,BIRD HOUSE HOT WATER BOTTLE,1562.06,116,617,2,155,11,5.1,1556.9599999999998,2.577361963190184,0.0032310177705977385,4.0,10.04,373,1.6595174262734584,2
22111,SCOTTIE DOG HOT WATER BOTTLE,20049.9,427,4248,129,663,12,544.45,19505.45,4.897679640718563,0.029472241261137764,7.0,29.42,374,11.703208556149733,3
22112,CHOCOLATE HOT WATER BOTTLE,23584.64,383,5152,80,707,12,344.88,23239.760000000002,4.869705469845722,0.01529051987767584,7.0,32.87,374,13.989304812834225,3
22113,GREY HEART HOT WATER BOTTLE,12148.9,339,3145,27,515,12,104.25,12044.65,4.031233644859813,0.008511979823455234,6.0,23.39,374,8.481283422459892,3
22114,HOT WATER BOTTLE TEA AND SYMPATHY,15386.07,325,3729,34,518,7,130.1,15255.97,4.211230769230769,0.00903534414031358,7.0,29.45,373,10.088471849865952,3
22115,METAL SIGN EMPIRE TEA,1706.8100000000002,152,1495,0,183,12,0.0,1706.8100000000002,1.5037297297297296,0.0,8.0,9.33,373,4.008042895442359,2
22116,METAL SIGN HIS DINNER IS SERVED,493.39000000000004,65,505,12,91,11,10.2,483.19,1.21989010989011,0.02321083172147002,6.0,5.31,371,1.3935309973045822,0
22117,METAL SIGN HER DINNER IS SERVED ,3802.5,58,1290,0,72,12,0.0,3802.5,2.785416666666667,0.0,18.0,52.81,371,3.477088948787062,2
22118,JOY WOODEN BLOCK LETTERS,742.63,67,217,0,78,10,0.0,742.63,4.2676923076923075,0.0,3.0,9.52,373,0.5817694369973191,2
22119,PEACE WOODEN BLOCK LETTERS,1699.66,82,342,1,104,12,6.95,1692.71,6.172264150943396,0.0029154518950437317,3.0,16.28,373,0.9195710455764075,0
22120,WELCOME  WOODEN BLOCK LETTERS,4826.67,121,502,12,169,12,119.39999999999999,4707.2699999999995,9.866331360946745,0.023346303501945526,3.0,27.85,368,1.3967391304347827,0
22121,NOEL WOODEN BLOCK LETTERS ,1924.94,94,332,1,115,10,5.95,1918.9900000000002,6.062413793103448,0.003003003003003003,3.0,16.69,373,0.8927613941018767,0
22123,PING MICROWAVE APRON,793.5999999999999,59,442,0,72,11,0.0,793.5999999999999,2.1576712328767123,0.0,6.0,11.02,369,1.1978319783197833,2
22124,SET OF 2 TEA TOWELS PING MICROWAVE,127.42,14,78,0,23,7,0.0,127.42,2.2886956521739132,0.0,3.0,5.54,164,0.47560975609756095,1
22125,UNION JACK HOT WATER BOTTLE ,23.8,1,4,0,1,1,0.0,23.8,5.95,0.0,4.0,23.8,1,4.0,1
22127,PARTY CONES CARNIVAL ASSORTED,479.7,20,402,0,20,4,0.0,479.7,1.2409523809523808,0.0,20.0,23.98,113,3.5575221238938055,2
22128,PARTY CONES CANDY ASSORTED,2042.69,62,1729,56,75,12,70.0,1972.69,1.2373333333333334,0.03137254901960784,24.0,26.3,371,4.811320754716981,3
22129,PARTY CONES CANDY DECORATION,233.27999999999997,6,296,0,8,3,0.0,233.27999999999997,1.4375,0.0,37.0,29.16,366,0.8087431693989071,2
22129,PARTY CONES CANDY TREE DECORATION,552.18,27,690,0,28,9,0.0,552.18,0.8360714285714286,0.0,25.0,19.72,366,1.8852459016393444,2
22130,PARTY CONE CHRISTMAS DECORATION ,1260.53,80,1505,145,90,9,104.52999999999999,1156.0,0.8472043010752688,0.08787878787878788,18.0,12.84,373,4.423592493297587,3
22131,FOOD CONTAINER SET 3 LOVE HEART ,3358.72,115,1884,1,181,12,1.95,3356.77,2.0393548387096776,0.0005305039787798408,10.0,18.55,370,5.094594594594595,2
22132,RED LOVE HEART SHAPE CUP,772.91,60,935,12,84,12,10.2,762.71,0.8561904761904762,0.012671594508975714,11.0,9.08,371,2.5525606469002695,3
22133,PINK LOVE HEART SHAPE CUP,585.78,41,702,0,60,11,0.0,585.78,0.8738333333333334,0.0,12.0,9.76,369,1.9024390243902438,2
22134,LADLE LOVE HEART RED ,2.52,1,6,0,1,1,0.0,2.52,0.42,0.0,6.0,2.52,366,0.01639344262295082,1
22134,MINI LADLE LOVE HEART RED ,252.24,28,630,0,54,12,0.0,252.24,0.4636363636363636,0.0,12.0,4.67,366,1.721311475409836,2
22135,LADLE LOVE HEART PINK,7.98,3,19,0,3,1,0.0,7.98,0.42,0.0,6.0,2.66,370,0.051351351351351354,1
22135,MINI LADLE LOVE HEART PINK,106.56,20,242,0,45,12,0.0,106.56,0.46555555555555556,0.0,5.0,2.37,370,0.654054054054054,2
22136,LOVE HEART SOCK HANGER,530.25,37,333,1,51,11,1.45,528.8,1.6424528301886792,0.0029940119760479044,7.0,10.37,334,1.0,2
22137,BATHROOM SET LOVE HEART DESIGN,191.0,9,68,0,11,6,0.0,191.0,2.913636363636364,0.0,6.0,17.36,251,0.27091633466135456,1
22138,BAKING SET 9 PIECE RETROSPOT ,22953.100000000002,585,4786,68,881,12,311.1,22642.0,4.983152542372881,0.014009064688916358,6.0,25.7,366,13.262295081967213,3
22139,RETROSPOT TEA SET CERAMIC 11 PC ,20426.23,489,4239,42,839,12,195.3,20230.93,4.995041617122473,0.009810791871058164,5.0,24.11,374,11.446524064171124,3
22141,CHRISTMAS CRAFT TREE TOP ANGEL,5015.080000000001,256,2443,8,351,8,16.8,4998.280000000001,2.1462290502793295,0.0032639738882088943,7.0,14.24,374,6.553475935828877,3
22142,CHRISTMAS CRAFT WHITE FAIRY ,4334.94,259,3070,11,323,7,15.95,4318.99,1.4963855421686747,0.0035702693930542034,10.0,13.37,373,8.26005361930295,3
22144,CHRISTMAS CRAFT LITTLE FRIENDS,7109.200000000001,319,3459,44,424,9,92.4,7016.8,2.1476674364896073,0.012560662289466172,8.0,16.55,374,9.366310160427808,3
22145,CHRISTMAS CRAFT HEART STOCKING ,63.0,1,30,0,1,1,0.0,63.0,2.1,0.0,30.0,63.0,1,30.0,1
22146,EASTER CRAFT IVY WREATH WITH CHICK,1.95,1,1,0,1,1,0.0,1.95,1.95,0.0,1.0,1.95,1,1.0,1
22147,FELTCRAFT BUTTERFLY HEARTS,8308.75,287,6123,877,444,12,1103.65,7205.099999999999,1.4636244541484718,0.12528571428571428,16.0,16.23,365,19.17808219178082,3
22148,EASTER CRAFT 4 CHICKS ,3355.35,148,1813,15,161,11,29.25,3326.1,1.9371951219512193,0.008205689277899343,11.0,20.66,334,5.473053892215569,3
22149,FELTCRAFT 6 FLOWER FRIENDS,11549.59,337,5882,623,470,12,1158.3,10391.29,2.102878151260504,0.09577248270561106,14.0,22.11,345,18.855072463768117,3
22150,3 STRIPEY MICE FELTCRAFT,5460.5,288,2914,11,406,12,21.45,5439.05,1.9641463414634146,0.0037606837606837607,7.0,13.4,373,7.841823056300268,3
22151,PLACE SETTING WHITE HEART,5912.19,175,14853,890,294,12,321.96,5590.23,0.42926910299003324,0.056533062313409134,54.0,19.01,373,42.206434316353885,3
22152,PLACE SETTING WHITE STAR,967.13,70,2350,4,95,12,1.68,965.4499999999999,0.43161616161616156,0.0016992353440951572,25.0,10.16,370,6.3621621621621625,2
22153,ANGEL DECORATION STARS ON DRESS,987.42,62,2399,70,89,8,29.400000000000002,958.02,0.4187234042553191,0.028351559335763468,28.0,10.76,373,6.619302949061662,3
22154,ANGEL DECORATION 3 BUTTONS ,1455.84,87,3528,7,114,7,2.94,1452.9,0.4194915254237288,0.0019801980198019802,31.0,12.74,369,9.579945799457995,3
22155,STAR DECORATION RUSTIC,924.42,67,2201,48,86,7,20.16,904.26,0.41999999999999993,0.0213428190306803,26.0,10.51,372,6.045698924731183,3
22156,HEART DECORATION WITH PEARLS ,1586.4599999999998,106,1873,105,165,12,88.21,1498.25,0.863764705882353,0.05308392315470172,12.0,9.08,367,5.389645776566757,3
22157,ANGEL DECORATION WITH LACE PADDED,180.2,11,212,0,11,2,0.0,180.2,0.85,0.0,19.0,16.38,269,0.7881040892193308,2
22158,3 HEARTS HANGING DECORATION RUSTIC,8013.71,201,2845,25,269,12,71.75,7941.96,2.9742962962962967,0.008710801393728223,11.0,29.52,370,7.756756756756757,3
22161,HEART DECORATION RUSTIC HANGING ,855.9200000000001,118,4138,24,154,11,4.5600000000000005,851.36,0.23116959064327486,0.005766458433445459,27.0,5.53,369,11.279132791327914,3
22162,HEART GARLAND RUSTIC PADDED,312.7,21,108,11,29,11,32.45,280.25,2.8548387096774195,0.09243697478991597,4.0,9.66,355,0.3352112676056338,0
22163,HEART STRING MEMO HOLDER HANGING,580.94,41,626,25,51,10,19.75,561.19,1.360566037735849,0.03840245775729647,13.0,11.0,365,1.7835616438356163,0
22164,STRING OF STARS CARD HOLDER,209.45000000000005,11,71,0,12,5,0.0,209.45000000000005,2.9500000000000006,0.0,6.0,17.45,362,0.19613259668508287,1
22165,"DIAMANTE HEART SHAPED WALL MIRROR, ",1490.65,27,267,1,39,12,12.75,1477.9,10.39102564102564,0.0037313432835820895,7.0,37.89,324,0.8271604938271605,0
22166,WALL MIRROR RECTANGLE DIAMANTE PINK,489.9000000000001,13,122,3,18,12,23.85,466.05000000000007,7.672222222222222,0.024,7.0,25.89,363,0.3443526170798898,0
22167, OVAL WALL MIRROR DIAMANTE ,1050.0,41,121,5,62,11,49.75,1000.25,9.696825396825396,0.03968253968253968,2.0,16.13,366,0.3442622950819672,0
22168,ORGANISER WOOD ANTIQUE WHITE ,1171.3,71,140,13,85,5,110.5,1060.8,8.39,0.08496732026143791,2.0,12.48,133,1.150375939849624,0
22169,FAMILY ALBUM WHITE PICTURE FRAME,8408.14,165,1074,30,302,12,242.25,8165.89,8.380099337748344,0.02717391304347826,4.0,27.04,372,2.967741935483871,0
22170,PICTURE FRAME WOOD TRIPLE PORTRAIT,6378.150000000001,142,1023,19,230,12,118.65,6259.5,6.743739130434783,0.018234165067178502,5.0,27.22,372,2.8010752688172045,0
22171,3 HOOK PHOTO SHELF ANTIQUE WHITE,12160.08,173,1706,110,320,12,859.35,11300.73,8.36346875,0.0605726872246696,6.0,35.31,373,4.868632707774799,0
22173,METAL 4 HOOK HANGER FRENCH CHATEAU,6267.39,210,2149,101,343,11,279.77,5987.62,3.06606936416185,0.04488888888888889,7.0,17.46,373,6.032171581769437,3
22174,PHOTO CUBE,3997.91,104,2667,0,169,12,0.0,3997.91,1.728081395348837,0.0,16.0,23.66,371,7.188679245283019,2
22175,PINK OWL SOFT TOY,2379.05,85,839,2,141,12,5.9,2373.15,2.9414893617021276,0.0023781212841854932,6.0,16.83,372,2.260752688172043,2
22176,BLUE OWL SOFT TOY,1420.4,62,488,2,100,11,5.9,1414.5000000000002,2.946078431372549,0.004081632653061225,5.0,14.15,335,1.462686567164179,2
22178,VICTORIAN GLASS HANGING T-LIGHT,28735.36,403,22404,449,839,12,623.65,28111.71,1.431767497034401,0.019647311075132366,27.0,33.51,374,61.10427807486631,3
22179,SET 10 LIGHTS NIGHT OWL,2593.65,54,407,8,82,6,54.0,2539.65,6.701807228915663,0.01927710843373494,5.0,30.97,373,1.1126005361930296,0
22179,SET 10 NIGHT OWL LIGHTS,2510.34,59,388,21,102,8,124.95,2385.39,6.751346153846153,0.05134474327628362,4.0,23.39,373,1.096514745308311,0
22180,RETROSPOT LAMP,2922.85,93,299,20,143,11,194.64999999999998,2728.2,9.90944055944056,0.06269592476489028,2.0,19.08,329,0.9696048632218845,0
22181,SNOWSTORM PHOTO FRAME FRIDGE MAGNET,477.96999999999997,40,577,27,48,11,22.95,455.02,0.8472916666666667,0.04470198675496689,13.0,9.48,362,1.6685082872928176,0
22182,CAKE STAND VICTORIAN FILIGREE SMALL,713.8000000000001,30,204,3,38,9,14.850000000000001,698.95,4.463157894736842,0.014492753623188406,5.0,18.39,337,0.6142433234421365,0
22183,CAKE STAND VICTORIAN FILIGREE MED,466.95000000000005,16,74,2,19,8,8.95,458.0,6.228947368421053,0.02631578947368421,4.0,24.11,348,0.21839080459770116,0
22184,CAKE STAND VICTORIAN FILIGREE LARGE,68.0,5,8,2,6,2,17.0,51.0,8.5,0.2,2.0,8.5,53,0.18867924528301888,0
22185,SLATE TILE NATURAL HANGING,1974.1999999999998,111,1390,0,126,12,0.0,1974.1999999999998,1.5909375,0.0,11.0,15.67,373,3.7265415549597853,2
22186,RED STAR CARD HOLDER,1723.79,112,801,53,122,8,132.14999999999998,1591.64,2.312276422764228,0.06206088992974239,7.0,13.05,371,2.30188679245283,0
22187,GREEN CHRISTMAS TREE CARD HOLDER,2562.27,124,1183,4,148,8,14.7,2547.5699999999997,2.579066666666667,0.003369839932603201,8.0,17.21,372,3.1908602150537635,3
22188,BLACK HEART CARD HOLDER,12257.95,123,4843,1,167,12,3.95,12254.0,3.798802395209581,0.00020644095788604458,29.0,73.38,373,12.986595174262735,3
22189,CREAM HEART CARD HOLDER,22687.920000000002,274,8188,8,457,12,31.6,22656.32,3.8768627450980393,0.0009760858955588092,18.0,49.58,373,21.97319034852547,3
22190,LOCAL CAFE MUG,785.13,38,566,0,52,11,0.0,785.13,1.8186538461538464,0.0,11.0,15.1,372,1.521505376344086,2
22191,IVORY DINER WALL CLOCK,11527.7,241,1419,344,407,12,2653.7000000000003,8874.0,8.460609756097561,0.1951219512195122,4.0,21.8,373,4.726541554959786,0
22192,BLUE DINER WALL CLOCK,7528.93,180,907,21,345,12,168.3,7360.63,8.481681159420289,0.022629310344827586,3.0,21.34,373,2.487935656836461,0
22193,RED DINER WALL CLOCK,11048.890000000001,207,1349,24,425,12,192.95000000000002,10855.94,8.493388235294118,0.01747997086671522,3.0,25.54,373,3.680965147453083,0
22194,BLACK DINER WALL CLOCK,450.5,24,53,2,34,8,17.0,433.5,8.5,0.03636363636363636,2.0,12.75,218,0.25229357798165136,0
22195,LARGE HEART MEASURING SPOONS,2836.9199999999996,148,1696,1,221,12,1.65,2835.2699999999995,1.7353097345132744,0.0005892751915144372,8.0,12.83,373,4.549597855227882,2
22196,SMALL HEART MEASURING SPOONS,2008.6299999999999,147,2379,29,251,12,24.13,1984.4999999999998,0.8697276264591439,0.012043189368770765,10.0,7.91,373,6.455764075067024,3
22197,POPCORN HOLDER,23417.51,296,30919,427,668,7,329.41,23088.1,0.8411320754716981,0.013622152746761948,47.0,34.56,374,83.81283422459893,3
22197,SMALL POPCORN HOLDER,13789.369999999999,228,18241,44,417,10,37.14,13752.23,0.83270783847981,0.0024063439978124147,44.0,32.98,374,48.8903743315508,3
22198,LARGE POPCORN HOLDER ,1370.4499999999998,44,873,43,68,4,69.35,1301.1,1.6205882352941174,0.04694323144104803,13.0,19.13,152,6.026315789473684,3
22199,FRYING PAN RED POLKADOT ,4.25,1,1,0,1,1,0.0,4.25,4.25,0.0,1.0,4.25,369,0.0027100271002710027,1
22199,FRYING PAN RED RETROSPOT,1323.0,71,382,8,99,12,34.0,1289.0,3.8055555555555554,0.020512820512820513,4.0,13.02,369,1.056910569105691,0
22200,FRYING PAN PINK POLKADOT,1209.54,51,326,4,77,12,15.0,1194.54,3.8851282051282054,0.012121212121212121,4.0,15.51,371,0.889487870619946,0
22201,FRYING PAN BLUE POLKADOT,366.0,29,108,2,42,12,8.5,357.5,3.8095238095238093,0.01818181818181818,3.0,8.51,364,0.3021978021978022,0
22202,MILK PAN PINK POLKADOT,146.25,16,39,1,18,5,3.75,142.5,3.75,0.025,2.0,7.92,155,0.25806451612903225,1
22203,MILK PAN RED RETROSPOT,996.13,75,310,2,93,12,7.5,988.63,3.560967741935484,0.00641025641025641,3.0,10.63,368,0.8478260869565217,0
22204,MILK PAN BLUE POLKADOT,302.5,23,96,5,32,11,18.75,283.75,3.371212121212121,0.04950495049504951,3.0,8.87,360,0.28055555555555556,0
22207,FRYING PAN UNION FLAG,4727.11,68,1199,75,117,12,282.25,4444.86,4.423675213675213,0.05886970172684458,11.0,37.99,371,3.4339622641509435,0
22208,WOOD STAMP SET THANK YOU,1229.12,148,1283,13,201,12,11.61,1217.51,0.993816425120773,0.010030864197530864,6.0,6.06,372,3.4838709677419355,3
22209,WOOD STAMP SET HAPPY BIRTHDAY,798.67,100,820,12,122,12,9.959999999999999,788.7099999999999,0.9939837398373983,0.014423076923076924,7.0,6.46,372,2.236559139784946,3
22210,WOOD STAMP SET BEST WISHES,820.91,117,912,0,142,11,0.0,820.91,0.9662837837837838,0.0,6.0,5.78,372,2.4516129032258065,2
22211,WOOD STAMP SET FLOWERS,806.7299999999999,101,782,48,127,12,69.6,737.13,0.9859848484848486,0.05783132530120482,7.0,5.8,366,2.26775956284153,0
22212,FOUR HOOK  WHITE LOVEBIRDS,2904.8700000000003,146,1416,23,260,12,48.300000000000004,2856.57,2.1095849056603777,0.015983321751216122,6.0,10.99,372,3.868279569892473,3
22214,CANDLE PLATE LACE WHITE,246.7,18,114,0,21,11,0.0,246.7,2.3823809523809523,0.0,5.0,11.75,359,0.31754874651810583,2
22215,CAKE STAND WHITE TWO TIER LACE,2254.5,72,330,2,91,12,17.0,2237.5,7.435164835164835,0.006024096385542169,4.0,24.59,372,0.8924731182795699,0
22216,T-LIGHT HOLDER WHITE LACE,182.31,17,327,0,20,9,0.0,182.31,0.7144999999999999,0.0,16.0,9.12,290,1.1275862068965516,2
22217,T-LIGHT HOLDER HANGING LACE,646.26,63,764,40,65,12,50.0,596.26,0.9986153846153846,0.04975124378109453,12.0,9.17,373,2.155495978552279,0
22218,CAKE STAND LACE WHITE,4.25,1,1,0,1,1,0.0,4.25,4.25,0.0,1.0,4.25,1,1.0,1
22219,LOVEBIRD HANGING DECORATION WHITE ,2814.37,190,3367,26,314,12,22.099999999999998,2792.27,0.8608668730650155,0.007662835249042145,11.0,8.89,372,9.120967741935484,3
22220,CAKE STAND LOVEBIRD 2 TIER WHITE,1489.55,66,213,22,83,11,201.5,1288.05,8.548192771084338,0.09361702127659574,3.0,15.52,373,0.6300268096514745,0
22221,CAKE STAND LOVEBIRD 2 TIER PINK,964.4,38,124,2,46,12,19.9,944.5,9.157608695652174,0.015873015873015872,3.0,20.53,356,0.3539325842696629,0
22222,CAKE PLATE LOVEBIRD WHITE,2599.2,104,824,0,149,12,0.0,2599.2,4.307046979865772,0.0,6.0,17.44,371,2.221024258760108,2
22223,CAKE PLATE LOVEBIRD PINK,902.85,34,315,0,42,11,0.0,902.85,4.096511627906977,0.0,8.0,21.5,355,0.8873239436619719,2
22224,WHITE LOVEBIRD LANTERN,1970.65,89,687,4,117,12,11.8,1958.8500000000001,2.9059322033898307,0.005788712011577424,6.0,16.74,372,1.85752688172043,0
22227,HANGING HEART MIRROR DECORATION ,1276.8500000000001,83,1969,2,172,12,1.3,1275.5500000000002,0.6646739130434782,0.0010147133434804667,11.0,7.42,373,5.2841823056300266,2
22228,BUNNY WOODEN PAINTED WITH BIRD ,597.31,81,851,2,94,11,1.7,595.61,0.6982978723404255,0.0023446658851113715,9.0,6.34,364,2.3434065934065935,2
22229,BUNNY WOODEN PAINTED WITH FLOWER ,334.27,54,495,2,63,11,1.7,332.57,0.6730769230769231,0.004024144869215292,8.0,5.28,361,1.3767313019390581,2
22230,JIGSAW TREE WITH WATERING CAN,356.16999999999996,51,925,16,67,12,13.53,342.64,0.564927536231884,0.01700318809776833,14.0,5.11,360,2.613888888888889,3
22231,JIGSAW TREE WITH BIRDHOUSE,821.13,93,867,69,115,12,95.05,726.0799999999999,0.9605084745762711,0.07371794871794872,8.0,6.31,368,2.5434782608695654,3
22232,JIGSAW TOADSTOOLS 3 PIECE,506.42999999999995,54,623,64,66,12,54.72,451.71,0.9112121212121211,0.09315866084425037,10.0,6.84,361,1.9030470914127424,0
22233,JIGSAW RABBIT AND BIRDHOUSE,514.6999999999999,71,540,21,81,12,33.589999999999996,481.10999999999996,1.0442857142857143,0.0374331550802139,7.0,5.94,367,1.5286103542234333,0
22236,CAKE STAND 3 TIER MAGIC GARDEN,3624.5999999999995,67,308,45,99,12,508.94999999999993,3115.6499999999996,12.513636363636362,0.1274787535410765,4.0,31.47,350,1.0085714285714287,0
22241,GARLAND WOODEN HAPPY EASTER,2147.78,125,1762,4,168,12,4.8100000000000005,2142.9700000000003,1.2466470588235294,0.0022650056625141564,11.0,12.76,357,4.946778711484594,3
22242,5 HOOK HANGER MAGIC TOADSTOOL,964.3499999999999,23,631,34,30,3,56.099999999999994,908.2499999999999,1.63,0.05112781954887218,22.0,30.27,78,8.525641025641026,3
22243,5 HOOK HANGER RED MAGIC TOADSTOOL,4595.099999999999,71,3054,11,111,12,18.15,4576.95,1.632300884955752,0.0035889070146818925,28.0,41.23,364,8.42032967032967,3
22244,3 HOOK HANGER MAGIC GARDEN,2911.6499999999996,67,1615,16,102,11,31.2,2880.45,1.9266990291262134,0.009809932556713672,16.0,28.24,331,4.927492447129909,3
22245,"HOOK, 1 HANGER ,MAGIC GARDEN",965.26,44,1198,5,58,9,4.25,961.01,0.8433898305084745,0.004156275976724855,21.0,16.57,274,4.390510948905109,2
22246,"GARLAND, MAGIC GARDEN 1.8M",23.4,1,12,0,1,1,0.0,23.4,1.95,0.0,12.0,23.4,356,0.033707865168539325,1
22246,MAGIC GARDEN FELT GARLAND ,531.78,31,266,12,36,7,23.4,508.38,2.192222222222222,0.04316546762589928,8.0,14.12,356,0.7808988764044944,0
22247,BUNNY DECORATION MAGIC GARDEN,406.39,54,483,0,56,6,0.0,406.39,0.8477966101694915,0.0,9.0,7.26,323,1.4953560371517027,2
22248,DECORATION  PINK CHICK MAGIC GARDEN,320.53999999999996,43,382,20,46,7,17.0,303.53999999999996,0.8472916666666667,0.04975124378109453,9.0,6.6,319,1.2601880877742946,0
22249,DECORATION WHITE CHICK MAGIC GARDEN,530.49,73,629,4,76,8,3.4,527.09,0.8483544303797468,0.00631911532385466,8.0,6.94,347,1.824207492795389,2
22250,DECORATION  BUTTERFLY  MAGIC GARDEN,375.78999999999996,57,447,4,58,7,3.4,372.39,0.8477966101694915,0.008869179600886918,8.0,6.42,194,2.3247422680412373,2
22251,BIRDHOUSE DECORATION MAGIC GARDEN,642.94,67,518,16,75,11,20.0,622.94,1.2475324675324675,0.0299625468164794,7.0,8.31,360,1.4833333333333334,0
22252,BIRDCAGE DECORATION TEALIGHT HOLDER,761.57,48,643,6,68,12,7.5,754.07,1.2364285714285714,0.009244992295839754,10.0,11.09,369,1.7588075880758807,2
22254,FELT TOADSTOOL LARGE,706.02,33,594,0,41,11,0.0,706.02,1.2453658536585366,0.0,14.0,17.22,364,1.6318681318681318,2
22255,FELT TOADSTOOL  SMALL,460.7,33,542,0,44,12,0.0,460.7,0.85,0.0,12.0,10.47,368,1.4728260869565217,2
22256,FELT FARM ANIMAL CHICKEN,321.25,32,257,0,33,5,0.0,321.25,1.25,0.0,8.0,9.73,129,1.9922480620155039,2
22257,FELT FARM ANIMAL SHEEP,194.39,16,283,0,16,6,0.0,194.39,1.1577777777777778,0.0,18.0,12.15,319,0.8871473354231975,2
22258,FELT FARM ANIMAL RABBIT,543.9399999999999,35,722,7,38,7,8.75,535.1899999999999,1.1407894736842106,0.009602194787379973,19.0,14.08,346,2.106936416184971,2
22259,FELT FARM ANIMAL HEN,240.96,16,384,0,16,5,0.0,240.96,1.0547058823529412,0.0,24.0,15.06,133,2.887218045112782,2
22260,FELT EGG COSY BLUE RABBIT ,351.62,37,410,4,48,10,3.4,348.21999999999997,0.9111764705882353,0.00966183574879227,9.0,7.25,365,1.1342465753424658,2
22261,FELT EGG COSY WHITE RABBIT ,442.35999999999996,61,514,4,71,10,3.4,438.96,0.8921621621621622,0.007722007722007722,7.0,6.18,370,1.4,2
22262,FELT EGG COSY CHICKEN,785.12,62,920,5,92,11,4.25,780.87,0.8660824742268041,0.005405405405405406,10.0,8.49,371,2.4932614555256065,2
22263,FELT EGG COSY LADYBIRD ,124.83,14,255,49,19,6,32.34,92.49,0.858095238095238,0.1611842105263158,16.0,4.87,348,0.8735632183908046,0
22264,FELT FARM ANIMAL WHITE BUNNY ,517.07,38,1391,0,40,5,0.0,517.07,0.6614285714285715,0.0,35.0,12.93,126,11.03968253968254,2
22265,EASTER DECORATION NATURAL CHICK,331.50000000000006,42,510,0,48,10,0.0,331.50000000000006,0.65,0.0,11.0,6.91,357,1.4285714285714286,2
22266,EASTER DECORATION HANGING BUNNY,562.7,69,1860,0,78,12,0.0,562.7,0.46058823529411763,0.0,24.0,7.21,334,5.568862275449102,2
22267,EASTER DECORATION EGG BUNNY ,654.7,67,828,0,75,12,0.0,654.7,0.9683116883116883,0.0,11.0,8.73,332,2.4939759036144578,2
22268,DECORATION SITTING BUNNY,257.61,32,1335,39,42,7,7.41,250.20000000000002,0.205,0.028384279475982533,33.0,5.96,307,4.47557003257329,3
22268,EASTER DECORATION SITTING BUNNY,407.13,44,501,1,55,5,0.85,406.28,0.8477192982456141,0.00199203187250996,9.0,7.39,307,1.6351791530944626,2
22269,EGG CUP NATURAL CHICKEN,520.48,62,840,0,87,12,0.0,520.48,0.9270454545454545,0.0,10.0,5.98,358,2.346368715083799,2
22270,HAPPY EASTER HANGING DECORATION,770.22,35,210,7,45,10,25.89,744.33,3.7346808510638296,0.03225806451612903,5.0,16.54,344,0.6308139534883721,0
22271,FELTCRAFT DOLL ROSIE,4702.120000000001,181,1648,8,258,12,23.6,4678.52,2.9673846153846157,0.004830917874396135,6.0,18.13,359,4.612813370473537,3
22272,FELTCRAFT DOLL MARIA,553.1,44,194,1,47,6,2.95,550.15,2.941666666666667,0.005128205128205128,4.0,11.71,172,1.1337209302325582,2
22273,FELTCRAFT DOLL MOLLY,11748.24,212,4464,1447,298,12,3512.6499999999996,8235.59,2.9634883720930234,0.24479783454576215,20.0,27.64,373,15.847184986595174,3
22274,FELTCRAFT DOLL EMILY,3711.5000000000005,168,1294,7,233,12,20.650000000000002,3690.8500000000004,2.988454935622318,0.005380476556495004,6.0,15.84,371,3.5067385444743935,3
22275,WEEKEND BAG VINTAGE ROSE PAISLEY,527.85,1,69,0,1,1,0.0,527.85,7.65,0.0,69.0,527.85,1,69.0,1
22276,WASH BAG VINTAGE ROSE PAISLEY,645.15,53,253,7,64,12,17.85,627.3,2.55,0.026923076923076925,4.0,9.8,371,0.7008086253369272,0
22277,COSMETIC BAG VINTAGE ROSE PAISLEY,728.62,54,355,0,63,12,0.0,728.62,2.224920634920635,0.0,6.0,11.57,372,0.9543010752688172,2
22278,OVERNIGHT BAG VINTAGE ROSE PAISLEY,1202.8500000000001,59,243,6,85,12,29.700000000000003,1173.15,4.95,0.024096385542168676,3.0,13.8,371,0.6711590296495957,0
22279,POCKET BAG BLUE PAISLEY RED SPOT,574.66,44,477,1,47,10,1.25,573.41,1.2708163265306123,0.0020920502092050207,10.0,12.2,368,1.298913043478261,2
22280,POCKET BAG PINK PAISELY BROWN SPOT,223.63,26,176,0,30,10,0.0,223.63,1.3670967741935485,0.0,6.0,7.45,368,0.4782608695652174,2
22281,EASTER TREE YELLOW BIRDS,642.6,35,108,0,43,6,0.0,642.6,5.95,0.0,3.0,14.94,330,0.32727272727272727,2
22282,12 EGG HOUSE PAINTED WOOD,1425.27,39,111,1,65,12,12.75,1412.52,12.910153846153845,0.008928571428571428,2.0,21.73,353,0.31728045325779036,0
22283,6 EGG HOUSE PAINTED WOOD,2043.04,82,256,4,119,12,31.8,2011.24,8.015882352941176,0.015384615384615385,2.0,16.9,368,0.7065217391304348,0
22284,HEN HOUSE DECORATION,1442.1,79,874,13,101,12,21.449999999999996,1420.6499999999999,1.65,0.014656144306651634,9.0,14.07,369,2.4037940379403793,3
22285,"DECORATION HEN ON NEST, HANGING",64.35,3,39,0,3,1,0.0,64.35,1.6499999999999997,0.0,13.0,21.45,369,0.10569105691056911,1
22285,HANGING HEN ON NEST DECORATION,1310.1,72,794,0,87,12,0.0,1310.1,1.65,0.0,9.0,15.06,369,2.151761517615176,2
22286,"DECORATION , WOBBLY RABBIT , METAL ",448.79999999999995,30,272,0,34,5,0.0,448.79999999999995,1.65,0.0,8.0,13.2,347,0.7838616714697406,2
22286,DECORATION WOBBLY RABBIT METAL ,375.57,35,753,0,45,8,0.0,375.57,0.6699999999999999,0.0,17.0,8.35,347,2.170028818443804,2
22287,"DECORATION , WOBBLY CHICKEN, METAL ",374.54999999999995,27,227,0,28,4,0.0,374.54999999999995,1.65,0.0,8.0,13.38,322,0.7049689440993789,2
22287,DECORATION WOBBLY CHICKEN,256.11,25,521,12,30,8,4.68,251.42999999999998,0.6419999999999999,0.0225140712945591,18.0,8.38,322,1.65527950310559,2
22288,HANGING METAL RABBIT DECORATION,565.0,37,452,0,39,7,0.0,565.0,1.25,0.0,12.0,14.49,321,1.4080996884735202,2
22289,HANGING METAL CHICKEN DECORATION,152.5,19,122,0,19,6,0.0,152.5,1.25,0.0,6.0,8.03,279,0.43727598566308246,2
22291,HANGING CHICK CREAM DECORATION,1761.7499999999998,72,1215,24,91,11,34.8,1726.9499999999998,1.45,0.01937046004842615,14.0,18.98,351,3.52991452991453,3
22292,HANGING CHICK  YELLOW DECORATION,1515.6499999999999,76,1085,0,88,12,0.0,1515.6499999999999,1.4478260869565216,0.0,12.0,17.22,359,3.022284122562674,2
22293,HANGING CHICK GREEN DECORATION,1184.6499999999999,63,817,0,82,11,0.0,1184.6499999999999,1.45,0.0,10.0,14.45,322,2.5372670807453415,2
22294,HEART FILIGREE DOVE  SMALL,6574.82,162,5362,34,249,12,42.5,6532.32,1.2455642023346305,0.006300963676797628,22.0,26.23,371,14.544474393530997,3
22295,HEART FILIGREE DOVE LARGE,4390.469999999999,156,2719,12,213,12,19.799999999999997,4370.669999999999,1.669074074074074,0.004393994873672647,13.0,20.52,373,7.32171581769437,3
22296,HEART IVORY TRELLIS LARGE,4962.429999999999,189,3039,1,271,12,1.65,4960.78,1.6588571428571428,0.0003289473684210526,11.0,18.31,370,8.216216216216216,3
22297,HEART IVORY TRELLIS SMALL,4706.28,157,3856,0,221,12,0.0,4706.28,1.257345132743363,0.0,17.0,21.3,372,10.365591397849462,2
22299,PIG KEYRING WITH LIGHT & SOUND ,1231.34,39,1316,52,45,10,65.0,1166.34,1.0588888888888888,0.038011695906432746,30.0,25.92,371,3.68733153638814,3
22300,COFFEE MUG DOG + BALL DESIGN,3011.64,100,1436,13,148,12,33.15,2978.49,2.534256756756757,0.008971704623878536,10.0,20.12,371,3.9056603773584904,3
22301,COFFEE MUG CAT + BIRD DESIGN,4478.34,123,2098,24,192,12,59.4,4418.94,2.514427083333333,0.011310084825636193,11.0,23.02,372,5.704301075268817,3
22302,COFFEE MUG PEARS  DESIGN,4957.3,134,2287,12,193,12,30.6,4926.7,2.5202577319587625,0.005219660722053067,12.0,25.53,358,6.421787709497207,3
22303,COFFEE MUG APPLES DESIGN,6108.85,156,2764,74,239,12,171.15,5937.7,2.512833333333333,0.026074700493305146,12.0,24.84,358,7.927374301675978,3
22304,COFFEE MUG BLUE PAISLEY DESIGN,1252.76,38,738,0,47,11,0.0,1252.76,2.6125531914893614,0.0,16.0,26.65,370,1.9945945945945946,2
22305,COFFEE MUG PINK PAISLEY DESIGN,1559.44,35,684,1,45,12,2.55,1556.89,2.6906666666666665,0.00145985401459854,15.0,34.6,368,1.861413043478261,2
22306,SILVER MUG BONE CHINA TREE OF LIFE,1290.5700000000002,85,1126,17,103,8,28.7,1261.8700000000001,1.1533333333333333,0.014873140857392825,11.0,12.25,368,3.1059782608695654,3
22307,GOLD MUG BONE CHINA TREE OF LIFE,835.61,53,729,39,66,5,45.9,789.71,1.157910447761194,0.05078125,12.0,11.97,368,2.0869565217391304,0
22308,TEA COSY BLUE STRIPE,356.89,27,145,0,36,11,0.0,356.89,2.8052777777777775,0.0,4.0,9.91,364,0.3983516483516483,2
22309,TEA COSY RED  STRIPE,706.8299999999999,48,292,0,64,11,0.0,706.8299999999999,2.647384615384615,0.0,5.0,11.04,356,0.8202247191011236,2
22310,IVORY KNITTED MUG COSY ,841.79,29,531,0,51,9,0.0,841.79,1.7896226415094338,0.0,10.0,16.51,373,1.4235924932975872,2
22311,OFFICE MUG WARMER BLACK+SILVER ,2910.75,62,1049,7,95,12,20.650000000000002,2890.1,3.1553608247422678,0.006628787878787879,11.0,30.42,371,2.8463611859838274,3
22312,OFFICE MUG WARMER POLKADOT,1443.1900000000003,62,499,2,94,12,5.9,1437.2900000000002,3.015894736842105,0.003992015968063872,5.0,15.29,372,1.346774193548387,2
22313,OFFICE MUG WARMER PINK,1482.89,41,553,250,55,12,637.5,845.3900000000001,2.8366666666666664,0.31133250311332505,15.0,15.37,373,2.1528150134048256,0
22314,OFFICE MUG WARMER CHOC+BLUE,1431.14,59,516,2,94,12,5.9,1425.2400000000002,3.0381250000000004,0.003861003861003861,6.0,15.16,373,1.388739946380697,2
22315,200 RED + WHITE BENDY STRAWS,912.27,90,759,0,119,12,0.0,912.27,1.2468333333333335,0.0,6.0,7.67,372,2.0403225806451615,2
22316,200 BENDY SKULL STRAWS,705.0500000000001,28,637,1,42,11,1.25,703.8000000000001,1.2364285714285714,0.001567398119122257,15.0,16.76,370,1.7243243243243243,2
22317,FIVE CATS HANGING DECORATION,503.37000000000006,35,171,0,39,11,0.0,503.37000000000006,3.0751282051282054,0.0,4.0,12.91,312,0.5480769230769231,2
22318,FIVE HEART HANGING DECORATION,1161.0000000000002,67,396,7,91,12,20.650000000000002,1140.3500000000001,2.941304347826087,0.017369727047146403,4.0,12.53,367,1.098092643051771,0
22319,HAIRCLIPS FORTIES FABRIC ASSORTED,572.26,54,1322,6,62,12,3.9000000000000004,568.36,0.5683870967741936,0.004518072289156626,21.0,9.17,365,3.638356164383562,2
22320,BIRDS MOBILE VINTAGE DESIGN,1100.21,56,183,9,73,12,53.550000000000004,1046.66,6.105616438356165,0.046875,3.0,14.34,372,0.5161290322580645,0
22321,BIRD DECORATION RED RETROSPOT,625.5999999999999,45,736,1,58,12,0.85,624.75,0.85,0.0013568521031207597,13.0,10.77,366,2.0136612021857925,2
22322,BIRD DECORATION GREEN POLKADOT,331.5,30,390,12,38,9,10.2,321.29999999999995,0.85,0.029850746268656716,11.0,8.46,302,1.3311258278145695,0
22323,PINK POLKADOT KIDS BAG,1.95,1,1,0,1,1,0.0,1.95,1.95,0.0,1.0,1.95,1,1.0,1
22324,BLUE POLKADOT KIDS BAG,456.35999999999996,20,228,0,29,11,0.0,456.35999999999996,2.4486666666666665,0.0,8.0,15.74,363,0.628099173553719,2
22325,MOBILE VINTAGE HEARTS ,750.3000000000001,52,152,13,64,12,64.35000000000001,685.95,4.9390625,0.07878787878787878,3.0,10.72,348,0.47413793103448276,0
22326,ROUND SNACK BOXES SET OF4 WOODLAND ,22101.77,281,8075,40,612,12,118.00000000000001,21983.77,2.9358401305057096,0.004929143561306223,13.0,35.92,374,21.697860962566846,3
22327,ROUND SNACK BOXES SET OF 4 SKULLS,2325.9500000000003,106,821,11,167,12,32.45,2293.5,2.940588235294118,0.013221153846153846,5.0,13.73,373,2.2305630026809653,0
22328,ROUND SNACK BOXES SET OF 4 FRUITS ,17569.59,228,6469,656,473,12,1685.5999999999997,15883.99,2.9273949579831933,0.0920701754385965,15.0,33.58,374,19.050802139037433,3
22329,ROUND CONTAINER SET OF 5 RETROSPOT,2181.2999999999997,104,1386,17,154,12,28.049999999999997,2153.2499999999995,1.6396774193548385,0.012116892373485389,9.0,13.98,366,3.8333333333333335,3
22331,WOODLAND PARTY BAG + STICKER SET,2750.96,103,1768,2,145,12,3.3,2747.66,1.6560689655172414,0.0011299435028248588,12.0,18.95,371,4.77088948787062,2
22332,SKULLS PARTY BAG + STICKER SET,1561.05,92,981,10,132,12,16.5,1544.55,1.6439849624060148,0.010090817356205853,8.0,11.7,368,2.692934782608696,3
22333,RETROSPOT PARTY BAG + STICKER SET,6745.929999999999,169,4389,68,278,12,112.19999999999999,6633.73,1.6346263345195728,0.015256899259591653,16.0,23.86,372,11.981182795698924,3
22334,DINOSAUR PARTY BAG + STICKER SET,1101.44,77,684,0,91,12,0.0,1101.44,1.663478260869565,0.0,8.0,12.1,370,1.8486486486486486,2
22335,HEART DECORATION PAINTED ZINC ,1246.3000000000002,88,2018,0,123,12,0.0,1246.3000000000002,0.66015625,0.0,16.0,10.13,370,5.454054054054054,2
22336,DOVE DECORATION PAINTED ZINC ,667.71,48,2281,23,50,11,14.950000000000001,652.7600000000001,0.44849056603773585,0.009982638888888888,46.0,13.06,318,7.245283018867925,3
22337,ANGEL DECORATION PAINTED ZINC ,383.95000000000005,24,635,0,26,5,0.0,383.95000000000005,0.6870370370370371,0.0,24.0,14.77,362,1.7541436464088398,2
22338,STAR DECORATION PAINTED ZINC ,924.95,94,4175,21,118,6,12.270000000000001,912.6800000000001,0.3175409836065574,0.005004766444232603,36.0,7.73,373,11.249329758713136,3
22339,CHRISTMAS TREE PAINTED ZINC ,569.2900000000001,45,2283,31,53,5,16.93,552.36,0.273859649122807,0.013396715643906655,44.0,10.42,353,6.555240793201133,3
22340,NOEL GARLAND PAINTED ZINC ,425.15999999999997,53,980,12,62,5,17.4,407.76,0.46483870967741936,0.012096774193548387,16.0,6.58,101,9.821782178217822,3
22341,LOVE GARLAND PAINTED ZINC ,672.6499999999999,37,405,0,41,12,0.0,672.6499999999999,1.8002439024390244,0.0,10.0,16.41,369,1.0975609756097562,2
22342,HOME GARLAND PAINTED ZINC ,769.65,49,833,36,54,12,40.199999999999996,729.4499999999999,0.9925925925925926,0.04142692750287687,16.0,13.51,350,2.4828571428571427,3
22343,PARTY PIZZA DISH RED RETROSPOT,744.3399999999999,48,1702,18,64,12,15.299999999999999,729.04,0.56078125,0.010465116279069767,27.0,11.39,372,4.623655913978495,3
22344,PARTY PIZZA DISH PINK POLKADOT,372.74,34,1046,0,46,10,0.0,372.74,0.5860869565217391,0.0,23.0,8.1,369,2.834688346883469,2
22345,PARTY PIZZA DISH BLUE POLKADOT,317.90999999999997,29,969,18,42,12,15.299999999999999,302.61,0.5559090909090909,0.0182370820668693,24.0,7.2,369,2.6747967479674797,3
22346,PARTY PIZZA DISH GREEN POLKADOT,309.12,23,882,0,32,9,0.0,309.12,0.5551515151515152,0.0,28.0,9.66,369,2.3902439024390243,2
22348,TEA BAG PLATE RED RETROSPOT,3221.79,144,3861,12,255,12,10.2,3211.5899999999997,0.8666279069767442,0.003098373353989156,15.0,12.59,371,10.439353099730459,3
22349,DOG BOWL CHASING BALL DESIGN,5220.429999999999,86,1339,13,116,12,48.75,5171.679999999999,3.7622222222222224,0.009615384615384616,12.0,44.58,370,3.654054054054054,3
22350,ILLUSTRATED CAT BOWL ,3586.3199999999997,63,1356,1,89,12,2.55,3583.7699999999995,2.553111111111111,0.0007369196757553427,15.0,40.27,372,3.6478494623655915,2
22351,DOTCOMGIFTSHOP TEA TOWEL,19.799999999999997,1,12,0,1,1,0.0,19.799999999999997,1.65,0.0,12.0,19.8,1,12.0,1
22352,LUNCH BOX WITH CUTLERY RETROSPOT ,6705.04,185,2848,16,333,12,40.8,6664.24,2.554597014925373,0.00558659217877095,9.0,20.01,373,7.67828418230563,3
22353,LUNCH BOX WITH CUTLERY FAIRY CAKES ,153.0,23,60,0,24,4,0.0,153.0,2.55,0.0,2.0,6.38,92,0.6521739130434783,1
22354,RETROSPOT PADDED SEAT CUSHION,2502.82,44,700,1,66,12,3.39,2499.43,3.8024242424242427,0.0014265335235378032,11.0,37.87,353,1.9858356940509916,2
22355,CHARLOTTE BAG SUKI DESIGN,7114.85,249,8947,150,597,12,113.59,7001.26,0.8504318936877076,0.016488952401890734,15.0,11.73,372,24.454301075268816,3
22356,CHARLOTTE BAG PINK POLKADOT,5838.09,220,7303,266,504,12,201.53,5636.56,0.8604305283757339,0.035143347866296734,15.0,11.18,372,20.346774193548388,3
22357,KINGS CHOICE BISCUIT TIN,1332.6,70,324,18,95,12,76.5,1256.1,4.2095789473684215,0.05263157894736842,4.0,13.22,371,0.921832884097035,0
22358,KINGS CHOICE TEA CADDY ,1335.38,87,454,8,114,12,23.6,1311.7800000000002,2.9959130434782613,0.017316017316017316,4.0,11.51,370,1.2486486486486486,0
22359,GLASS JAR KINGS CHOICE,477.7900000000001,47,161,3,64,12,8.850000000000001,468.94000000000005,2.9943750000000002,0.018292682926829267,3.0,7.33,368,0.44565217391304346,0
22360,GLASS JAR ENGLISH CONFECTIONERY,2438.2000000000003,103,880,104,159,12,282.0,2156.2000000000003,2.99125,0.10569105691056911,6.0,13.56,372,2.6451612903225805,0
22361,GLASS JAR DAISY FRESH COTTON WOOL,1507.3500000000001,92,537,12,129,12,35.0,1472.3500000000001,2.9346153846153844,0.02185792349726776,4.0,11.41,370,1.4837837837837837,0
22362,GLASS JAR PEACOCK BATH SALTS,987.23,62,349,33,88,12,97.35000000000001,889.8800000000001,3.01,0.08638743455497382,4.0,10.11,370,1.0324324324324323,0
22363,GLASS JAR MARMALADE ,1223.99,46,453,130,61,12,335.5,888.49,2.9633333333333334,0.22298456260720412,10.0,14.57,361,1.6149584487534625,0
22364,GLASS JAR DIGESTIVE BISCUITS,1421.1200000000001,69,516,67,109,12,182.45,1238.67,2.976545454545455,0.11492281303602059,5.0,11.36,373,1.5630026809651474,0
22365,DOORMAT RESPECTABLE HOUSE,4865.19,83,729,2,127,12,15.9,4849.29,7.862755905511811,0.0027359781121751026,6.0,38.18,372,1.9650537634408602,0
22366,DOORMAT AIRMAIL ,4887.82,104,722,27,159,12,194.07000000000002,4693.75,7.802327044025157,0.036048064085447265,5.0,29.52,373,2.008042895442359,0
22367,CHILDRENS APRON SPACEBOY DESIGN,6560.79,300,3537,35,459,12,68.25,6492.54,1.9835497835497835,0.009798432250839866,8.0,14.14,374,9.550802139037433,3
22371,AIRLINE BAG VINTAGE TOKYO 78,3468.63,145,825,13,256,12,53.65,3414.98,4.35953488372093,0.015513126491646777,3.0,13.34,373,2.246648793565684,0
22372,AIRLINE BAG VINTAGE WORLD CHAMPION ,935.33,81,221,1,102,12,4.25,931.08,4.317450980392157,0.0045045045045045045,2.0,9.13,370,0.6,0
22374,AIRLINE BAG VINTAGE JET SET RED,1870.0900000000001,108,445,4,159,12,17.0,1853.0900000000001,4.262125,0.008908685968819599,3.0,11.65,370,1.2135135135135136,0
22375,AIRLINE BAG VINTAGE JET SET BROWN,1043.3,67,250,0,96,12,0.0,1043.3,4.234375,0.0,3.0,10.87,370,0.6756756756756757,2
22376,AIRLINE BAG VINTAGE JET SET WHITE,812.19,66,191,0,82,12,0.0,812.19,4.290952380952381,0.0,2.0,9.9,370,0.5162162162162162,2
22377,BOTTLE BAG RETROSPOT ,1510.89,83,1038,9,107,12,18.45,1492.44,1.9517757009345795,0.008595988538681949,10.0,13.95,361,2.9002770083102494,3
22378,WALL TIDY RETROSPOT ,2082.06,69,1680,1,104,12,2.1,2079.96,1.8362857142857143,0.000594883997620464,16.0,20.0,370,4.543243243243243,2
22379,RECYCLING BAG RETROSPOT ,11913.03,188,6074,64,412,12,122.65,11790.38,2.1235990338164252,0.010426849136526556,15.0,28.62,373,16.455764075067023,3
22380,TOY TIDY SPACEBOY  ,2266.35,114,1152,37,201,12,77.7,2188.65,2.127722772277228,0.031118587047939444,6.0,10.89,372,3.196236559139785,3
22381,TOY TIDY PINK POLKADOT,6225.38,134,3167,27,296,12,56.45,6168.93,2.1231000000000004,0.008453350031308704,11.0,20.84,370,8.632432432432433,3
22382,LUNCH BAG SPACEBOY DESIGN ,15820.15,491,9875,159,1001,12,242.35,15577.8,1.6554870775347912,0.015846123181183974,10.0,15.56,373,26.900804289544237,3
22383,LUNCH BAG SUKI  DESIGN ,3334.7,122,2118,4,147,5,6.3999999999999995,3328.3,1.6380794701986754,0.001885014137606032,14.0,22.64,373,5.689008042895442,3
22383,LUNCH BAG SUKI DESIGN ,15332.9,400,9570,134,916,11,200.9,15132.0,1.6528326180257509,0.013808738664468261,11.0,16.52,373,26.01608579088472,3
22384,LUNCH BAG PINK POLKADOT,16303.3,445,10226,152,951,12,236.2,16067.1,1.6508740894901144,0.014646367315475044,11.0,16.89,373,27.823056300268096,3
22385,JUMBO BAG SPACEBOY DESIGN,15320.75,247,8243,118,482,12,215.14,15105.61,2.0317008196721313,0.014113144360722401,17.0,31.34,372,22.475806451612904,3
22386,JUMBO BAG PINK POLKADOT,37254.36,372,20148,456,884,12,816.58,36437.78,2.0164771460423636,0.0221316249271986,23.0,41.22,374,55.09090909090909,3
22389,PAPERWEIGHT SAVE THE PLANET,596.91,36,329,100,37,10,210.0,386.90999999999997,1.9916216216216216,0.2331002331002331,12.0,10.46,368,1.1657608695652173,0
22390,PAPERWEIGHT CHILDHOOD MEMORIES,405.62,24,259,0,30,12,0.0,405.62,2.356666666666667,0.0,9.0,13.52,369,0.7018970189701897,2
22391,PAPERWEIGHT HOME SWEET HOME,186.05999999999997,18,146,0,18,9,0.0,186.05999999999997,1.5977777777777777,0.0,8.0,10.34,364,0.4010989010989011,2
22393,PAPERWEIGHT VINTAGE COLLAGE,612.28,44,485,4,51,11,10.2,602.0799999999999,1.9980392156862743,0.0081799591002045,10.0,11.81,364,1.3434065934065933,2
22394,PAPERWEIGHT KINGS CHOICE ,190.79999999999998,17,160,6,17,9,15.299999999999999,175.5,1.6688235294117646,0.03614457831325301,10.0,10.32,359,0.4623955431754875,0
22395,PAPERWEIGHT VINTAGE PAISLEY,130.26,15,134,0,15,6,0.0,130.26,1.3153333333333335,0.0,9.0,8.68,358,0.3743016759776536,2
22396,MAGNETS PACK OF 4 RETRO PHOTO,568.76,87,1176,6,108,12,7.5,561.26,0.6373148148148148,0.005076142131979695,11.0,5.2,368,3.2119565217391304,3
22398,MAGNETS PACK OF 4 SWALLOWS,1528.29,167,2544,78,231,12,97.5,1430.79,0.64508547008547,0.029748283752860413,11.0,6.19,371,7.067385444743936,3
22399,MAGNETS PACK OF 4 CHILDHOOD MEMORY,1309.9,71,1130,18,89,12,22.5,1287.4,1.2393258426966292,0.0156794425087108,13.0,14.47,366,3.1366120218579234,3
22400,MAGNETS PACK OF 4 HOME SWEET HOME,711.87,112,1386,1,144,12,0.39,711.48,0.5832876712328767,0.0007209805335255948,10.0,4.94,371,3.738544474393531,2
22402,MAGNETS PACK OF 4 VINTAGE COLLAGE,1005.72,107,1701,6,145,12,7.5,998.22,0.6276712328767123,0.0035149384885764497,12.0,6.88,372,4.588709677419355,3
22403,MAGNETS PACK OF 4 VINTAGE LABELS ,569.36,72,1222,6,86,12,7.5,561.86,0.5927906976744186,0.004885993485342019,14.0,6.53,368,3.3369565217391304,3
22405,MONEY BOX POCKET MONEY DESIGN,348.69,47,345,1,55,12,1.06,347.63,1.1214545454545455,0.002890173410404624,6.0,6.32,371,0.9326145552560647,2
22406,MONEY BOX KINGS CHOICE DESIGN,336.89,49,319,1,65,12,1.25,335.64,1.2161538461538461,0.003125,5.0,5.16,371,0.862533692722372,2
22407,MONEY BOX FIRST ADE DESIGN,62.5,11,50,0,13,6,0.0,62.5,1.25,0.0,4.0,4.81,355,0.14084507042253522,1
22407,MONEY BOX FIRST AID DESIGN,34.32,9,43,0,10,5,0.0,34.32,1.199,0.0,4.0,3.43,355,0.12112676056338029,1
22408,MONEY BOX CONFECTIONERY DESIGN,140.25,20,136,0,22,10,0.0,140.25,1.1877272727272727,0.0,6.0,6.38,369,0.3685636856368564,2
22409,MONEY BOX BISCUITS DESIGN,270.0,36,216,1,46,11,1.25,268.75,1.25,0.004608294930875576,5.0,5.84,368,0.5896739130434783,2
22410,MONEY BOX HOUSEKEEPING DESIGN,212.88,34,223,0,46,12,0.0,212.88,1.1454347826086957,0.0,5.0,4.63,357,0.6246498599439776,2
22411,JUMBO SHOPPER VINTAGE RED PAISLEY,20116.38,375,10490,342,801,12,599.07,19517.31,2.034987562189055,0.03157311669128508,14.0,24.37,374,28.962566844919785,3
22412,METAL SIGN NEIGHBOURHOOD WITCH ,1778.4,73,874,2,114,12,4.2,1774.2000000000003,2.0934782608695652,0.00228310502283105,8.0,15.56,341,2.56891495601173,2
22413,METAL SIGN TAKE IT OR LEAVE IT ,10638.45,228,3687,18,354,12,53.10000000000001,10585.35,2.964385474860335,0.004858299595141701,10.0,29.9,373,9.932975871313673,3
22414,DOORMAT NEIGHBOURHOOD WITCH ,1645.67,37,253,2,72,12,16.2,1629.47,8.28375,0.00784313725490196,4.0,22.63,369,0.6910569105691057,0
22415,WHITE TISSUE REAM,151.05,13,19,0,13,2,0.0,151.05,7.950000000000001,0.0,1.0,11.62,52,0.36538461538461536,1
22416,SET OF 36 DOILIES SPACEBOY DESIGN ,1102.3999999999999,47,800,0,56,11,0.0,1102.3999999999999,1.4428571428571428,0.0,14.0,19.69,360,2.2222222222222223,2
22416,SET OF 36 SPACEBOY PAPER DOILIES,72.5,8,50,6,8,3,8.7,63.8,1.45,0.10714285714285714,7.0,7.98,360,0.15555555555555556,0
22417,PACK OF 60 SPACEBOY CAKE CASES,4128.39,270,8097,46,409,12,25.300000000000004,4103.09,0.5527884615384615,0.005649023701338573,20.0,10.03,373,21.831099195710454,3
22418,10 COLOUR SPACEBOY PEN,5209.17,179,6267,165,249,12,140.25,5068.92,0.8718400000000001,0.025652985074626867,26.0,20.36,372,17.29032258064516,3
22419,LIPSTICK PEN RED,1232.34,94,2803,6,158,12,2.52,1229.82,0.4468711656441718,0.002135991456034176,18.0,7.78,372,7.551075268817204,3
22420,LIPSTICK PEN BABY PINK,499.90999999999997,55,1198,0,84,12,0.0,499.90999999999997,0.47779069767441856,0.0,14.0,5.95,362,3.3093922651933703,2
22421,LIPSTICK PEN FUSCHIA,794.78,80,1924,2,121,12,0.84,793.9399999999999,0.4565853658536585,0.0010384215991692627,16.0,6.56,372,5.17741935483871,2
22422,TOOTHPASTE TUBE PEN,396.6,53,970,0,73,10,0.0,396.6,0.6606578947368421,0.0,13.0,5.43,372,2.60752688172043,2
22423,REGENCY CAKESTAND 3 TIER,142264.75,887,12384,855,1884,12,9697.05,132567.69999999998,12.428511087645195,0.06458191706322229,7.0,70.37,373,35.493297587131366,3
22424,ENAMEL BREAD BIN CREAM,8493.5,189,711,28,343,12,342.6,8150.9,12.657521865889212,0.037889039242219216,2.0,23.76,373,1.9812332439678284,0
22425,ENAMEL COLANDER CREAM,2086.11,110,434,6,144,12,29.700000000000003,2056.4100000000003,4.960486111111112,0.013636363636363636,3.0,14.28,370,1.1891891891891893,0
22426,ENAMEL WASH BOWL CREAM,2228.05,104,659,11,147,12,41.25,2186.8,3.663513513513514,0.016417910447761194,5.0,14.88,371,1.8059299191374663,0
22427,ENAMEL FLOWER JUG CREAM,11421.130000000001,311,1991,41,453,12,237.95000000000002,11183.18,5.910921052631579,0.020177165354330708,4.0,24.69,363,5.597796143250688,3
22428,ENAMEL FIRE BUCKET CREAM,1528.73,75,221,3,94,12,20.85,1507.88,7.013617021276596,0.013392857142857142,2.0,16.04,372,0.6021505376344086,0
22429,ENAMEL MEASURING JUG CREAM,4916.04,227,1184,31,330,12,131.75,4784.29,4.259156626506024,0.02551440329218107,4.0,14.5,373,3.257372654155496,3
22430,ENAMEL WATERING CAN CREAM,2621.85,131,539,20,168,12,99.0,2522.85,4.9292899408284025,0.03577817531305903,3.0,15.02,371,1.5067385444743935,0
22431,WATERING CAN BLUE ELEPHANT,3682.7499999999995,159,1979,8,278,12,15.6,3667.1499999999996,1.9704285714285714,0.004026170105686965,7.0,13.19,372,5.341397849462366,3
22432,WATERING CAN PINK BUNNY,3092.7799999999997,158,1644,14,237,12,27.299999999999997,3065.4799999999996,1.9490794979079498,0.008443908323281062,7.0,12.93,372,4.456989247311828,3
22433,WATERING CAN GREEN DINOSAUR,2487.5299999999997,121,1341,3,192,12,5.85,2481.68,1.9504123711340207,0.002232142857142857,7.0,12.93,372,3.6129032258064515,3
22434,BALLOON PUMP WITH 10 BALLOONS,1511.48,94,774,18,114,12,35.099999999999994,1476.3799999999999,1.9691228070175437,0.022727272727272728,7.0,12.95,372,2.129032258064516,3
22435,SET OF 9 HEART SHAPED BALLOONS,3245.79,153,2671,12,214,12,15.0,3230.79,1.255925925925926,0.004472605292582929,13.0,15.1,372,7.212365591397849,3
22436,12 COLOURED PARTY BALLOONS,1359.65,105,2089,20,140,12,13.0,1346.65,0.6625874125874126,0.00948316737790422,15.0,9.62,370,5.7,3
22437,SET OF 9 BLACK SKULL BALLOONS,2261.65,140,2745,10,175,12,8.5,2253.15,0.8429545454545454,0.003629764065335753,16.0,12.88,371,7.425876010781671,3
22438,BALLOON ART MAKE YOUR OWN FLOWERS,801.45,66,887,0,68,12,0.0,801.45,1.5042857142857142,0.0,13.0,11.79,373,2.3780160857908847,2
22439,6 ROCKET BALLOONS ,1172.9,116,1762,68,159,12,44.2,1128.7,0.689877300613497,0.03715846994535519,12.0,7.1,369,4.959349593495935,3
22440,BALLOON WATER BOMB PACK OF 35,2244.06,100,5873,10,139,12,4.2,2239.86,0.4174647887323944,0.0016998130205677375,42.0,16.11,370,15.9,3
22441,GROW YOUR OWN BASIL IN ENAMEL MUG,2061.0,130,990,3,170,12,6.300000000000001,2054.7000000000003,2.097093023255814,0.0030211480362537764,6.0,12.09,373,2.6621983914209117,2
22442,GROW YOUR OWN FLOWERS SET OF 3,1177.8,69,292,11,81,11,87.45,1090.35,6.438888888888888,0.036303630363036306,4.0,13.46,372,0.8145161290322581,0
22443,GROW YOUR OWN HERBS SET OF 3,1208.4,60,152,2,82,9,15.9,1192.5,7.949999999999999,0.012987012987012988,2.0,14.54,246,0.6260162601626016,0
22444,GROW YOUR OWN PLANT IN A CAN ,934.26,31,762,32,36,6,40.0,894.26,1.2447222222222223,0.04030226700251889,22.0,24.84,233,3.407725321888412,3
22445,PENCIL CASE LIFE IS BEAUTIFUL,1359.3500000000001,72,469,0,93,11,0.0,1359.3500000000001,3.0577551020408165,0.0,5.0,14.62,373,1.257372654155496,2
22446,PIN CUSHION BABUSHKA PINK,432.99,25,161,0,38,10,0.0,432.99,3.2551219512195124,0.0,4.0,11.39,372,0.4327956989247312,2
22447,PIN CUSHION BABUSHKA BLUE,223.95000000000002,16,75,0,16,9,0.0,223.95000000000002,3.0875,0.0,5.0,14.0,326,0.23006134969325154,1
22448,PIN CUSHION BABUSHKA RED,576.3100000000001,29,187,0,34,11,0.0,576.3100000000001,3.199411764705882,0.0,6.0,16.95,364,0.5137362637362637,2
22449,SILK PURSE BABUSHKA PINK,1214.3300000000002,65,364,6,88,12,20.1,1194.23,3.3255056179775284,0.016216216216216217,4.0,13.57,359,1.0306406685236769,0
22450,SILK PURSE BABUSHKA BLUE,610.6500000000001,42,183,1,53,10,3.35,607.3000000000001,3.3425925925925926,0.005434782608695652,3.0,11.46,362,0.5082872928176796,2
22451,SILK PURSE BABUSHKA RED,654.1500000000001,35,201,0,38,6,0.0,654.1500000000001,3.3394736842105264,0.0,5.0,17.21,163,1.2331288343558282,2
22452,MEASURING TAPE BABUSHKA PINK,1094.8000000000002,53,388,1,67,12,2.95,1091.8500000000001,2.894347826086957,0.002570694087403599,6.0,16.3,369,1.0542005420054201,2
22453,MEASURING TAPE BABUSHKA BLUE,948.7500000000001,38,333,0,46,11,0.0,948.7500000000001,2.9239130434782608,0.0,7.0,20.63,373,0.8927613941018767,2
22454,MEASURING TAPE BABUSHKA RED,639.0,31,228,0,37,10,0.0,639.0,2.918421052631579,0.0,6.0,17.27,350,0.6514285714285715,2
22456,NATURAL SLATE CHALKBOARD LARGE ,6813.400000000001,220,1448,68,335,12,326.8,6486.6,4.879166666666667,0.044854881266490766,5.0,19.36,368,4.119565217391305,0
22457,NATURAL SLATE HEART CHALKBOARD ,24089.170000000002,590,8427,52,984,12,152.60000000000002,23936.570000000003,2.974428715874621,0.006132798679089516,9.0,24.33,373,22.73190348525469,3
22458,CAST IRON HOOK GARDEN FORK,1371.4299999999998,12,513,0,14,5,0.0,1371.4299999999998,2.57,0.0,37.0,97.96,137,3.7445255474452557,2
22459,CAST IRON HOOK GARDEN TROWEL,962.73,12,375,0,15,5,0.0,962.73,2.529333333333333,0.0,25.0,64.18,144,2.6041666666666665,2
22460,EMBOSSED GLASS TEALIGHT HOLDER,2855.59,119,2368,19,168,12,23.75,2831.84,1.285297619047619,0.007959782153330541,14.0,16.86,373,6.399463806970509,3
22461,SAVOY ART DECO CLOCK,1251.25,37,231,22,57,10,160.7,1090.55,7.992105263157895,0.08695652173913043,4.0,19.13,283,0.8939929328621908,0
22464,HANGING METAL HEART LANTERN,4789.709999999999,193,3183,122,289,12,186.89999999999998,4602.8099999999995,1.5909278350515463,0.03691376701966717,11.0,15.93,374,8.836898395721924,3
22465,HANGING METAL STAR LANTERN,2828.0799999999995,120,1958,27,166,12,42.15,2785.93,1.5342857142857143,0.013602015113350126,12.0,16.78,374,5.307486631016043,3
22466,FAIRY TALE COTTAGE NIGHT LIGHT,1717.1999999999998,74,912,17,82,4,28.049999999999997,1689.1499999999999,1.935542168674699,0.01829924650161464,11.0,20.6,374,2.483957219251337,3
22466,FAIRY TALE COTTAGE NIGHTLIGHT,3352.7999999999997,51,2016,1,70,10,1.95,3350.85,1.9142857142857144,0.0004957858205255329,29.0,47.87,374,5.393048128342246,2
22467,GUMBALL COAT RACK,17488.55,263,7652,146,599,12,334.95,17153.600000000002,2.4959570957095707,0.018722749422928956,13.0,28.64,373,20.906166219839143,3
22468,BABUSHKA LIGHTS STRING OF 10,3032.39,83,467,3,118,12,19.45,3012.94,6.751186440677966,0.006382978723404255,4.0,25.53,371,1.266846361185984,0
22469,HEART OF WICKER SMALL,28217.089999999997,573,16768,135,972,12,207.95,28009.14,1.638939393939394,0.007986747914571378,17.0,28.82,374,45.1951871657754,3
22470,HEART OF WICKER LARGE,28479.65,487,9577,68,817,12,189.5,28290.15,2.9561064087061673,0.007050285121824779,12.0,34.63,373,25.857908847184987,3
22471,TV DINNER TRAY AIR HOSTESS ,1092.73,53,359,1,65,10,1.95,1090.78,4.315230769230769,0.002777777777777778,6.0,16.78,372,0.967741935483871,2
22472,TV DINNER TRAY DOLLY GIRL,1224.17,58,291,2,82,12,9.9,1214.27,4.763658536585366,0.006825938566552901,4.0,14.81,373,0.7855227882037533,0
22473,TV DINNER TRAY VINTAGE PAISLEY,1239.39,58,437,0,79,11,0.0,1239.39,4.238607594936709,0.0,6.0,15.69,373,1.1715817694369972,2
22474,SPACEBOY TV DINNER TRAY,1009.0400000000001,71,244,32,84,11,136.0,873.0400000000001,4.593333333333334,0.11594202898550725,3.0,10.39,372,0.7419354838709677,0
22475,SKULL DESIGN TV DINNER TRAY,1211.1000000000001,49,278,0,109,12,0.0,1211.1000000000001,4.637272727272728,0.0,3.0,11.11,369,0.7533875338753387,2
22476,EMPIRE UNION JACK TV DINNER TRAY,2145.8199999999997,61,810,8,79,12,39.6,2106.22,4.960126582278481,0.009779951100244499,10.0,26.66,373,2.193029490616622,0
22477,WATERING CAN GARDEN MARKER,1765.6,64,1280,1,71,12,1.25,1764.35,1.2564788732394365,0.00078064012490242,18.0,24.85,362,3.5386740331491713,2
22478,BIRDHOUSE GARDEN MARKER ,1929.35,59,1411,0,76,12,0.0,1929.35,1.2560526315789473,0.0,19.0,25.39,367,3.844686648501362,2
22479,DAISY GARDEN MARKER,1513.1,48,1078,0,54,12,0.0,1513.1,1.2585185185185184,0.0,20.0,28.02,362,2.977900552486188,2
22480,RED TEA TOWEL CLASSIC DESIGN,728.52,57,612,0,67,9,0.0,728.52,1.2443283582089553,0.0,9.0,10.87,271,2.2583025830258303,2
22481,BLACK TEA TOWEL CLASSIC DESIGN,607.74,68,692,0,84,12,0.0,607.74,1.0524418604651162,0.0,8.0,7.24,373,1.8552278820375334,2
22482,BLUE TEA TOWEL CLASSIC DESIGN,523.52,40,448,0,48,8,0.0,523.52,1.2420833333333332,0.0,9.0,10.91,216,2.074074074074074,2
22483,RED GINGHAM TEDDY BEAR ,2029.9800000000002,91,722,1,131,12,2.95,2027.0300000000002,2.981145038167939,0.0013831258644536654,6.0,15.47,368,1.9646739130434783,2
22485,SET OF 2 WOODEN MARKET CRATES,5652.9,142,462,6,169,12,76.5,5576.4,12.63284023668639,0.01282051282051282,3.0,33.0,373,1.2546916890080428,0
22486,PLASMATRONIC LAMP,288.94,10,52,6,13,7,76.5,212.44000000000003,9.022307692307693,0.10344827586206896,4.0,16.34,366,0.15846994535519127,0
22487,WHITE WOOD GARDEN PLANT LADDER,6768.86,278,723,25,396,12,232.79999999999998,6536.0599999999995,9.76290404040404,0.03342245989304813,2.0,16.51,372,2.010752688172043,0
22488,NATURAL SLATE RECTANGLE CHALKBOARD,4635.259999999999,211,2910,35,318,12,57.74999999999999,4577.509999999999,1.6541249999999998,0.011884550084889643,9.0,14.39,373,7.89544235924933,3
22489,PACK OF 12 TRADITIONAL CRAYONS,3754.47,232,9313,2,320,12,0.84,3753.63,0.43207430340557273,0.00021470746108427267,29.0,11.73,373,24.97319034852547,3
22491,PACK OF 12 COLOURED PENCILS,3120.64,162,3898,12,201,12,10.2,3110.4399999999996,0.8557635467980296,0.003069053708439898,19.0,15.47,372,10.510752688172044,3
22492,MINI PAINT SET VINTAGE ,16039.240000000002,213,26076,196,335,12,127.4,15911.84,0.6563283582089552,0.00746041412911084,78.0,47.5,373,70.4343163538874,3
22493,PAINT YOUR OWN CANVAS SET,3737.2799999999997,125,2352,273,180,12,396.45,3340.83,1.6974725274725275,0.104,15.0,18.56,373,7.037533512064343,3
22494,EMERGENCY FIRST AID TIN ,1102.64,79,890,40,126,12,50.0,1052.64,1.343015873015873,0.043010752688172046,7.0,8.35,371,2.5067385444743935,0
22495,SET OF 2 ROUND TINS CAMEMBERT ,512.23,60,241,6,66,12,17.700000000000003,494.53000000000003,2.59,0.024291497975708502,4.0,7.49,367,0.6730245231607629,0
22496,SET OF 2 ROUND TINS DUTCH CHEESE,474.14000000000004,63,242,4,70,12,11.8,462.34000000000003,2.672285714285714,0.016260162601626018,4.0,6.6,373,0.6595174262734584,0
22497,SET OF 2 TINS VINTAGE BATHROOM ,752.25,50,177,0,59,12,0.0,752.25,4.25,0.0,3.0,12.75,369,0.4796747967479675,2
22498,WOODEN REGATTA BUNTING,1356.6000000000001,68,228,0,96,12,0.0,1356.6000000000001,5.95,0.0,2.0,14.13,367,0.6212534059945504,2
22499,WOODEN UNION JACK BUNTING,9928.83,217,1734,4,298,12,23.8,9905.03,5.945049833887043,0.0023014959723820483,6.0,33.24,370,4.697297297297298,3
22500,SET OF 2 TINS JARDIN DE PROVENCE,826.5500000000001,78,235,0,85,11,0.0,826.5500000000001,4.122941176470588,0.0,3.0,9.72,373,0.6300268096514745,2
22501,PICNIC BASKET WICKER LARGE,10799.0,187,1192,100,274,12,873.1999999999999,9925.8,9.746788321167882,0.07739938080495357,5.0,36.23,341,3.7888563049853374,0
22502,PICNIC BASKET WICKER 60 PIECES,39619.5,1,61,0,2,1,0.0,39619.5,649.5,0.0,30.0,19809.75,299,0.2040133779264214,1
22502,PICNIC BASKET WICKER SMALL,7728.85,175,1424,75,241,10,385.25,7343.6,5.806172839506173,0.05003335557038025,6.0,30.47,299,5.013377926421405,0
22503,CABIN BAG VINTAGE PAISLEY,1279.2,15,64,13,18,8,312.15,967.05,23.383333333333333,0.16883116883116883,4.0,53.72,360,0.21388888888888888,0
22504,CABIN BAG VINTAGE RETROSPOT,3012.4,32,160,5,43,9,132.55,2879.85,22.801162790697674,0.030303030303030304,4.0,66.97,368,0.4483695652173913,0
22505,MEMO BOARD COTTAGE DESIGN,6286.39,187,1361,5,267,12,24.75,6261.64,4.924869888475836,0.0036603221083455345,5.0,23.45,372,3.672043010752688,3
22507,MEMO BOARD RETROSPOT  DESIGN,12411.02,230,2786,7,353,12,33.95,12377.07,4.935524079320113,0.002506265664160401,8.0,35.06,372,7.508064516129032,3
22508,DOORSTOP RETROSPOT HEART,5919.46,179,1511,22,240,12,82.5,5836.96,3.8366249999999997,0.014350945857795172,6.0,24.32,371,4.132075471698113,3
22509,SEWING BOX RETROSPOT DESIGN ,1923.85,71,203,16,82,12,239.2,1684.6499999999999,11.840243902439024,0.0730593607305936,3.0,20.54,371,0.5902964959568733,0
22510,GINGHAM BABUSHKA DOORSTOP,400.87,34,209,0,41,9,0.0,400.87,2.4070731707317075,0.0,5.0,9.78,366,0.5710382513661202,2
22511,RETROSPOT BABUSHKA DOORSTOP,455.87,44,245,0,48,8,0.0,455.87,2.3329166666666667,0.0,5.0,9.5,373,0.6568364611260054,2
22512,DOORSTOP RACING CAR DESIGN,232.25,28,117,0,32,7,0.0,232.25,2.6490625,0.0,4.0,7.26,359,0.32590529247910865,2
22513,DOORSTOP FOOTBALL DESIGN,404.98,37,134,0,51,10,0.0,404.98,3.780980392156863,0.0,3.0,7.94,366,0.366120218579235,2
22514,CHILDS GARDEN SPADE BLUE,537.0,61,260,0,75,12,0.0,537.0,2.0966666666666667,0.0,3.0,7.16,363,0.7162534435261708,2
22515,CHILDS GARDEN SPADE PINK,488.70000000000005,53,237,2,64,11,4.2,484.50000000000006,2.09609375,0.008368200836820083,4.0,7.57,365,0.6547945205479452,2
22516,CHILDS GARDEN RAKE BLUE,348.00000000000006,35,170,0,41,10,0.0,348.00000000000006,2.094186046511628,0.0,4.0,8.49,354,0.480225988700565,2
22517,CHILDS GARDEN RAKE PINK,366.90000000000003,48,179,0,54,12,0.0,366.90000000000003,2.0953703703703703,0.0,3.0,6.79,350,0.5114285714285715,2
22518,CHILDS GARDEN BRUSH BLUE,663.3000000000001,44,333,0,57,6,0.0,663.3000000000001,2.0824561403508772,0.0,6.0,11.64,161,2.0683229813664594,2
22519,CHILDS GARDEN BRUSH PINK,741.0000000000001,53,370,0,65,7,0.0,741.0000000000001,2.0846153846153848,0.0,6.0,11.4,188,1.9680851063829787,2
22520,CHILDS GARDEN TROWEL BLUE ,599.25,88,705,0,105,6,0.0,599.25,0.85,0.0,7.0,5.71,154,4.577922077922078,2
22521,CHILDS GARDEN TROWEL PINK,508.29999999999995,81,598,0,94,6,0.0,508.29999999999995,0.85,0.0,6.0,5.41,144,4.152777777777778,2
22522,CHILDS GARDEN FORK BLUE ,757.89,100,921,12,121,12,10.2,747.6899999999999,0.8489430894308944,0.012861736334405145,8.0,6.18,360,2.591666666666667,3
22523,CHILDS GARDEN FORK PINK,716.55,98,843,12,119,12,10.2,706.3499999999999,0.85,0.014035087719298246,7.0,5.94,362,2.361878453038674,3
22524,CHILDRENS GARDEN GLOVES BLUE,721.0,55,592,0,65,6,0.0,721.0,1.247121212121212,0.0,9.0,11.09,174,3.4022988505747125,2
22525,CHILDRENS GARDEN GLOVES PINK,553.5,42,458,0,52,5,0.0,553.5,1.246346153846154,0.0,9.0,10.64,135,3.3925925925925924,2
22526,WHEELBARROW FOR CHILDREN ,1406.4,57,112,6,71,12,76.5,1329.9,12.724647887323945,0.05084745762711865,2.0,18.73,351,0.33618233618233617,0
22529,MAGIC DRAWING SLATE GO TO THE FAIR ,328.92,52,814,0,61,11,0.0,328.92,0.4180327868852459,0.0,13.0,5.39,373,2.1823056300268098,2
22530,MAGIC DRAWING SLATE DOLLY GIRL ,1430.7,143,3511,24,182,12,10.08,1420.62,0.41608695652173916,0.006789250353606789,19.0,7.81,373,9.47721179624665,3
22531,MAGIC DRAWING SLATE CIRCUS PARADE  ,1347.66,127,3291,0,163,12,0.0,1347.66,0.4196341463414634,0.0,20.0,8.27,373,8.823056300268096,2
22532,MAGIC DRAWING SLATE LEAP FROG ,360.06,54,1063,0,66,12,0.0,360.06,0.4133823529411765,0.0,16.0,5.46,369,2.8807588075880757,2
22533,MAGIC DRAWING SLATE BAKE A CAKE ,605.52,68,1740,24,79,12,10.08,595.44,0.41126582278481016,0.013605442176870748,22.0,7.54,373,4.729222520107238,3
22534,MAGIC DRAWING SLATE SPACEBOY ,1735.5,173,4331,2,203,12,0.84,1734.66,0.4174038461538461,0.00046157396722824835,21.0,8.55,373,11.616621983914209,3
22535,MAGIC DRAWING SLATE BUNNIES ,630.1800000000001,88,1713,48,111,12,20.16,610.02,0.41486486486486485,0.027257240204429302,16.0,5.5,361,4.878116343490305,3
22536,MAGIC DRAWING SLATE PURDEY,1780.92,109,4718,120,145,12,43.199999999999996,1737.72,0.4123972602739726,0.024803637866887142,33.0,11.98,372,13.005376344086022,3
22537,MAGIC DRAWING SLATE DINOSAUR,762.72,115,1816,48,136,12,20.16,742.5600000000001,0.42,0.02575107296137339,14.0,5.46,370,5.037837837837838,3
22538,MINI JIGSAW GO TO THE FAIR,151.07999999999998,25,386,0,26,11,0.0,151.07999999999998,0.41115384615384615,0.0,15.0,5.81,351,1.0997150997150997,2
22539,MINI JIGSAW DOLLY GIRL,1049.1499999999999,74,2821,0,85,12,0.0,1049.1499999999999,0.403448275862069,0.0,33.0,12.34,373,7.563002680965147,2
22540,MINI JIGSAW CIRCUS PARADE ,915.78,51,2451,1,66,12,0.42,915.36,0.41227272727272724,0.0004078303425774878,37.0,13.87,372,6.591397849462366,2
22541,MINI JIGSAW LEAP FROG,180.62,19,465,0,21,11,0.0,180.62,0.4257142857142857,0.0,22.0,8.6,305,1.5245901639344261,2
22543,MINI JIGSAW BAKE A CAKE ,515.77,32,1434,0,39,11,0.0,515.77,0.3758974358974359,0.0,37.0,13.22,373,3.844504021447721,2
22544,MINI JIGSAW SPACEBOY,1627.04,102,4411,43,125,12,18.06,1608.98,0.4106349206349206,0.009654243376740009,36.0,12.87,374,11.909090909090908,3
22545,MINI JIGSAW BUNNIES,390.69,40,1088,1,48,12,0.42,390.27,0.4008333333333333,0.0009182736455463728,23.0,8.13,367,2.9673024523160763,2
22546,MINI JIGSAW PURDEY,767.41,50,2064,1,60,12,0.42,766.99,0.39899999999999997,0.00048426150121065375,34.0,12.78,362,5.704419889502763,2
22547,MINI JIGSAW DINOSAUR ,279.51,41,738,2,51,12,0.84,278.67,0.4373076923076923,0.002702702702702703,15.0,5.46,373,1.9839142091152815,2
22548,HEADS AND TAILS SPORTING FUN,2095.46,149,1871,0,179,12,0.0,2095.46,1.2591758241758242,0.0,10.0,11.71,348,5.376436781609195,2
22549,PICTURE DOMINOES,4235.59,195,2991,0,244,12,0.0,4235.59,1.5166666666666666,0.0,12.0,17.36,374,7.997326203208556,2
22550,HOLIDAY FUN LUDO,3810.71,136,1102,8,178,12,30.0,3780.71,3.829101123595506,0.007207207207207207,6.0,21.24,371,2.9919137466307277,3
22551,PLASTERS IN TIN SPACEBOY,12138.599999999999,339,7656,29,587,12,47.849999999999994,12090.749999999998,1.657070707070707,0.0037735849056603774,13.0,20.6,373,20.603217158176943,3
22553,PLASTERS IN TIN SKULLS,6461.249999999999,283,4033,84,447,12,138.59999999999997,6322.65,1.6428884026258204,0.02040320621811999,9.0,14.14,373,11.037533512064343,3
22554,PLASTERS IN TIN WOODLAND ANIMALS,11620.929999999998,352,7297,29,592,12,47.849999999999994,11573.079999999998,1.6501333333333332,0.003958503958503959,12.0,19.55,373,19.640750670241285,3
22555,PLASTERS IN TIN STRONGMAN,9444.14,294,5874,21,453,12,34.64999999999999,9409.49,1.648782608695652,0.0035623409669211198,13.0,20.77,373,15.804289544235925,3
22556,PLASTERS IN TIN CIRCUS PARADE ,9588.71,306,5947,66,531,12,108.89999999999999,9479.81,1.658119180633147,0.010976218193913189,11.0,17.85,374,16.077540106951872,3
22557,PLASTERS IN TIN VINTAGE PAISLEY ,7331.839999999999,316,4564,27,484,12,44.55,7287.289999999999,1.6783975659229207,0.0058810716619472885,9.0,15.06,373,12.308310991957105,3
22558,CLOTHES PEGS RETROSPOT PACK 24 ,12525.21,364,8405,42,650,12,66.58,12458.63,1.5956508422664626,0.004972179472001894,13.0,19.17,373,22.646112600536192,3
22559,SEASIDE FLYING DISC,472.77,33,387,0,39,11,0.0,472.77,1.3643589743589744,0.0,10.0,12.12,369,1.048780487804878,2
22560,TRADITIONAL MODELLING CLAY,9281.47,229,7990,1,337,12,1.06,9280.41,1.2722255192878338,0.00012514078338130396,24.0,27.54,372,21.481182795698924,3
22561,WOODEN SCHOOL COLOURING SET,9064.619999999999,288,5690,276,398,12,405.0,8659.619999999999,1.6557002457002457,0.04626215219577606,15.0,21.76,373,15.994638069705093,3
22562,MONSTERS STENCIL CRAFT,1710.42,149,1390,0,190,12,0.0,1710.42,1.2651052631578947,0.0,7.0,9.0,371,3.746630727762803,2
22563,HAPPY STENCIL CRAFT,3244.6000000000004,171,2777,1,253,12,1.25,3243.3500000000004,1.256015625,0.0003599712023038157,11.0,12.82,369,7.528455284552845,2
22564,ALPHABET STENCIL CRAFT,2999.19,120,2668,432,166,12,457.92,2541.27,1.2592771084337349,0.1393548387096774,19.0,15.31,372,8.333333333333334,3
22565,FELTCRAFT HAIRBANDS PINK AND WHITE ,711.6099999999999,85,817,0,108,12,0.0,711.6099999999999,0.921559633027523,0.0,8.0,6.59,370,2.208108108108108,2
22566,FELTCRAFT HAIRBAND PINK AND PURPLE,716.28,94,828,0,118,12,0.0,716.28,0.8951239669421488,0.0,7.0,6.07,373,2.219839142091153,2
22567,20 DOLLY PEGS RETROSPOT,3017.5,135,2346,16,185,11,20.2,2997.2999999999997,1.3518181818181818,0.006773920406435224,13.0,16.2,373,6.3324396782841825,3
22568,FELTCRAFT CUSHION OWL,11756.8,245,3277,158,424,12,540.6600000000001,11216.14,3.784765258215962,0.04599708879184862,8.0,26.45,372,9.233870967741936,3
22569,FELTCRAFT CUSHION BUTTERFLY,9632.98,193,2692,194,297,11,658.38,8974.6,3.7359197324414715,0.06722106722106722,10.0,30.22,328,8.798780487804878,3
22570,FELTCRAFT CUSHION RABBIT,10672.31,202,3012,245,327,12,832.35,9839.960000000001,3.7361515151515152,0.07522259748234572,10.0,30.09,353,9.226628895184136,3
22571,ROCKING HORSE RED CHRISTMAS ,1807.6,152,2200,109,179,8,80.17,1727.4299999999998,0.8457377049180327,0.047206582936336075,13.0,9.65,373,6.190348525469169,3
22572,ROCKING HORSE GREEN CHRISTMAS ,1039.24,114,1252,0,126,6,0.0,1039.24,0.847984496124031,0.0,10.0,8.25,364,3.4395604395604398,2
22573,STAR WOODEN CHRISTMAS DECORATION,2036.56,127,2440,0,154,7,0.0,2036.56,0.9087096774193548,0.0,16.0,13.22,373,6.541554959785523,2
22574,HEART WOODEN CHRISTMAS DECORATION,1851.99,132,2121,192,158,7,138.24,1713.75,0.897125,0.08300907911802853,15.0,10.85,373,6.201072386058981,3
22575,METAL MERRY CHRISTMAS WREATH,1154.25,62,619,6,77,6,11.7,1142.55,1.9384615384615382,0.0096,8.0,14.84,370,1.6891891891891893,0
22576,SWALLOW WOODEN CHRISTMAS DECORATION,1217.78,102,1418,6,126,7,5.1,1212.6799999999998,0.891,0.004213483146067416,11.0,9.62,373,3.8176943699731902,3
22577,WOODEN HEART CHRISTMAS SCANDINAVIAN,3415.8999999999996,344,9782,101,465,12,83.05,3332.8499999999995,0.4238045738045738,0.010219568956794496,21.0,7.17,373,26.49597855227882,3
22578,WOODEN STAR CHRISTMAS SCANDINAVIAN,3164.0799999999995,334,9628,133,436,6,112.49,3051.5899999999997,0.38044052863436123,0.013625653109312571,22.0,7.0,371,26.3099730458221,3
22579,WOODEN TREE CHRISTMAS SCANDINAVIAN,1664.2899999999997,227,4805,96,277,6,81.6,1582.6899999999998,0.4069444444444444,0.019587839216486432,18.0,5.71,363,13.50137741046832,3
22580,ADVENT CALENDAR GINGHAM SACK,4775.780000000001,130,838,60,170,8,309.00000000000006,4466.780000000001,6.040882352941177,0.066815144766147,5.0,26.28,370,2.427027027027027,0
22581,WOOD STOCKING CHRISTMAS SCANDISPOT,704.02,84,1088,2,99,6,1.7,702.3199999999999,0.7419417475728155,0.001834862385321101,11.0,7.09,373,2.9222520107238608,2
22582,PACK OF 6 SWEETIE GIFT BOXES,2496.7599999999998,73,1029,12,78,12,30.599999999999998,2466.16,2.568875,0.011527377521613832,13.0,31.62,372,2.7983870967741935,3
22583,PACK OF 6 HANDBAG GIFT BOXES,1346.3999999999999,73,528,2,79,12,5.1,1341.3,2.55,0.0037735849056603774,7.0,16.98,370,1.4324324324324325,2
22584,PACK OF 6 PANETTONE GIFT BOXES,513.91,15,226,14,15,2,35.699999999999996,478.21000000000004,2.6806666666666663,0.058333333333333334,16.0,31.88,373,0.6434316353887399,0
22584,PACK OF 6 PANNETONE GIFT BOXES,4975.03,117,2012,1,140,12,2.55,4972.48,2.571418439716312,0.0004967709885742673,14.0,35.52,373,5.396782841823057,2
22585,PACK OF 6 BIRDY GIFT TAGS,7135.95,241,6051,45,322,12,56.25,7079.7,1.2590119760479042,0.0073818897637795275,19.0,21.99,374,16.299465240641712,3
22586,FELTCRAFT HAIRBAND PINK AND BLUE,676.5999999999999,100,796,48,119,12,40.8,635.8,0.85,0.05687203791469194,7.0,5.34,370,2.281081081081081,0
22587,FELTCRAFT HAIRBAND RED AND BLUE,715.6999999999999,103,842,0,120,12,0.0,715.6999999999999,0.85,0.0,7.0,5.96,373,2.257372654155496,2
22588,CARD HOLDER GINGHAM HEART,1724.42,111,602,195,138,9,411.87000000000006,1312.55,2.94268115942029,0.24466750313676286,6.0,9.51,371,2.1482479784366575,0
22589,CARDHOLDER GINGHAM STAR,940.49,46,323,0,57,7,0.0,940.49,3.1558620689655172,0.0,6.0,16.5,370,0.8729729729729729,2
22591,CARDHOLDER GINGHAM CHRISTMAS TREE,1250.84,55,374,59,69,7,156.04999999999998,1094.79,3.6442028985507244,0.13625866050808313,6.0,15.87,368,1.1766304347826086,0
22592,CARDHOLDER HOLLY WREATH METAL,1886.08,80,506,2,93,6,7.5,1878.58,3.922365591397849,0.003937007874015748,5.0,20.2,372,1.3655913978494623,2
22593,CHRISTMAS GINGHAM STAR,1735.27,107,2047,144,139,8,103.67999999999999,1631.59,0.9080851063829787,0.06572341396622547,16.0,11.74,373,5.873994638069705,3
22594,CHRISTMAS GINGHAM TREE,1480.06,93,1744,1,126,8,0.85,1479.2099999999998,0.9216535433070866,0.0005730659025787965,14.0,11.74,373,4.67828418230563,2
22595,CHRISTMAS GINGHAM HEART,450.47999999999996,30,552,144,31,2,103.67999999999999,346.79999999999995,0.8416129032258064,0.20689655172413793,22.0,11.19,373,1.8659517426273458,0
22595,GINGHAM HEART DECORATION,4817.33,251,5951,0,331,11,0.0,4817.33,0.86,0.0,18.0,14.55,373,15.954423592493297,2
22596,CHRISTMAS STAR WISH LIST CHALKBOARD,3535.2,197,3264,25,240,8,30.72,3504.48,1.1649382716049381,0.007601094557616297,14.0,14.6,316,10.408227848101266,3
22597,CHRISTMAS MUSICAL ZINC HEART ,29.75,5,35,0,5,1,0.0,29.75,0.85,0.0,7.0,5.95,373,0.0938337801608579,1
22597,MUSICAL ZINC HEART DECORATION ,943.64,90,2498,34,115,11,28.9,914.7399999999999,0.4928571428571428,0.013428120063191154,22.0,7.95,373,6.7882037533512065,3
22598,CHRISTMAS MUSICAL ZINC TREE,290.16999999999996,42,811,6,52,5,5.1,285.07,0.48207547169811316,0.0073439412484700125,16.0,5.48,369,2.214092140921409,2
22599,CHRISTMAS MUSICAL ZINC STAR,528.2099999999999,58,1489,24,71,5,20.4,507.80999999999995,0.48416666666666663,0.015862524785194978,21.0,7.15,373,4.056300268096515,3
22600,CHRISTMAS RETROSPOT STAR WOOD,1301.84,122,1538,28,146,7,23.799999999999997,1278.04,0.8915646258503401,0.017879948914431672,11.0,8.75,373,4.198391420911528,3
22601,CHRISTMAS RETROSPOT ANGEL WOOD,1824.87,121,2235,4,153,6,3.4,1821.4699999999998,0.8978064516129032,0.001786511835640911,15.0,11.91,371,6.035040431266847,3
22602,CHRISTMAS RETROSPOT HEART WOOD,93.5,10,110,0,10,1,0.0,93.5,0.85,0.0,11.0,9.35,371,0.29649595687331537,2
22602,RETROSPOT WOODEN HEART DECORATION,1552.2199999999998,133,1850,40,166,11,34.0,1518.2199999999998,0.8614035087719297,0.021164021164021163,11.0,9.15,371,5.09433962264151,3
22603,CHRISTMAS RETROSPOT TREE WOOD,1088.1299999999999,112,1293,13,127,6,11.049999999999999,1077.08,0.8893939393939393,0.009954058192955589,10.0,8.48,373,3.5013404825737267,3
22604,SET OF 4 NAPKIN CHARMS CUTLERY,2642.86,77,1171,0,108,12,0.0,2642.86,2.535357142857143,0.0,11.0,24.47,372,3.1478494623655915,2
22605,WOODEN CROQUET GARDEN SET,9555.98,182,709,8,247,12,97.0,9458.98,14.295282258064516,0.011157601115760111,3.0,38.3,371,1.9326145552560647,0
22606,WOODEN SKITTLES GARDEN SET,4304.849999999999,112,303,11,140,12,118.25,4186.599999999999,15.11099290780142,0.03503184713375796,2.0,29.9,368,0.8532608695652174,0
22607,WOODEN ROUNDERS GARDEN SET ,11561.34,224,1265,4,307,12,36.9,11524.439999999999,9.767402597402596,0.0031520882584712374,4.0,37.54,373,3.4021447721179623,3
22608,PENS ASSORTED FUNKY JEWELED ,977.89,63,4897,7,85,11,1.33,976.56,0.20811764705882355,0.0014274061990212073,58.0,11.49,358,13.69832402234637,3
22609,PENS ASSORTED SPACEBALL,1206.2,89,5564,36,119,11,6.84,1199.36,0.27416666666666667,0.0064285714285714285,47.0,10.08,357,15.686274509803921,3
22610,PENS ASSORTED FUNNY FACE,2313.74,123,9110,0,171,12,0.0,2313.74,0.2294186046511628,0.0,53.0,13.53,372,24.489247311827956,2
22611,VINTAGE UNION JACK SHOPPING BAG,1016.85,36,219,0,40,9,0.0,1016.85,4.898780487804878,0.0,5.0,25.42,347,0.6311239193083573,2
22613,PACK OF 20 SPACEBOY NAPKINS,1150.3799999999999,82,1488,10,115,12,8.5,1141.8799999999999,0.8475,0.006675567423230975,13.0,9.93,367,4.081743869209809,3
22614,PACK OF 12 SPACEBOY TISSUES,960.6099999999999,133,2955,37,174,12,14.43,946.18,0.34728813559322036,0.012366310160427808,17.0,5.44,373,8.021447721179625,3
22615,PACK OF 12 CIRCUS PARADE TISSUES ,617.8399999999999,61,2022,12,70,12,4.68,613.16,0.33428571428571424,0.0058997050147492625,29.0,8.76,372,5.467741935483871,3
22616,PACK OF 12 LONDON TISSUES ,7261.7699999999995,195,25329,24,384,12,8.16,7253.61,0.32588832487309644,0.0009466335344929594,66.0,18.89,372,68.15322580645162,3
22617,BAKING SET SPACEBOY DESIGN,10210.890000000001,300,2153,29,439,12,142.15,10068.74,5.0340723981900455,0.013290559120073327,5.0,22.94,373,5.849865951742627,3
22618,COOKING SET RETROSPOT,621.66,25,66,20,28,5,174.18,447.47999999999996,9.845714285714285,0.23255813953488372,3.0,15.98,157,0.5477707006369427,0
22619,SET OF 6 SOLDIER SKITTLES,8571.25,250,2370,4,341,12,15.0,8556.25,3.8580523255813954,0.0016849199663016006,7.0,25.09,373,6.3646112600536195,3
22620,4 TRADITIONAL SPINNING TOPS,5952.83,260,4486,2,365,12,2.9,5949.93,1.4299731182795696,0.000445632798573975,12.0,16.3,373,12.032171581769436,3
22621,TRADITIONAL KNITTING NANCY,9294.57,366,5893,51,513,12,64.75,9229.82,1.640210325047801,0.008580080753701211,12.0,17.99,372,15.978494623655914,3
22622,BOX OF VINTAGE ALPHABET BLOCKS,13035.66,174,1295,13,236,12,151.34999999999997,12884.31,11.131610169491525,0.009938837920489297,6.0,54.59,374,3.4973262032085564,3
22623,BOX OF VINTAGE JIGSAW BLOCKS ,5019.67,166,918,16,224,12,85.2,4934.47,5.819017857142858,0.017130620985010708,4.0,22.03,372,2.510752688172043,0
22624,IVORY KITCHEN SCALES,14638.73,376,1765,17,629,12,137.7,14501.03,8.581955484896662,0.009539842873176206,3.0,23.05,373,4.777479892761394,3
22625,RED KITCHEN SCALES,11836.23,293,1471,24,467,12,198.05,11638.18,8.416552462526766,0.016053511705685617,3.0,24.92,373,4.008042895442359,0
22626,BLACK KITCHEN SCALES,4134.03,134,501,9,187,12,76.5,4057.53,8.50711229946524,0.01764705882352941,3.0,21.7,373,1.3672922252010724,0
22627,MINT KITCHEN SCALES,6574.29,194,789,15,317,12,117.21000000000001,6457.08,8.439274447949527,0.018656716417910446,3.0,20.37,373,2.155495978552279,0
22628,PICNIC BOXES SET OF 3 RETROSPOT ,3607.3,85,774,21,129,12,103.95,3503.35,4.9338461538461535,0.026415094339622643,6.0,27.16,364,2.184065934065934,0
22629,SPACEBOY LUNCH BOX ,24673.14,322,13908,54,712,12,92.7,24580.44,1.9306694560669455,0.003867640739149119,20.0,34.52,374,37.331550802139034,3
22630,DOLLY GIRL LUNCH BOX,20104.09,288,11323,266,625,12,461.0999999999999,19642.989999999998,1.9504113924050634,0.022952800069030978,19.0,31.43,373,31.06970509383378,3
22631,CIRCUS PARADE LUNCH BOX ,6114.83,168,3371,33,261,12,64.35,6050.48,1.9400757575757575,0.009694477085781434,13.0,23.18,374,9.101604278074866,3
22632,HAND WARMER RED POLKA DOT,225.00000000000003,2,120,0,18,1,0.0,225.00000000000003,1.8638888888888892,0.0,7.0,12.5,374,0.32085561497326204,1
22632,HAND WARMER RED RETROSPOT,8513.52,261,4268,17,348,9,33.95,8479.570000000002,2.086281690140845,0.0039673278879813305,12.0,24.37,374,11.457219251336898,3
22633,HAND WARMER UNION JACK,9516.960000000001,301,4730,26,448,8,54.6,9462.36,2.082835497835498,0.0054667788057190915,11.0,21.12,374,12.716577540106952,3
22634,CHILDS BREAKFAST SET SPACEBOY ,6652.0,156,728,41,226,12,381.84999999999997,6270.15,9.695614035087718,0.053315994798439535,3.0,27.74,372,2.067204301075269,0
22635,CHILDS BREAKFAST SET DOLLY GIRL ,6053.049999999999,143,656,84,187,12,727.05,5326.0,9.78121693121693,0.11351351351351352,4.0,28.48,372,1.989247311827957,0
22636,CHILDS BREAKFAST SET CIRCUS PARADE,4656.3,141,566,29,196,12,239.7,4416.6,8.379187817258883,0.04873949579831933,3.0,22.53,371,1.6037735849056605,0
22637,PIGGY BANK RETROSPOT ,6298.37,191,2615,55,285,12,136.2,6162.17,2.5219649122807017,0.020599250936329586,9.0,21.62,362,7.375690607734807,3
22638,SET OF 4 NAPKIN CHARMS CROWNS ,394.41999999999996,37,255,1,39,10,2.55,391.87,2.253846153846154,0.00390625,7.0,10.05,372,0.6881720430107527,2
22639,SET OF 4 NAPKIN CHARMS HEARTS,1730.82,101,762,0,127,12,0.0,1730.82,2.4765384615384614,0.0,6.0,13.63,371,2.0539083557951483,2
22640,SET OF 4 NAPKIN CHARMS 3 KEYS ,341.66999999999996,33,185,0,41,11,0.0,341.66999999999996,2.3797560975609753,0.0,5.0,8.33,370,0.5,2
22641,SET OF 4 NAPKIN CHARMS INSTRUMENT,225.92,23,112,0,24,10,0.0,225.92,2.4058333333333333,0.0,5.0,9.41,371,0.3018867924528302,2
22642,SET OF 4 NAPKIN CHARMS STARS   ,516.8,39,253,0,43,8,0.0,516.8,2.2315555555555555,0.0,6.0,12.02,373,0.67828418230563,2
22643,SET OF 4 NAPKIN CHARMS LEAVES   ,331.28999999999996,29,183,0,30,11,0.0,331.28999999999996,2.0826666666666664,0.0,6.0,11.04,373,0.4906166219839142,2
22644,CERAMIC CHERRY CAKE MONEY BANK,2315.73,147,2043,9,192,12,13.05,2302.68,1.3390624999999998,0.0043859649122807015,11.0,11.99,374,5.4866310160427805,3
22645,CERAMIC HEART FAIRY CAKE MONEY BANK,2243.94,161,1748,17,237,12,24.449999999999996,2219.49,1.4096638655462186,0.009631728045325779,7.0,9.36,373,4.7319034852546915,3
22646,CERAMIC STRAWBERRY CAKE MONEY BANK,4745.3099999999995,185,3919,31,288,12,41.9,4703.41,1.3872852233676976,0.007848101265822785,14.0,16.33,374,10.561497326203208,3
22647,CERAMIC LOVE HEART MONEY BANK,429.84999999999997,34,721,12,37,10,17.4,412.45,0.9440540540540541,0.01637107776261937,20.0,11.15,360,2.036111111111111,3
22649,STRAWBERRY FAIRY CAKE TEAPOT,3638.9,87,748,40,180,12,195.20000000000002,3443.7000000000003,4.927173913043478,0.050761421319796954,4.0,19.13,367,2.147138964577657,0
22650,CERAMIC PIRATE CHEST MONEY BANK,1122.95,78,791,3,108,12,4.35,1118.6,1.4425925925925924,0.003778337531486146,7.0,10.36,371,2.1401617250673852,2
22651,GENTLEMAN SHIRT REPAIR KIT ,1602.7199999999998,73,1992,0,94,12,0.0,1602.7199999999998,0.8942553191489362,0.0,21.0,17.05,373,5.340482573726542,2
22652,TRAVEL SEWING KIT,7779.11,263,4859,15,399,12,24.75,7754.36,1.6592537313432836,0.0030775543701272055,12.0,19.43,359,13.576601671309191,3
22653,BUTTON BOX ,2020.71,74,1071,30,120,12,58.5,1962.21,1.9392682926829268,0.027247956403269755,9.0,16.35,372,2.9596774193548385,3
22654,DELUXE SEWING KIT ,5968.67,159,1057,33,236,12,193.35000000000002,5775.320000000001,6.055822784810126,0.030275229357798167,5.0,24.47,372,2.9301075268817205,0
22655,VINTAGE RED KITCHEN CABINET,8125.0,35,60,10,46,12,1730.5,6394.5,150.66304347826087,0.14285714285714285,2.0,139.01,334,0.20958083832335328,0
22656,VINTAGE BLUE KITCHEN CABINET,3685.0,19,26,6,26,9,800.0,2885.0,143.65384615384616,0.1875,1.0,110.96,303,0.10561056105610561,0
22659,LUNCH BOX I LOVE LONDON,19316.17,214,11075,322,522,12,545.9999999999999,18770.17,1.9229795158286775,0.028253049047995086,22.0,35.96,373,30.554959785522787,3
22660,DOORMAT I LOVE LONDON,2157.33,56,327,0,69,12,0.0,2157.33,7.934782608695652,0.0,5.0,31.27,371,0.8814016172506739,2
22661,CHARLOTTE BAG DOLLY GIRL DESIGN,4011.19,172,5065,13,347,12,10.79,4000.4,0.8448148148148147,0.0025600630169358013,15.0,11.53,372,13.650537634408602,3
22662,LUNCH BAG DOLLY GIRL DESIGN,10330.99,312,6527,16,605,12,26.4,10304.59,1.6559380097879282,0.0024453614549900657,11.0,17.03,373,17.541554959785522,3
22663,JUMBO BAG DOLLY GIRL DESIGN,6006.33,171,3096,11,319,12,21.45,5984.88,2.0546708463949845,0.003540392661731574,10.0,18.76,373,8.32975871313673,3
22664,TOY TIDY DOLLY GIRL DESIGN,1178.18,62,642,12,105,12,25.2,1152.98,2.1170476190476193,0.01834862385321101,6.0,10.98,373,1.7533512064343164,0
22665,RECIPE BOX BLUE SKETCHBOOK DESIGN,3422.0600000000004,163,1218,22,240,12,62.10000000000001,3359.96,2.9739999999999998,0.017741935483870968,5.0,14.0,358,3.463687150837989,3
22666,RECIPE BOX PANTRY YELLOW DESIGN,20838.620000000003,473,7366,151,875,12,421.05,20417.57,2.9600453001132507,0.02008780098443528,9.0,23.33,373,20.152815013404826,3
22667,RECIPE BOX RETROSPOT ,7896.85,233,2851,81,462,11,225.35000000000002,7671.5,2.918443496801706,0.02762619372442019,6.0,16.6,373,7.86058981233244,3
22668,PINK BABY BUNTING,5415.66,162,1954,60,207,12,157.0,5258.66,2.9720289855072464,0.029791459781529295,10.0,25.4,354,5.6892655367231635,3
22669,RED BABY BUNTING ,2969.65,143,1027,50,168,12,127.49999999999999,2842.15,2.9404761904761907,0.04642525533890436,6.0,16.92,372,2.8951612903225805,0
22670,FRENCH WC SIGN BLUE METAL,2192.74,141,1753,5,210,12,6.25,2186.49,1.2653301886792452,0.002844141069397042,8.0,10.41,373,4.71313672922252,3
22671,FRENCH LAUNDRY SIGN BLUE METAL,1463.6599999999999,76,918,1,104,12,1.45,1462.2099999999998,1.7073076923076924,0.001088139281828074,9.0,14.06,370,2.483783783783784,2
22672,FRENCH BATHROOM SIGN BLUE METAL,2227.62,125,1382,16,161,12,26.4,2201.22,1.6576073619631901,0.011444921316165951,9.0,13.67,372,3.7580645161290325,3
22673,FRENCH GARDEN SIGN BLUE METAL,956.83,85,769,12,111,12,15.0,941.83,1.2682142857142857,0.015364916773367477,7.0,8.48,367,2.128065395095368,3
22674,FRENCH TOILET SIGN BLUE METAL,1531.71,106,1270,13,146,12,16.25,1515.46,1.2542953020134227,0.010132501948558068,9.0,10.38,369,3.4769647696476964,3
22675,FRENCH KITCHEN SIGN BLUE METAL,1420.14,94,1173,27,126,12,33.75,1386.39,1.302265625,0.0225,10.0,11.0,361,3.3240997229916895,3
22676,FRENCH BLUE METAL DOOR SIGN 1,1301.14,61,1038,11,140,12,13.75,1287.39,1.2754999999999999,0.010486177311725452,7.0,9.2,366,2.866120218579235,3
22677,FRENCH BLUE METAL DOOR SIGN 2,1092.51,59,874,11,115,12,13.75,1078.76,1.26,0.012429378531073447,8.0,9.38,356,2.485955056179775,3
22678,FRENCH BLUE METAL DOOR SIGN 3,939.93,59,750,11,104,12,13.75,926.18,1.2726923076923078,0.01445466491458607,7.0,8.91,370,2.056756756756757,3
22679,FRENCH BLUE METAL DOOR SIGN 4,809.32,54,646,10,92,12,12.5,796.82,1.2756521739130435,0.01524390243902439,7.0,8.66,362,1.8121546961325967,3
22680,FRENCH BLUE METAL DOOR SIGN 5,929.97,61,743,30,102,12,37.5,892.47,1.2726923076923078,0.03880983182406209,8.0,8.75,366,2.112021857923497,0
22681,FRENCH BLUE METAL DOOR SIGN 6,785.57,45,627,12,84,12,14.81,770.76,1.275232558139535,0.018779342723004695,8.0,9.18,365,1.7506849315068493,0
22682,FRENCH BLUE METAL DOOR SIGN 7,773.11,52,618,11,81,12,13.75,759.36,1.2640243902439026,0.017488076311605722,8.0,9.37,351,1.792022792022792,0
22683,FRENCH BLUE METAL DOOR SIGN 8,720.57,54,575,12,82,12,15.0,705.57,1.278780487804878,0.020442930153321975,7.0,8.6,362,1.6215469613259668,0
22684,FRENCH BLUE METAL DOOR SIGN 9,576.9,41,462,13,63,12,16.25,560.65,1.249047619047619,0.02736842105263158,8.0,8.9,362,1.3121546961325967,0
22685,FRENCH BLUE METAL DOOR SIGN 0,678.15,49,543,10,71,12,12.5,665.65,1.2491549295774647,0.018083182640144666,8.0,9.38,362,1.5276243093922652,0
22686,FRENCH BLUE METAL DOOR SIGN No,997.2,40,859,24,75,12,30.0,967.2,1.2553333333333334,0.027180067950169876,12.0,12.9,373,2.3672922252010724,3
22687,DOORMAT CHRISTMAS VILLAGE,2991.7,30,568,0,35,6,0.0,2991.7,8.836,0.0,16.0,85.48,166,3.4216867469879517,2
22688,DOORMAT PEACE ON EARTH BLUE,3442.04,26,700,0,27,6,0.0,3442.04,7.9585185185185185,0.0,26.0,127.48,373,1.876675603217158,2
22689,DOORMAT MERRY CHRISTMAS RED ,4340.44,95,614,52,114,6,354.0,3986.44,8.742521739130435,0.07807807807807808,6.0,34.97,361,1.8448753462603877,0
22690,DOORMAT HOME SWEET HOME BLUE ,9619.99,198,1595,6,265,12,48.3,9571.69,7.875488721804512,0.0037476577139287947,6.0,36.12,369,4.338753387533876,3
22691,DOORMAT WELCOME SUNRISE,2260.69,65,343,3,97,11,24.15,2236.54,7.943711340206185,0.008670520231213872,4.0,23.06,368,0.9402173913043478,0
22692,DOORMAT WELCOME TO OUR HOME,9451.58,231,1376,3,340,12,23.85,9427.73,7.915352941176471,0.002175489485134155,4.0,27.73,364,3.7884615384615383,3
22693,GROW A FLYTRAP OR SUNFLOWER IN TIN,17226.2,167,15940,72,241,12,90.0,17136.2,1.23551867219917,0.0044966275293529855,66.0,71.1,368,43.51086956521739,3
22694,WICKER STAR ,3328.8,229,1608,52,307,12,109.2,3219.6000000000004,2.096794871794872,0.03132530120481928,5.0,10.49,373,4.450402144772118,3
22695,WICKER WREATH SMALL,850.87,82,695,0,96,11,0.0,850.87,1.333469387755102,0.0,7.0,8.86,374,1.858288770053476,2
22696,WICKER WREATH LARGE,1303.4599999999998,108,692,0,123,12,0.0,1303.4599999999998,1.989375,0.0,6.0,10.6,371,1.8652291105121295,2
22697,GREEN REGENCY TEACUP AND SAUCER,17735.54,390,6406,143,733,12,393.05,17342.49,2.9414285714285713,0.02183539471675065,9.0,23.66,373,17.55764075067024,3
22698,PINK REGENCY TEACUP AND SAUCER,14663.29,321,5307,138,591,11,387.50000000000006,14275.79,2.934309764309764,0.02534435261707989,9.0,24.16,366,14.87704918032787,3
22699,ROSES REGENCY TEACUP AND SAUCER ,24827.25,427,9119,435,836,12,1144.45,23682.8,2.9224644549763035,0.04553066778312748,11.0,28.33,373,25.613941018766756,3
22700,BLACK AND WHITE DOG BOWL,2578.78,41,1192,22,52,10,31.300000000000004,2547.48,2.3309615384615388,0.018121911037891267,23.0,48.99,306,3.9673202614379086,3
22701,PINK DOG BOWL,613.24,39,436,16,57,12,43.0,570.24,2.2656896551724137,0.035398230088495575,8.0,10.0,370,1.2216216216216216,0
22702,BLACK AND WHITE CAT BOWL,2661.8999999999996,35,1357,0,43,12,0.0,2661.8999999999996,1.7930232558139536,0.0,32.0,61.9,360,3.7694444444444444,2
22703,PINK CAT BOWL,249.42000000000002,30,168,0,40,11,0.0,249.42000000000002,1.61,0.0,4.0,6.24,366,0.45901639344262296,2
22704,WRAP RED APPLES ,2157.0,129,5250,50,175,12,21.0,2136.0,0.4190857142857143,0.009433962264150943,30.0,12.21,373,14.20911528150134,3
22705,WRAP GREEN PEARS ,787.5,61,1875,25,75,12,10.5,777.0,0.42,0.013157894736842105,25.0,10.36,369,5.149051490514905,3
22706,WRAP COWBOYS  ,845.0,64,2050,25,70,12,10.5,834.5,0.4188571428571429,0.012048192771084338,30.0,11.92,371,5.592991913746631,3
22707,WRAP MONSTER FUN ,525.0,41,1250,0,47,12,0.0,525.0,0.42,0.0,27.0,11.17,348,3.5919540229885056,2
22708,WRAP DOLLY GIRL,1149.5,79,2775,25,100,12,10.5,1139.0,0.4192,0.008928571428571428,28.0,11.39,365,7.671232876712328,3
22709,WRAP WEDDING DAY,528.5,38,1325,0,39,11,0.0,528.5,0.41641025641025636,0.0,34.0,13.55,337,3.9317507418397626,2
22710,WRAP I LOVE LONDON ,1742.5,79,4425,25,101,12,10.5,1732.0,0.4162376237623762,0.0056179775280898875,44.0,17.15,364,12.225274725274724,3
22711,WRAP CIRCUS PARADE,1171.34,89,2827,25,101,12,10.5,1160.84,0.4192079207920792,0.00876577840112202,28.0,11.49,361,7.900277008310249,3
22712,CARD DOLLY GIRL ,1701.21,141,4271,25,216,11,10.5,1690.71,0.43537037037037035,0.005819366852886406,20.0,7.83,372,11.548387096774194,3
22713,CARD I LOVE LONDON ,1286.92,109,3249,8,150,12,3.36,1283.56,0.4214569536423841,0.002456248081056187,22.0,8.56,371,8.778975741239892,3
22714,CARD BIRTHDAY COWBOY,1324.8899999999999,125,3367,12,156,12,5.04,1319.85,0.4206410256410257,0.003551346552234389,22.0,8.46,371,9.107816711590296,3
22715,CARD WEDDING DAY,615.24,78,1506,0,98,11,0.0,615.24,0.4181632653061224,0.0,15.0,6.28,327,4.605504587155964,2
22716,CARD CIRCUS PARADE,1267.23,167,3076,0,214,12,0.0,1267.23,0.4243457943925234,0.0,14.0,5.92,373,8.246648793565683,2
22717,CARD DOG AND BALL ,487.08,69,1170,0,87,12,0.0,487.08,0.41931034482758617,0.0,13.0,5.6,362,3.2320441988950277,2
22718,CARD CAT AND TREE ,636.48,70,1536,24,106,12,10.08,626.4,0.41886792452830185,0.015384615384615385,15.0,5.91,371,4.204851752021563,3
22719,GUMBALL MONOCHROME COAT RACK,508.07000000000005,25,463,10,38,6,11.17,496.90000000000003,1.19,0.021141649048625793,12.0,13.08,155,3.0516129032258066,0
22720,SET OF 3 CAKE TINS PANTRY DESIGN ,33298.3,640,7010,153,1218,12,725.1500000000001,32573.15,4.951135620915033,0.021359765461398856,6.0,26.74,361,19.842105263157894,3
22721,SET OF 3 CAKE TINS SKETCHBOOK,3942.82,183,908,0,246,12,0.0,3942.82,4.831295546558704,0.0,4.0,16.03,361,2.515235457063712,2
22722,SET OF 6 SPICE TINS PANTRY DESIGN,20482.600000000002,393,5360,30,665,11,118.0,20364.600000000002,3.9168148148148147,0.0055658627087198514,8.0,30.62,360,14.972222222222221,3
22723,SET OF 6 HERB TINS SKETCHBOOK,3686.1400000000003,170,1054,2,237,12,7.9,3678.2400000000002,3.7489166666666667,0.001893939393939394,4.0,15.52,361,2.925207756232687,3
22725,ALARM CLOCK BAKELIKE CHOCOLATE,6559.26,174,1772,48,335,12,180.0,6379.26,3.799410029498525,0.026373626373626374,5.0,19.04,372,4.89247311827957,3
22726,ALARM CLOCK BAKELIKE GREEN,20839.15,323,5630,32,809,12,120.0,20719.15,3.79046398046398,0.00565171317555634,7.0,25.61,374,15.13903743315508,3
22727,ALARM CLOCK BAKELIKE RED ,25868.95,391,7206,71,907,12,266.25,25602.7,3.7663794983642314,0.00975676789885942,8.0,28.23,374,19.4572192513369,3
22728,ALARM CLOCK BAKELIKE PINK,18539.09,292,5066,41,629,12,153.75,18385.34,3.786273584905661,0.00802819659291169,8.0,29.23,374,13.655080213903743,3
22729,ALARM CLOCK BAKELIKE ORANGE,7984.38,181,2179,31,376,11,115.89,7868.49,3.7647120418848163,0.014027149321266969,6.0,20.93,328,6.737804878048781,3
22730,ALARM CLOCK BAKELIKE IVORY,10259.36,242,2721,41,480,12,153.75,10105.61,3.755414937759336,0.014844315713251267,6.0,21.05,374,7.385026737967914,3
22731,3D CHRISTMAS STAMPS STICKERS ,1361.95,85,1075,14,106,6,17.5,1344.45,1.3499999999999999,0.012855831037649219,10.0,12.68,372,2.9274193548387095,3
22732,3D VINTAGE CHRISTMAS STICKERS ,1930.38,102,1522,0,126,6,0.0,1930.38,1.3437795275590552,0.0,12.0,15.32,370,4.113513513513514,2
22733,3D TRADITIONAL CHRISTMAS STICKERS,1882.31,119,1471,0,141,6,0.0,1882.31,1.3340277777777778,0.0,10.0,13.35,371,3.964959568733154,2
22734,SET OF 6 RIBBONS VINTAGE CHRISTMAS,8040.27,278,2839,30,333,7,86.7,7953.570000000001,2.8916326530612246,0.010456605088881143,9.0,23.88,365,7.86027397260274,3
22735,RIBBON REEL SOCKS AND MITTENS,1097.88,73,668,0,86,6,0.0,1097.88,1.7409090909090907,0.0,8.0,12.77,370,1.8054054054054054,2
22736,RIBBON REEL MAKING SNOWMEN ,1807.31,130,1091,13,154,8,21.45,1785.86,1.7232467532467532,0.01177536231884058,7.0,11.6,374,2.9518716577540105,3
22737,RIBBON REEL CHRISTMAS PRESENT ,2073.74,148,1226,40,189,9,66.0,2007.74,1.73586387434555,0.0315955766192733,7.0,10.62,372,3.403225806451613,3
22738,RIBBON REEL SNOWY VILLAGE,3193.03,147,1991,130,178,7,190.5,3002.53,1.698268156424581,0.061291843470061294,12.0,16.87,373,5.686327077747989,3
22739,RIBBON REEL CHRISTMAS SOCK BAUBLE,2676.39,168,1571,10,205,9,16.5,2659.89,1.7436538461538462,0.006325110689437065,8.0,12.98,372,4.25,3
22740,POLKADOT PEN,5475.25,89,6625,0,107,9,0.0,5475.25,0.8451401869158878,0.0,62.0,51.17,300,22.083333333333332,2
22741,FUNKY DIVA PEN,7010.94,107,8328,51,158,12,43.349999999999994,6967.589999999999,0.8541139240506328,0.006086645184389545,53.0,44.1,365,22.956164383561642,3
22742,MAKE YOUR OWN PLAYTIME CARD KIT,1236.24,78,624,2,89,12,5.9,1230.3400000000001,2.6300000000000003,0.003194888178913738,7.0,13.82,373,1.67828418230563,2
22743,MAKE YOUR OWN FLOWERPOWER CARD KIT,2018.8100000000002,116,863,6,149,12,17.700000000000003,2001.1100000000001,2.8089333333333335,0.006904487917146145,6.0,13.43,373,2.329758713136729,3
22744,MAKE YOUR OWN MONSOON CARD KIT,1892.14,123,830,8,148,12,23.6,1868.5400000000002,2.6926666666666668,0.00954653937947494,6.0,12.63,373,2.246648793565684,3
22745,POPPY'S PLAYHOUSE BEDROOM ,3673.15,216,1780,13,319,12,27.300000000000004,3645.8500000000004,2.115077881619938,0.007250418293363078,6.0,11.43,373,4.806970509383378,3
22746,POPPY'S PLAYHOUSE LIVINGROOM ,2724.6200000000003,179,1315,12,254,12,25.200000000000003,2699.42,2.128901960784314,0.00904295403165034,5.0,10.63,372,3.567204301075269,3
22747,POPPY'S PLAYHOUSE BATHROOM,1794.6000000000001,123,876,0,169,12,0.0,1794.6000000000001,2.0956140350877193,0.0,5.0,10.62,371,2.361185983827493,2
22748,POPPY'S PLAYHOUSE KITCHEN,3916.9100000000003,233,1887,13,349,12,27.300000000000004,3889.61,2.125994318181818,0.006842105263157895,5.0,11.15,373,5.093833780160858,3
22749,FELTCRAFT PRINCESS CHARLOTTE DOLL,8022.76,275,2210,0,401,12,0.0,8022.76,3.7540686274509807,0.0,6.0,20.01,374,5.909090909090909,2
22750,FELTCRAFT PRINCESS LOLA DOLL,7095.69,247,1945,6,380,12,22.5,7073.19,3.7668407310704963,0.0030753459764223477,5.0,18.61,373,5.230563002680965,3
22751,FELTCRAFT PRINCESS OLIVIA DOLL,5434.85,184,1511,2,252,12,7.5,5427.35,3.794251968503937,0.0013218770654329147,6.0,21.54,373,4.056300268096515,3
22752,SET 7 BABUSHKA NESTING BOXES,12639.79,188,1651,124,302,12,952.0000000000001,11687.79,8.39953947368421,0.06985915492957746,6.0,38.7,373,4.758713136729223,0
22753,SMALL YELLOW BABUSHKA NOTEBOOK ,613.78,98,917,0,166,12,0.0,613.78,0.7711976047904191,0.0,6.0,3.7,373,2.4584450402144773,2
22754,SMALL RED BABUSHKA NOTEBOOK ,1104.74,120,1800,0,194,12,0.0,1104.74,0.7683505154639175,0.0,9.0,5.69,373,4.825737265415549,2
22755,SMALL PURPLE BABUSHKA NOTEBOOK ,1010.2299999999999,110,1574,0,193,12,0.0,1010.2299999999999,0.7906666666666667,0.0,8.0,5.23,373,4.2198391420911525,2
22756,LARGE YELLOW BABUSHKA NOTEBOOK ,546.88,68,554,0,93,12,0.0,546.88,1.1112903225806452,0.0,6.0,5.88,371,1.4932614555256065,2
22757,LARGE RED BABUSHKA NOTEBOOK ,949.21,81,1008,1,114,12,1.25,947.96,1.1217543859649122,0.0009910802775024777,9.0,8.32,371,2.719676549865229,2
22758,LARGE PURPLE BABUSHKA NOTEBOOK  ,939.52,85,1120,0,127,12,0.0,939.52,1.115625,0.0,9.0,7.4,371,3.018867924528302,2
22759,SET OF 3 NOTEBOOKS IN PARCEL,8267.25,253,5197,24,321,12,39.599999999999994,8227.65,1.6882978723404254,0.004596820532465045,16.0,25.63,364,14.343406593406593,3
22760,"TRAY, BREAKFAST IN BED",3089.85,50,259,6,72,10,74.7,3015.1499999999996,12.5,0.022641509433962263,4.0,41.88,278,0.9532374100719424,0
22761,CHEST 7 DRAWER MA CAMPAGNE,821.3,21,34,2,25,10,43.9,777.4,24.47,0.05555555555555555,1.0,31.1,363,0.09917355371900827,0
22762,CUPBOARD 3 DRAWER MA CAMPAGNE,2070.95,74,145,18,94,12,244.9,1826.05,14.73936170212766,0.11042944785276074,2.0,19.43,367,0.444141689373297,0
22763,KEY CABINET MA CAMPAGNE,1855.6999999999998,76,190,5,96,12,49.75,1805.9499999999998,9.9046875,0.02564102564102564,2.0,18.81,371,0.5256064690026954,0
22764,"RUSTIC WOODEN CABINET, GLASS DOORS",74.85,2,3,1,3,1,24.95,49.9,24.95,0.25,1.0,16.63,17,0.23529411764705882,1
22765,NEWSPAPER STAND,257.37,3,25,0,3,1,0.0,257.37,13.263333333333334,0.0,8.0,85.79,7,3.5714285714285716,1
22766,PHOTO FRAME CORNICE,9277.28,280,3176,41,469,12,120.95000000000002,9156.33,2.954936440677966,0.01274479328566988,7.0,19.52,373,8.624664879356569,3
22767,TRIPLE PHOTO FRAME CORNICE ,6932.83,154,761,35,225,12,348.25,6584.58,9.856844444444445,0.04396984924623116,4.0,29.26,373,2.1340482573726542,0
22768,FAMILY PHOTO FRAME CORNICE,7636.889999999999,186,836,36,258,12,355.29999999999995,7281.589999999999,9.90212355212355,0.04128440366972477,3.0,28.22,373,2.3378016085790883,0
22769,CHALKBOARD KITCHEN ORGANISER,137.7,4,6,10,5,1,225.5,-87.8,23.75,0.625,3.0,-17.56,16,1.0,0
22770,MIRROR CORNICE,1223.25,44,83,4,59,12,59.8,1163.45,14.912711864406779,0.04597701149425287,1.0,19.72,365,0.23835616438356164,0
22771,CLEAR DRAWER KNOB ACRYLIC EDWARDIAN,6803.17,169,5657,30,325,12,37.5,6765.67,1.2448036253776433,0.005275189027606823,17.0,20.82,372,15.28763440860215,3
22772,PINK DRAWER KNOB ACRYLIC EDWARDIAN,3831.72,85,3269,3,172,12,3.75,3827.97,1.2471676300578034,0.0009168704156479218,19.0,22.26,366,8.939890710382514,3
22773,GREEN DRAWER KNOB ACRYLIC EDWARDIAN,2227.52,82,1840,0,145,12,0.0,2227.52,1.2489261744966442,0.0,13.0,15.36,372,4.946236559139785,2
22774,RED DRAWER KNOB ACRYLIC EDWARDIAN,2292.27,57,1983,16,100,12,19.81,2272.46,1.2371287128712871,0.0080040020010005,20.0,22.72,372,5.373655913978495,3
22775,PURPLE DRAWERKNOB ACRYLIC EDWARDIAN,3017.37,80,2492,28,147,12,35.0,2982.37,1.2574172185430463,0.011111111111111112,17.0,20.29,373,6.7560321715817695,3
22776,"CAKESTAND, 3 TIER, LOVEHEART",19.9,1,2,0,1,1,0.0,19.9,9.95,0.0,2.0,19.9,373,0.005361930294906166,1
22776,SWEETHEART 3 TIER CAKE STAND ,2174.1,103,222,24,133,5,219.95,1954.1499999999999,9.906716417910447,0.0975609756097561,2.0,14.69,373,0.6595174262734584,0
22776,SWEETHEART CAKESTAND 3 TIER,8366.65,256,891,69,355,11,643.05,7723.599999999999,9.827464788732392,0.071875,3.0,21.76,373,2.5737265415549597,0
22777,GLASS BELL JAR LARGE,17.0,1,2,0,1,1,0.0,17.0,8.5,0.0,2.0,17.0,232,0.008620689655172414,1
22777,GLASS CLOCHE LARGE,2581.4500000000003,36,329,5,45,6,41.65,2539.8,8.33,0.014970059880239521,7.0,56.44,232,1.4396551724137931,0
22778,GLASS BELL JAR SMALL,15.8,1,4,0,1,1,0.0,15.8,3.95,0.0,4.0,15.8,359,0.011142061281337047,1
22778,GLASS CLOCHE SMALL,2727.95,81,755,64,125,12,223.12,2504.83,3.811923076923077,0.07814407814407814,7.0,20.04,359,2.2813370473537606,0
22779,WOODEN OWLS LIGHT GARLAND ,5768.6,88,1532,25,153,12,106.25,5662.35,4.185225806451613,0.01605651894669236,10.0,37.01,373,4.174262734584451,3
22780,LIGHT GARLAND BUTTERFILES PINK,5018.84,82,1340,25,138,12,106.25,4912.59,4.188142857142857,0.018315018315018316,10.0,35.6,373,3.6595174262734584,3
22781,GUMBALL MAGAZINE RACK,3909.1400000000003,121,532,49,173,12,352.35,3556.79,7.688323699421966,0.08433734939759036,3.0,20.56,373,1.5576407506702412,0
22782,SET 3 WICKER STORAGE BASKETS ,3399.95,65,241,0,74,12,0.0,3399.95,19.355405405405406,0.0,3.0,45.95,359,0.6713091922005571,2
22783,SET 3 WICKER OVAL BASKETS W LIDS,5922.12,29,462,0,32,6,0.0,5922.12,13.858125,0.0,14.0,185.07,196,2.357142857142857,2
22784,LANTERN CREAM GAZEBO ,5676.87,194,1205,41,286,12,200.85000000000002,5476.02,4.973448275862069,0.03290529695024077,4.0,19.15,373,3.3404825737265416,0
22785,SQUARECUSHION COVER PINK UNION FLAG,415.3,23,62,0,25,5,0.0,415.3,6.718,0.0,2.0,16.61,373,0.16621983914209115,1
22785,SQUARECUSHION COVER PINK UNION JACK,382.14,27,150,0,29,8,0.0,382.14,6.103793103448275,0.0,5.0,13.18,373,0.40214477211796246,2
22786,CUSHION COVER PINK UNION JACK,576.64,31,108,0,37,10,0.0,576.64,5.934864864864865,0.0,3.0,15.58,371,0.29110512129380056,2
22788,BROCANTE COAT RACK,1734.05,35,205,6,50,7,56.8,1677.25,9.7996,0.02843601895734597,4.0,33.54,193,1.0932642487046633,0
22789,T-LIGHT HOLDER SWEETHEART HANGING,1574.6399999999999,101,822,1,127,12,1.95,1572.69,1.989375,0.001215066828675577,6.0,12.38,366,2.248633879781421,2
22791,T-LIGHT GLASS FLUTED ANTIQUE,8288.890000000001,184,7264,177,270,11,192.75,8096.14,1.2314022140221401,0.0237871253863728,28.0,29.99,373,19.949061662198392,3
22792,FLUTED ANTIQUE CANDLE HOLDER,1867.9099999999999,100,2289,12,129,12,10.2,1857.7099999999998,0.8651162790697674,0.005215123859191656,18.0,14.4,370,6.218918918918919,3
22794,SWEETHEART WIRE MAGAZINE RACK,2373.0,114,300,5,161,12,39.75,2333.25,7.942546583850931,0.01639344262295082,2.0,14.49,373,0.8176943699731903,0
22795,SWEETHEART RECIPE BOOK STAND,7077.900000000001,170,1098,17,290,10,78.45,6999.45,6.66655290102389,0.015246636771300448,4.0,24.14,373,2.9892761394101877,0
22796,PHOTO FRAME 3 CLASSIC HANGING,5357.549999999999,146,552,55,234,12,524.05,4833.5,9.888559322033897,0.09060955518945635,3.0,20.66,372,1.631720430107527,0
22797,CHEST OF DRAWERS GINGHAM HEART ,2459.04,63,146,14,89,12,237.3,2221.74,17.066179775280897,0.0875,2.0,24.96,371,0.431266846361186,0
22798,ANTIQUE GLASS DRESSING TABLE POT,4684.06,126,1642,45,205,12,132.75000000000003,4551.31,2.974,0.026674570243034972,8.0,22.2,374,4.510695187165775,3
22799,SWEETHEART WIRE FRUIT BOWL,1489.3,70,197,0,79,12,0.0,1489.3,8.127215189873418,0.0,2.0,18.85,367,0.5367847411444142,2
22800,ANTIQUE TALL SWIRLGLASS TRINKET POT,2813.38,109,764,6,143,12,22.5,2790.88,3.7943356643356645,0.007792207792207792,5.0,19.52,373,2.064343163538874,0
22801,ANTIQUE GLASS PEDESTAL BOWL,3212.1,124,887,19,170,12,70.89,3141.21,3.7616091954022988,0.02097130242825607,5.0,18.48,373,2.428954423592493,0
22802,FAUX FUR CHOCOLATE THROW,1035.75,30,65,0,34,10,0.0,1035.75,18.008823529411764,0.0,2.0,30.46,370,0.17567567567567569,1
22803,IVORY EMBROIDERED QUILT ,1715.9,18,46,0,25,10,0.0,1715.9,38.102000000000004,0.0,2.0,68.64,348,0.13218390804597702,1
22804,CANDLEHOLDER PINK HANGING HEART,5739.33,223,2035,12,348,11,35.400000000000006,5703.93,2.941161473087819,0.005862237420615535,6.0,16.39,372,5.502688172043011,3
22804,PINK HANGING HEART T-LIGHT HOLDER,1476.13,50,823,164,69,3,419.8,1056.3300000000002,3.1700000000000004,0.1661600810536981,14.0,15.31,372,2.653225806451613,0
22805,BLUE DRAWER KNOB ACRYLIC EDWARDIAN,1906.68,77,1560,13,124,12,16.25,1890.43,1.2454032258064516,0.008264462809917356,13.0,15.25,373,4.2171581769437,3
22806,SET OF 6 T-LIGHTS WEDDING CAKE ,595.6500000000001,28,243,0,28,10,0.0,595.6500000000001,2.632142857142857,0.0,9.0,21.27,371,0.6549865229110512,2
22807,SET OF 6 T-LIGHTS TOADSTOOLS,1786.1900000000003,74,669,0,107,12,0.0,1786.1900000000003,2.79348623853211,0.0,6.0,16.69,373,1.7935656836461127,2
22808,SET OF 6 T-LIGHTS EASTER CHICKS,899.8000000000002,51,320,18,55,7,53.1,846.7000000000002,2.8572727272727274,0.05325443786982249,6.0,15.39,369,0.9159891598915989,0
22809,SET OF 6 T-LIGHTS SANTA,3476.36,142,1184,24,175,8,66.0,3410.36,3.124463276836158,0.019867549668874173,7.0,19.49,373,3.2386058981233243,3
22810,SET OF 6 T-LIGHTS SNOWMEN,2768.48,106,900,54,139,9,140.1,2628.38,3.158857142857143,0.05660377358490566,7.0,18.91,370,2.5783783783783782,0
22811,SET OF 6 T-LIGHTS CACTI ,1987.9299999999998,38,775,1,56,11,2.95,1984.98,3.008771929824561,0.001288659793814433,14.0,35.45,369,2.102981029810298,2
22812,PACK 3 BOXES CHRISTMAS PANETTONE,95.67,9,39,6,13,2,11.7,83.97,2.453076923076923,0.13333333333333333,3.0,6.46,370,0.12162162162162163,0
22812,PACK 3 BOXES CHRISTMAS PANNETONE,2867.1499999999996,92,1531,15,112,7,29.25,2837.8999999999996,2.1036206896551723,0.009702457956015523,14.0,25.34,370,4.178378378378379,3
22813,PACK 3 BOXES BIRD PANETTONE ,340.33,11,177,0,14,2,0.0,340.33,2.551428571428571,0.0,13.0,24.31,372,0.47580645161290325,2
22813,PACK 3 BOXES BIRD PANNETONE ,3862.9999999999995,110,2088,0,140,12,0.0,3862.9999999999995,2.012857142857143,0.0,15.0,27.59,372,5.612903225806452,2
22814,CARD PARTY GAMES ,628.74,75,1569,0,95,12,0.0,628.74,0.4168421052631579,0.0,17.0,6.62,372,4.217741935483871,2
22815,CARD PSYCHEDELIC APPLES,742.2,79,1798,0,113,12,0.0,742.2,0.4184070796460177,0.0,16.0,6.57,371,4.846361185983827,2
22816,CARD MOTORBIKE SANTA,1405.08,158,3402,0,176,7,0.0,1405.08,0.41830508474576267,0.0,19.0,7.98,373,9.120643431635388,2
22817,CARD SUKI BIRTHDAY,763.08,79,1858,0,126,12,0.0,763.08,0.4180952380952381,0.0,15.0,6.06,365,5.090410958904109,2
22818,CARD CHRISTMAS VILLAGE,1309.32,151,3138,96,165,7,40.31999999999999,1269.0,0.41927272727272724,0.029684601113172542,20.0,7.69,373,8.67024128686327,3
22819,"BIRTHDAY CARD, RETRO SPOT",758.88,94,1848,0,126,12,0.0,758.88,0.41857142857142854,0.0,15.0,6.02,373,4.954423592493297,2
22820,GIFT BAG BIRTHDAY,494.83000000000004,43,761,2,46,12,1.3,493.53000000000003,0.6538297872340426,0.002621231979030144,17.0,10.73,358,2.131284916201117,2
22821,GIFT BAG PSYCHEDELIC APPLES,534.6600000000001,52,822,12,67,12,7.800000000000001,526.86,0.6553731343283583,0.014388489208633094,12.0,7.86,365,2.2849315068493152,3
22822,CREAM WALL PLANTER HEART SHAPED,2396.71,121,416,2,146,12,11.9,2384.81,5.946643835616438,0.004784688995215311,3.0,16.33,372,1.1236559139784945,0
22823,CHEST NATURAL WOOD 20 DRAWERS,2745.0,13,24,0,13,10,0.0,2745.0,118.07692307692308,0.0,2.0,211.15,330,0.07272727272727272,1
22824,3 TIER SWEETHEART GARDEN SHELF,1938.2500000000002,42,55,1,44,12,35.95,1902.3000000000002,35.67727272727273,0.017857142857142856,1.0,43.23,349,0.16045845272206305,0
22825,DECORATIVE PLANT POT WITH FRIEZE,544.5,23,70,2,26,12,13.5,531.0,7.857692307692308,0.027777777777777776,3.0,20.42,362,0.19889502762430938,0
22826,LOVE SEAT ANTIQUE WHITE METAL,6210.0,33,58,4,45,10,517.5,5692.5,115.38888888888889,0.06451612903225806,1.0,126.5,357,0.17366946778711484,0
22827,RUSTIC  SEVENTEEN DRAWER SIDEBOARD,5415.0,21,35,3,29,11,415.0,5000.0,156.0344827586207,0.07894736842105263,1.0,172.41,352,0.10795454545454546,0
22828,REGENCY MIRROR WITH SHUTTERS,1530.0,7,10,0,7,6,0.0,1530.0,156.42857142857142,0.0,1.0,218.57,343,0.029154518950437316,1
22829,SWEETHEART WIRE WALL TIDY,2046.85,80,213,10,99,12,87.9,1958.9499999999998,9.847474747474747,0.04484304932735426,2.0,19.79,346,0.6445086705202312,0
22830,UTILTY CABINET WITH HOOKS,2610.29,5,131,0,6,2,0.0,2610.29,21.771666666666665,0.0,22.0,435.05,43,3.046511627906977,2
22831,WHITE BROCANTE SOAP DISH,1960.2000000000003,91,684,0,104,12,0.0,1960.2000000000003,2.9462264150943396,0.0,7.0,18.85,361,1.894736842105263,2
22832,BROCANTE SHELF WITH HOOKS,1645.45,65,155,7,74,11,75.25,1570.2,10.728378378378379,0.043209876543209874,2.0,21.22,363,0.4462809917355372,0
22833,HALL CABINET WITH 3 DRAWERS,2503.5299999999997,4,75,0,4,3,0.0,2503.5299999999997,45.635000000000005,0.0,19.0,625.88,60,1.25,2
22834,HAND WARMER BABUSHKA DESIGN,6118.43,199,4604,203,295,12,306.05,5812.38,1.8784333333333332,0.042230081131682966,16.0,19.7,374,12.852941176470589,3
22835,HOT WATER BOTTLE I AM SO POORLY,13685.130000000001,317,2939,346,510,12,1475.6999999999998,12209.43,4.855625,0.10532724505327246,6.0,23.94,373,8.806970509383378,3
22837,HOT WATER BOTTLE BABUSHKA ,4437.35,107,983,37,135,7,157.65,4279.7,4.617647058823529,0.03627450980392157,8.0,31.7,299,3.411371237458194,0
22837,HOT WATER BOTTLE BABUSHKA LARGE,37.2,1,8,0,1,1,0.0,37.2,4.65,0.0,8.0,37.2,299,0.026755852842809364,1
22838,3 TIER CAKE TIN RED AND CREAM,8737.78,119,652,128,150,11,1671.6,7066.18,14.728933333333332,0.1641025641025641,5.0,47.11,373,2.091152815013405,0
22839,3 TIER CAKE TIN GREEN AND CREAM,4924.66,108,362,14,146,12,209.29999999999998,4715.36,14.94061224489796,0.03723404255319149,3.0,32.3,371,1.013477088948787,0
22840,ROUND CAKE TIN VINTAGE RED,6576.88,194,888,20,265,12,158.0,6418.88,7.9189056603773595,0.022026431718061675,3.0,24.22,372,2.4408602150537635,0
22841,ROUND CAKE TIN VINTAGE GREEN,3887.53,157,516,13,209,12,103.35000000000001,3784.1800000000003,7.920382775119617,0.024574669187145556,3.0,18.11,371,1.4258760107816713,0
22842,BISCUIT TIN VINTAGE RED,3609.8,120,572,19,160,12,127.45,3482.3500000000004,6.6450000000000005,0.032148900169204735,4.0,21.76,370,1.5972972972972972,0
22843,BISCUIT TIN VINTAGE GREEN,2685.13,92,433,10,122,12,67.5,2617.63,6.697377049180329,0.022573363431151242,4.0,21.46,360,1.2305555555555556,0
22844,VINTAGE CREAM DOG FOOD CONTAINER,6753.85,176,823,28,300,12,227.8,6526.05,8.533953488372092,0.03290246768507638,3.0,21.75,371,2.293800539083558,0
22845,VINTAGE CREAM CAT FOOD CONTAINER,4201.74,155,703,14,244,12,88.1,4113.639999999999,6.376163265306122,0.019525801952580194,3.0,16.86,371,1.9326145552560647,0
22846,BREAD BIN DINER STYLE RED ,9597.31,158,626,25,266,12,399.75,9197.56,16.34642857142857,0.03840245775729647,2.0,34.58,372,1.75,0
22847,BREAD BIN DINER STYLE IVORY,13131.89,214,847,43,371,11,696.8499999999999,12435.039999999999,16.518948787061994,0.048314606741573035,2.0,33.52,372,2.39247311827957,0
22847,"BREAD BIN, DINER STYLE, IVORY",59.8,1,4,0,1,1,0.0,59.8,14.95,0.0,4.0,59.8,372,0.010752688172043012,1
22848,BREAD BIN DINER STYLE PINK,4581.4,68,301,11,119,11,176.45,4404.95,16.22504201680672,0.035256410256410256,3.0,37.02,334,0.9341317365269461,0
22849,BREAD BIN DINER STYLE MINT,4612.66,79,302,15,126,9,234.25,4378.41,16.24111111111111,0.0473186119873817,3.0,34.75,322,0.984472049689441,0
22849,"BREAD BIN, DINER STYLE, MINT",59.8,1,4,0,1,1,0.0,59.8,14.95,0.0,4.0,59.8,322,0.012422360248447204,1
22851,SET 20 NAPKINS FAIRY CAKES DESIGN ,2141.43,198,2601,13,288,12,11.049999999999999,2130.38,0.8633561643835617,0.004973221117061974,9.0,7.4,372,7.026881720430108,3
22852,DOG BOWL VINTAGE CREAM,1507.92,83,354,5,110,12,21.25,1486.67,4.248818181818182,0.013927576601671309,3.0,13.52,363,0.9889807162534435,0
22853,CAT BOWL VINTAGE CREAM,1396.95,76,431,6,102,12,19.5,1377.45,3.2470588235294118,0.013729977116704805,4.0,13.5,369,1.184281842818428,0
22854,CREAM SWEETHEART EGG HOLDER,3547.3,123,750,3,150,10,14.850000000000001,3532.4500000000003,4.917763157894737,0.00398406374501992,5.0,23.55,295,2.552542372881356,0
22855,FINE WICKER HEART ,2982.02,152,2506,12,180,9,15.0,2967.02,1.2352222222222222,0.004765687053216839,14.0,16.48,273,9.223443223443223,3
22856,ASSORTED EASTER DECORATIONS  BELLS,650.28,21,564,21,24,8,26.25,624.03,1.2420833333333332,0.035897435897435895,24.0,26.0,346,1.6907514450867052,0
22857,ASSORTED EASTER GIFT TAGS,933.26,56,1142,0,58,7,0.0,933.26,0.8455172413793103,0.0,20.0,16.09,317,3.6025236593059935,2
22858,EASTER TIN KEEPSAKE,1713.8999999999999,103,1078,10,113,8,16.5,1697.3999999999999,1.644736842105263,0.009191176470588236,10.0,15.02,299,3.6387959866220734,3
22859,EASTER TIN BUNNY BOUQUET,1822.7999999999997,112,1144,32,133,12,52.8,1769.9999999999998,1.6455555555555554,0.027210884353741496,9.0,13.31,346,3.398843930635838,3
22860,EASTER TIN CHICKS PINK DAISY,923.9999999999999,83,560,15,87,8,24.75,899.2499999999999,1.65,0.02608695652173913,7.0,10.34,349,1.6475644699140402,0
22861,EASTER TIN CHICKS IN GARDEN,481.79999999999995,36,292,0,38,5,0.0,481.79999999999995,1.65,0.0,8.0,12.68,129,2.2635658914728682,2
22862,LOVE HEART NAPKIN BOX ,590.75,42,139,0,45,2,0.0,590.75,4.25,0.0,3.0,13.13,55,2.5272727272727273,2
22863,SOAP DISH BROCANTE,1942.45,77,691,13,95,12,38.35000000000001,1904.1000000000001,2.9289473684210527,0.018465909090909092,7.0,20.04,370,1.9027027027027028,0
22865,HAND WARMER OWL DESIGN,16113.730000000001,375,8056,123,583,12,258.05,15855.680000000002,2.112235294117647,0.015038513265680401,14.0,27.2,373,21.927613941018766,3
22866,HAND WARMER SCOTTY DOG DESIGN,12204.660000000002,330,6097,99,475,10,183.9,12020.760000000002,2.0884836065573773,0.015978050355067785,13.0,25.31,373,16.611260053619304,3
22867,HAND WARMER BIRD DESIGN,12064.630000000001,333,5993,53,480,8,111.30000000000001,11953.330000000002,2.1100616016427107,0.008766126364538537,13.0,24.9,373,16.20911528150134,3
22868,NUMBER TILE COTTAGE GARDEN 0 ,103.35,10,53,0,10,8,0.0,103.35,1.95,0.0,5.0,10.34,249,0.21285140562248997,1
22869,NUMBER TILE COTTAGE GARDEN 1,134.54999999999998,19,69,1,20,12,1.95,132.6,1.95,0.014285714285714285,4.0,6.63,362,0.19337016574585636,1
22870,NUMBER TILE COTTAGE GARDEN 2,128.7,14,66,0,15,11,0.0,128.7,1.95,0.0,4.0,8.58,322,0.20496894409937888,1
22871,NUMBER TILE COTTAGE GARDEN 3 ,101.39999999999999,10,52,0,10,7,0.0,101.39999999999999,1.95,0.0,5.0,10.14,316,0.16455696202531644,1
22872,NUMBER TILE COTTAGE GARDEN 4,107.25,13,55,0,13,8,0.0,107.25,1.9499999999999997,0.0,4.0,8.25,249,0.22088353413654618,1
22873,NUMBER TILE COTTAGE GARDEN 5,91.64999999999999,12,47,0,13,7,0.0,91.64999999999999,1.9499999999999997,0.0,4.0,7.05,316,0.14873417721518986,1
22874,NUMBER TILE COTTAGE GARDEN 6,105.3,10,54,0,11,7,0.0,105.3,1.95,0.0,5.0,9.57,277,0.19494584837545126,1
22875,NUMBER TILE COTTAGE GARDEN 7,99.45,14,51,0,14,8,0.0,99.45,1.95,0.0,4.0,7.1,279,0.1827956989247312,1
22876,NUMBER TILE COTTAGE GARDEN 8,101.39999999999999,11,52,0,11,7,0.0,101.39999999999999,1.95,0.0,5.0,9.22,263,0.19771863117870722,1
22877,NUMBER TILE COTTAGE GARDEN 9,109.2,13,56,1,14,7,1.95,107.25,1.95,0.017543859649122806,4.0,7.66,238,0.23949579831932774,1
22878,NUMBER TILE COTTAGE GARDEN No,109.2,11,52,1,12,7,2.1,107.10000000000001,2.1,0.018867924528301886,4.0,8.93,271,0.19557195571955718,1
22879,NUMBER TILE VINTAGE FONT 0,69.34,6,62,0,8,7,0.0,69.34,1.595,0.0,8.0,8.67,290,0.21379310344827587,1
22880,NUMBER TILE VINTAGE FONT 1,84.94,8,70,0,11,8,0.0,84.94,1.6918181818181817,0.0,6.0,7.72,336,0.20833333333333334,1
22881,NUMBER TILE VINTAGE FONT 2,102.49,9,79,0,13,8,0.0,102.49,1.7315384615384615,0.0,6.0,7.88,336,0.23511904761904762,1
22882,NUMBER TILE VINTAGE FONT 3,110.28999999999999,13,83,1,21,10,1.95,108.33999999999999,1.8147619047619048,0.011904761904761904,4.0,5.16,357,0.23529411764705882,1
22883,NUMBER TILE VINTAGE FONT 4,100.53999999999999,9,78,1,12,9,1.95,98.59,1.7133333333333332,0.012658227848101266,7.0,8.22,300,0.2633333333333333,1
22884,NUMBER TILE VINTAGE FONT 5,94.69,12,75,0,16,10,0.0,94.69,1.7725,0.0,5.0,5.92,352,0.21306818181818182,1
22885,NUMBER TILE VINTAGE FONT 6 ,102.49,10,79,1,13,8,1.95,100.53999999999999,1.7315384615384615,0.0125,6.0,7.73,346,0.23121387283236994,1
22886,NUMBER TILE VINTAGE FONT 7,92.74,8,74,0,13,8,0.0,92.74,1.7315384615384615,0.0,6.0,7.13,353,0.2096317280453258,1
22887,NUMBER TILE VINTAGE FONT 8,77.14,8,66,0,11,7,0.0,77.14,1.6918181818181817,0.0,6.0,7.01,357,0.18487394957983194,1
22888,NUMBER TILE VINTAGE FONT 9 ,71.28999999999999,7,63,0,8,7,0.0,71.28999999999999,1.595,0.0,8.0,8.91,346,0.18208092485549132,1
22889,NUMBER TILE VINTAGE FONT No ,156.18,6,143,0,7,5,0.0,156.18,1.7242857142857144,0.0,20.0,22.31,336,0.4255952380952381,2
22890,NOVELTY BISCUITS CAKE STAND 3 TIER,3445.4199999999996,97,360,29,155,12,268.25,3177.1699999999996,9.976089743589743,0.07455012853470437,3.0,20.5,371,1.0485175202156334,0
22891,TEA FOR ONE POLKADOT,1502.01,70,341,29,121,12,123.25,1378.76,4.575619834710744,0.07837837837837838,3.0,11.39,368,1.0054347826086956,0
22892,SET OF SALT AND PEPPER TOADSTOOLS,3000.35,118,2455,96,213,12,115.19,2885.16,1.243474178403756,0.037632301058408466,12.0,13.55,356,7.165730337078652,3
22893,MINI CAKE STAND T-LIGHT HOLDER,591.84,45,1464,21,70,12,8.82,583.02,0.4174647887323944,0.014141414141414142,21.0,8.33,371,4.002695417789758,3
22894,TABLECLOTH RED APPLES DESIGN ,2821.95,82,291,0,109,12,0.0,2821.95,9.696363636363635,0.0,3.0,25.89,369,0.7886178861788617,2
22895,SET OF 2 TEA TOWELS APPLE AND PEARS,5839.59,163,1975,6,239,12,17.700000000000003,5821.89,3.185850622406639,0.003028773346794548,8.0,24.36,372,5.325268817204301,3
22896,PEG BAG APPLE DESIGN,210.0,1,100,0,1,1,0.0,210.0,2.1,0.0,100.0,210.0,371,0.2695417789757412,1
22896,PEG BAG APPLES DESIGN,3336.37,144,1390,18,222,12,45.9,3290.47,2.5944642857142854,0.01278409090909091,6.0,14.82,371,3.7951482479784366,3
22897,OVEN MITT APPLES DESIGN,1847.76,135,1296,42,177,12,60.9,1786.86,1.546629213483146,0.03139013452914798,8.0,10.1,369,3.6260162601626016,3
22898,CHILDRENS APRON APPLES DESIGN,4097.45,201,2189,0,277,12,0.0,4097.45,1.946774193548387,0.0,8.0,14.79,371,5.900269541778976,2
22899,CHILDREN'S APRON DOLLY GIRL ,3984.78,191,1982,5,263,12,10.5,3974.28,2.1181132075471703,0.0025163563160543532,8.0,15.11,374,5.31283422459893,3
22900, SET 2 TEA TOWELS I LOVE LONDON ,7190.95,131,2621,8,195,7,25.4,7165.55,3.0303500000000003,0.0030429821224800305,13.0,36.75,373,7.048257372654155,3
22900,SET 2 TEA TOWELS I LOVE LONDON ,5839.75,112,1947,208,184,7,527.2,5312.55,3.22021164021164,0.09651972157772622,12.0,28.87,373,5.777479892761394,3
22902,TOTE BAG I LOVE LONDON,2289.78,71,1204,24,96,12,50.400000000000006,2239.38,2.0530208333333335,0.019543973941368076,13.0,23.33,369,3.3279132791327912,3
22903,CALENDAR FAMILY FAVOURITES,427.43,21,153,0,32,9,0.0,427.43,2.7590625,0.0,5.0,13.36,360,0.425,2
22904,CALENDAR PAPER CUT DESIGN,5060.84,162,1764,2,235,12,5.9,5054.9400000000005,2.977394957983193,0.0011325028312570782,8.0,21.51,352,5.017045454545454,3
22905,CALENDAR IN SEASON DESIGN,1222.54,50,477,0,67,12,0.0,1222.54,2.7483823529411766,0.0,7.0,18.25,372,1.282258064516129,2
22906,12 MESSAGE CARDS WITH ENVELOPES,2578.6499999999996,150,1621,0,187,12,0.0,2578.6499999999996,1.6417525773195876,0.0,9.0,13.79,373,4.345844504021447,2
22907,PACK OF 20 NAPKINS PANTRY DESIGN,4954.42,357,6088,40,538,12,34.0,4920.42,0.850644007155635,0.006527415143603133,11.0,9.15,373,16.428954423592494,3
22908,PACK OF 20 NAPKINS RED APPLES,3326.39,212,4229,3,315,12,2.55,3323.84,0.8477950310559006,0.0007088846880907373,13.0,10.55,368,11.5,3
22909,SET OF 20 VINTAGE CHRISTMAS NAPKINS,6520.91,368,8111,259,496,9,195.19,6325.719999999999,0.8451669941060904,0.03094384707287933,17.0,12.75,373,22.439678284182307,3
22910,PAPER CHAIN KIT VINTAGE CHRISTMAS,25639.77,470,9423,351,709,12,931.45,24708.32,2.934958217270195,0.03591160220994475,14.0,34.85,374,26.13368983957219,3
22911,PAPER CHAIN KIT LONDON,1243.99,68,437,4,83,11,11.8,1232.19,2.974578313253012,0.009070294784580499,5.0,14.85,369,1.1951219512195121,0
22912,YELLOW COAT RACK PARIS FASHION,1222.74,74,270,6,92,12,29.700000000000003,1193.0400000000002,4.933010752688173,0.021739130434782608,3.0,12.97,363,0.7603305785123967,0
22913,RED COAT RACK PARIS FASHION,1479.69,78,327,4,97,12,19.8,1459.89,4.926494845360825,0.012084592145015106,3.0,15.05,366,0.9043715846994536,0
22914,BLUE COAT RACK PARIS FASHION,1974.69,106,427,5,138,12,24.75,1949.94,4.933597122302158,0.011574074074074073,3.0,14.13,373,1.158176943699732,0
22915,ASSORTED BOTTLE TOP  MAGNETS ,1104.36,110,2928,54,136,12,22.68,1081.68,0.3997810218978102,0.018108651911468814,22.0,7.95,374,7.973262032085562,3
22916,HERB MARKER THYME,1168.4,130,1816,12,187,12,7.800000000000001,1160.6000000000001,0.6494791666666667,0.006564551422319475,10.0,6.21,372,4.913978494623656,3
22917,HERB MARKER ROSEMARY,1191.15,132,1851,12,191,12,7.800000000000001,1183.3500000000001,0.6494791666666667,0.00644122383252818,10.0,6.2,373,4.994638069705094,3
22918,HERB MARKER PARSLEY,1119.15,130,1771,12,188,12,7.800000000000001,1111.3500000000001,0.6489528795811519,0.006730229949523275,9.0,5.91,373,4.7801608579088475,3
22919,HERB MARKER MINT,1070.25,132,1665,12,192,12,7.800000000000001,1062.45,0.6494871794871795,0.007155635062611807,9.0,5.53,372,4.508064516129032,3
22920,HERB MARKER BASIL,1997.7500000000002,133,3325,1527,190,12,841.0500000000001,1156.7,0.6484375,0.31471558120362736,26.0,6.09,373,13.00804289544236,3
22921,HERB MARKER CHIVES ,1055.95,116,1643,12,167,12,7.800000000000001,1048.15,0.6494047619047619,0.0072507552870090634,10.0,6.28,372,4.448924731182796,3
22922,FRIDGE MAGNETS US DINER ASSORTED,1226.3999999999999,73,1482,162,92,12,122.1,1104.3,0.8546739130434782,0.09854014598540146,18.0,12.0,373,4.407506702412869,3
22923,FRIDGE MAGNETS LES ENFANTS ASSORTED,1031.85,65,1269,176,81,12,134.0,897.8499999999999,0.8435802469135802,0.12179930795847752,18.0,11.08,373,3.8739946380697052,3
22924,FRIDGE MAGNETS LA VIE EN ROSE,963.3,63,1170,157,78,12,117.85,845.4499999999999,0.845,0.11831198191409194,17.0,10.84,371,3.5768194070080863,3
22925,BLUE GIANT GARDEN THERMOMETER,2511.7200000000003,125,426,8,167,11,47.6,2464.1200000000003,5.982797619047619,0.018433179723502304,3.0,14.76,331,1.311178247734139,0
22926,IVORY GIANT GARDEN THERMOMETER,3295.7000000000003,140,566,15,188,6,89.25,3206.4500000000003,5.939417989417989,0.025817555938037865,3.0,17.06,161,3.608695652173913,0
22927,GREEN GIANT GARDEN THERMOMETER,2278.25,94,395,14,136,10,83.3,2194.9500000000003,5.935294117647059,0.034229828850855744,3.0,16.14,303,1.3498349834983498,0
22928,YELLOW GIANT GARDEN THERMOMETER,1535.5700000000002,62,251,6,92,12,35.7,1499.8700000000001,6.363695652173914,0.023346303501945526,3.0,16.3,372,0.6908602150537635,0
22929,SCHOOL DESK AND CHAIR ,1199.75,13,19,3,15,7,195.0,1004.75,64.06,0.13636363636363635,1.0,66.98,313,0.07028753993610223,0
22930,BAKING MOULD HEART MILK CHOCOLATE,2513.12,120,1040,96,146,12,201.60000000000002,2311.52,2.562380952380952,0.08450704225352113,8.0,15.83,366,3.1038251366120218,0
22931,BAKING MOULD HEART WHITE CHOCOLATE,1873.51,95,792,0,110,12,0.0,1873.51,2.5514414414414412,0.0,7.0,17.03,366,2.1639344262295084,2
22932,BAKING MOULD TOFFEE CUP  CHOCOLATE,15.299999999999999,1,6,0,1,1,0.0,15.299999999999999,2.55,0.0,6.0,15.3,366,0.01639344262295082,1
22932,BAKING MOULD TOFFEE CUP CHOCOLATE,1935.6000000000001,51,866,120,65,12,262.8,1672.8000000000002,2.4946153846153845,0.12170385395537525,15.0,25.74,366,2.6939890710382515,0
22933,BAKING MOULD EASTER EGG MILK CHOC,2272.2000000000003,82,876,156,93,9,337.80000000000007,1934.4,2.9143617021276595,0.1511627906976744,11.0,20.8,361,2.858725761772853,0
22934,BAKING MOULD EASTER EGG WHITE CHOC,1527.2,65,560,3,70,9,8.850000000000001,1518.3500000000001,2.915714285714286,0.0053285968028419185,8.0,21.69,320,1.759375,2
22935,BAKING MOULD ROSE MILK CHOCOLATE,1964.25,46,673,72,53,12,198.0,1766.25,3.1556603773584904,0.09664429530201342,14.0,33.33,366,2.0355191256830603,0
22936,BAKING MOULD ROSE WHITE CHOCOLATE,766.88,30,258,72,34,10,198.0,568.88,3.288333333333333,0.21818181818181817,10.0,16.73,366,0.9016393442622951,0
22937,BAKING MOULD CHOCOLATE CUP CAKES,30.599999999999998,2,12,0,2,1,0.0,30.599999999999998,2.55,0.0,6.0,15.3,364,0.03296703296703297,1
22937,BAKING MOULD CHOCOLATE CUPCAKES,2358.89,119,915,13,135,12,33.15,2325.74,2.6133333333333333,0.014008620689655173,7.0,17.23,364,2.5494505494505493,3
22937,BAKING MOULD CUPCAKE CHOCOLATE,30.599999999999998,1,12,0,1,1,0.0,30.599999999999998,2.55,0.0,12.0,30.6,364,0.03296703296703297,1
22938,CUPCAKE LACE PAPER SET 6,4355.33,160,2321,60,174,12,117.0,4238.33,1.941931818181818,0.0251994960100798,14.0,24.36,373,6.383378016085791,3
22939,ADULT APRON APPLE DELIGHT,891.9300000000001,32,179,0,40,5,0.0,891.9300000000001,5.8085,0.0,4.0,22.3,366,0.4890710382513661,2
22939,APRON APPLE DELIGHT,1286.65,52,267,14,64,9,69.30000000000001,1217.3500000000001,4.9390625,0.0498220640569395,4.0,19.02,366,0.76775956284153,0
22940,FELTCRAFT CHRISTMAS FAIRY,7658.93,241,1881,29,306,12,78.25,7580.68,4.34022435897436,0.015183246073298429,6.0,24.77,373,5.120643431635389,3
22941,CHRISTMAS LIGHTS 10 REINDEER,12133.0,215,1570,51,273,10,429.25,11703.75,8.444871794871794,0.03146206045650833,6.0,42.87,374,4.334224598930481,0
22942,CHRISTMAS LIGHTS 10 SANTAS ,4100.25,116,580,76,143,8,604.35,3495.9,7.515034965034966,0.11585365853658537,5.0,24.45,373,1.7587131367292226,0
22943,CHRISTMAS LIGHTS 10 VINTAGE BAUBLES,5939.280000000001,133,1274,28,169,11,135.8,5803.4800000000005,4.95698224852071,0.021505376344086023,8.0,34.34,370,3.518918918918919,3
22944,CHRISTMAS METAL POSTCARD WITH BELLS,1125.94,51,2704,13,59,7,5.93,1120.01,0.5287096774193548,0.004784688995215311,46.0,18.98,369,7.363143631436315,3
22945,CHRISTMAS METAL TAGS ASSORTED ,2395.93,118,2857,180,140,9,134.27999999999997,2261.6499999999996,0.8901398601398601,0.059269015475798485,22.0,16.15,370,8.208108108108108,3
22946,WOODEN ADVENT CALENDAR CREAM,5323.05,66,369,17,96,9,237.75,5085.3,16.278350515463917,0.04404145077720207,4.0,52.97,372,1.0376344086021505,0
22947,WOODEN ADVENT CALENDAR RED,5047.6,81,536,5,107,7,39.75,5007.85,10.256542056074768,0.009242144177449169,5.0,46.8,364,1.4862637362637363,0
22948,METAL DECORATION NAUGHTY CHILDREN ,1284.86,69,1454,6,99,12,5.1,1279.76,0.9234285714285714,0.00410958904109589,15.0,12.93,370,3.945945945945946,3
22949,36 DOILIES DOLLY GIRL,1294.85,71,893,12,75,12,17.4,1277.4499999999998,1.45,0.013259668508287293,12.0,17.03,359,2.520891364902507,3
22949,SET OF 36 DOLLY GIRL PAPER DOILIES,60.9,13,42,2,13,2,2.9,58.0,1.4499999999999997,0.045454545454545456,3.0,4.46,359,0.12256267409470752,0
22950,36 DOILIES VINTAGE CHRISTMAS,7004.799999999999,151,5152,324,163,6,412.2,6592.599999999999,1.435276073619632,0.0591672753834916,34.0,40.45,152,36.026315789473685,3
22950,SET OF 36 VINTAGE CHRISTMAS DOILIES,39.15,7,27,1,7,1,1.45,37.699999999999996,1.45,0.03571428571428571,4.0,5.39,152,0.18421052631578946,1
22951,60 CAKE CASES DOLLY GIRL DESIGN,3735.61,237,7211,120,359,12,66.0,3669.61,0.5630219780219781,0.016368844632383032,20.0,10.22,373,19.654155495978554,3
22952,60 CAKE CASES VINTAGE CHRISTMAS,7405.200000000001,342,14712,312,470,10,140.4,7264.8,0.5421946169772257,0.020766773162939296,32.0,15.46,373,40.27882037533512,3
22952,72 CAKE CASES VINTAGE CHRISTMAS,13.200000000000001,1,24,0,1,1,0.0,13.200000000000001,0.55,0.0,24.0,13.2,373,0.064343163538874,1
22953,BIRTHDAY BANNER TAPE,30.0,1,24,0,1,1,0.0,30.0,1.25,0.0,24.0,30.0,372,0.06451612903225806,1
22953,BIRTHDAY PARTY CORDON BARRIER TAPE,548.63,60,436,0,81,12,0.0,548.63,1.2795121951219512,0.0,5.0,6.77,372,1.1720430107526882,2
22954,HEN PARTY CORDON BARRIER TAPE,200.0,20,160,1,29,11,1.25,198.75,1.25,0.006211180124223602,6.0,6.85,347,0.46397694524495675,2
22955,36 FOIL STAR CAKE CASES ,1912.3400000000001,91,1141,0,107,12,0.0,1912.3400000000001,1.9925688073394494,0.0,11.0,17.87,373,3.058981233243968,2
22956,36 FOIL HEART CAKE CASES,3814.3700000000003,145,1998,152,173,12,283.20000000000005,3531.1700000000005,2.0491477272727274,0.07069767441860465,12.0,20.41,373,5.7640750670241285,3
22957,SET 3 PAPER VINTAGE CHICK PAPER EGG,4872.3,179,1746,26,200,6,71.9,4800.400000000001,2.9282178217821784,0.014672686230248307,9.0,24.0,258,6.868217054263566,3
22959,WRAP CHRISTMAS VILLAGE,2003.92,133,4876,300,143,6,126.0,1877.92,0.41846153846153844,0.05795981452859351,36.0,13.13,144,35.94444444444444,3
22960,JAM MAKING SET WITH JARS,32616.22,574,8151,246,965,12,1004.5,31611.72,4.1764596273291925,0.029296177206145052,9.0,32.76,373,22.512064343163537,3
22961,JAM MAKING SET PRINTED,21147.55,538,15039,331,880,12,425.75,20721.8,1.4709399773499432,0.021535458685751463,17.0,23.55,373,41.206434316353885,3
22962,JAM JAR WITH PINK LID,2947.47,181,3675,85,267,12,72.11999999999999,2875.35,0.8456179775280899,0.022606382978723406,14.0,10.77,370,10.162162162162161,3
22963,JAM JAR WITH BLUE LID,17.28,1,24,0,1,1,0.0,17.28,0.72,0.0,24.0,17.28,370,0.06486486486486487,1
22963,JAM JAR WITH GREEN LID,2433.88,165,3046,115,221,12,90.86,2343.02,0.8447058823529412,0.036380892122745964,14.0,10.6,370,8.543243243243243,3
22964,3 PIECE SPACEBOY COOKIE CUTTER SET,5026.240000000001,218,2510,14,303,12,29.400000000000002,4996.84,2.133267973856209,0.005546751188589541,8.0,16.49,373,6.766756032171582,3
22965,3 TRADITIONAL COOKIE CUTTERS  SET,304.20000000000005,4,162,0,4,2,0.0,304.20000000000005,2.0375,0.0,40.0,76.05,371,0.4366576819407008,2
22965,3 TRADITIONAl BISCUIT CUTTERS  SET,2418.0200000000004,169,1154,26,206,12,54.60000000000001,2363.42,2.1270048309178744,0.022033898305084745,6.0,11.47,371,3.1805929919137466,3
22966,GINGERBREAD MAN COOKIE CUTTER,8615.130000000001,388,7196,5,556,11,6.25,8608.880000000001,1.2613756613756615,0.0006943480072212193,13.0,15.48,373,19.305630026809652,3
22967,SET 3 SONG BIRD PAPER EGGS ASSORTED,3224.65,122,1159,22,135,7,64.9,3159.75,2.9292592592592595,0.018628281117696866,9.0,23.41,328,3.600609756097561,3
22968,ROSE COTTAGE KEEPSAKE BOX ,6565.0,118,728,20,154,12,188.85,6376.15,9.714610389610389,0.026737967914438502,5.0,41.4,349,2.1432664756446993,0
22969,HOMEMADE JAM SCENTED CANDLES,17504.2,429,12080,140,526,12,185.79999999999998,17318.399999999998,1.4503422053231938,0.011456628477905073,23.0,32.92,373,32.761394101876675,3
22970,LONDON BUS COFFEE MUG,9582.15,180,4213,16,279,12,33.6,9548.550000000001,2.487544483985765,0.003783400331047529,15.0,34.22,358,11.812849162011172,3
22971,QUEENS GUARD COFFEE MUG,5603.57,165,2365,16,238,12,37.65,5565.92,2.5187916666666665,0.006719865602687947,10.0,23.39,358,6.650837988826815,3
22972,CHILDREN'S SPACEBOY MUG,2746.1599999999994,137,1688,34,186,12,56.099999999999994,2690.0599999999995,1.653422459893048,0.019744483159117306,9.0,14.46,373,4.616621983914209,3
22972,CHILDRENS SPACEBOY MUG,39.599999999999994,2,24,0,2,1,0.0,39.599999999999994,1.65,0.0,12.0,19.8,373,0.064343163538874,1
22973,CHILDREN'S CIRCUS PARADE MUG,1914.5799999999997,81,1186,22,115,12,36.3,1878.2799999999997,1.6713793103448276,0.018211920529801324,11.0,16.33,372,3.247311827956989,3
22974,CHILDRENS DOLLY GIRL MUG,2443.14,126,1514,20,164,12,33.0,2410.14,1.684909090909091,0.01303780964797914,9.0,14.7,370,4.145945945945946,3
22975,SPACEBOY CHILDRENS EGG CUP,1405.97,110,1118,1,143,12,1.25,1404.72,1.2750344827586206,0.0008936550491510277,8.0,9.82,372,3.0080645161290325,2
22976,CIRCUS PARADE CHILDRENS EGG CUP ,1282.34,77,1022,13,114,12,16.25,1266.09,1.2605217391304349,0.012560386473429951,9.0,11.11,373,2.774798927613941,3
22977,DOLLY GIRL CHILDRENS EGG CUP,1131.21,98,904,1,112,12,1.25,1129.96,1.26070796460177,0.0011049723756906078,8.0,10.09,369,2.4525745257452574,2
22978,PANTRY ROLLING PIN,9180.529999999999,153,2406,75,209,11,272.61,8907.92,3.7504306220095693,0.030229746070133012,12.0,42.62,290,8.555172413793104,3
22979,PANTRY WASHING UP BRUSH,5785.71,225,3913,91,309,10,117.55000000000001,5668.16,1.495176848874598,0.022727272727272728,13.0,18.34,282,14.198581560283689,3
22980,PANTRY SCRUBBING BRUSH,3656.9399999999996,198,2286,81,248,11,124.04999999999998,3532.8899999999994,1.6731999999999998,0.034220532319391636,10.0,14.25,296,7.996621621621622,3
22981,PANTRY APPLE CORER,601.9499999999999,58,435,6,74,10,8.7,593.25,1.4474025974025975,0.013605442176870748,6.0,8.02,279,1.5806451612903225,0
22982,PANTRY PASTRY BRUSH,1307.05,120,1044,24,148,10,30.0,1277.05,1.3141216216216216,0.02247191011235955,7.0,8.63,282,3.7872340425531914,3
22983,CARD BILLBOARD FONT,2067.75,223,5026,133,334,12,48.599999999999994,2019.15,0.42715568862275444,0.025780189959294438,15.0,6.05,372,13.868279569892474,3
22984,CARD GINGHAM ROSE ,1063.66,91,2654,0,140,12,0.0,1063.66,0.42157142857142854,0.0,19.0,7.6,366,7.251366120218579,2
22985,WRAP BILLBOARD FONTS DESIGN,756.0,52,1800,0,62,10,0.0,756.0,0.42,0.0,29.0,12.19,372,4.838709677419355,2
22985,"WRAP, BILLBOARD FONTS DESIGN",731.0,34,1950,0,34,6,0.0,731.0,0.4152941176470588,0.0,57.0,21.5,372,5.241935483870968,2
22986,GINGHAM ROSE WRAP,766.5,68,1825,0,72,7,0.0,766.5,0.42,0.0,25.0,10.65,371,4.919137466307277,2
22986,WRAP GINGHAM ROSE ,943.92,69,2276,25,83,7,10.5,933.42,0.4192771084337349,0.01086484137331595,28.0,11.25,371,6.202156334231806,3
22987,WRAP SUMMER ROSE DESIGN,42.0,4,100,0,4,4,0.0,42.0,0.42,0.0,25.0,10.5,122,0.819672131147541,2
22988,SOLDIERS EGG CUP ,10070.220000000001,198,8757,112,335,11,132.78,9937.44,1.2557227138643068,0.012628255722178374,26.0,29.66,373,23.777479892761395,3
22989,SET 2 PANTRY DESIGN TEA TOWELS,8310.17,241,2693,24,315,11,78.0,8232.17,3.229719626168224,0.008833271991166729,9.0,26.13,309,8.792880258899677,3
22990,COTTON APRON PANTRY DESIGN,2670.54,117,602,126,151,11,553.6999999999999,2116.84,4.76921568627451,0.17307692307692307,5.0,14.02,306,2.3790849673202614,0
22991,GIRAFFE WOODEN RULER,6816.84,185,3708,708,239,11,1174.2,5642.639999999999,2.0461475409836067,0.16032608695652173,18.0,23.61,296,14.91891891891892,3
22992,REVOLVER WOODEN RULER ,8944.439999999999,217,4914,710,292,11,1181.7,7762.74,1.9597999999999998,0.12624466571834994,19.0,26.58,296,19.0,3
22993,SET OF 4 PANTRY JELLY MOULDS,14151.42,431,11769,68,875,11,85.0,14066.42,1.256932584269663,0.005744698825715975,14.0,16.08,296,39.98986486486486,3
22994,TRAVEL CARD WALLET RETROSPOT,882.24,89,2104,30,166,11,12.6,869.64,0.4196407185628742,0.014058106841611996,13.0,5.24,296,7.20945945945946,3
22995,TRAVEL CARD WALLET SUKI,932.88,90,2228,49,186,11,20.580000000000002,912.3,0.4193617021276596,0.021519543258673692,12.0,4.9,295,7.71864406779661,3
22996,TRAVEL CARD WALLET VINTAGE TICKET,1875.12,155,4540,26,296,11,10.92,1864.2,0.41940397350993375,0.0056942619360490585,15.0,6.3,295,15.477966101694916,3
22997,TRAVEL CARD WALLET UNION JACK,1038.9,101,2477,78,189,11,32.76,1006.14,0.41968421052631577,0.030528375733855185,14.0,5.32,293,8.720136518771332,3
22998,TRAVEL CARD WALLET KEEP CALM,4641.32,218,11645,177,448,11,74.34,4566.98,0.42762749445676274,0.014972085941465065,26.0,10.19,296,39.939189189189186,3
22999,TRAVEL CARD WALLET RETRO PETALS,623.94,61,1489,0,88,5,0.0,623.94,0.4193406593406593,0.0,17.0,7.09,295,5.047457627118644,2
22999,TRAVEL CARD WALLET VINTAGE LEAF,554.4,66,1320,3,99,7,1.26,553.14,0.42,0.0022675736961451248,13.0,5.59,295,4.4847457627118645,2
23000,TRAVEL CARD WALLET TRANSPORT,1274.76,126,3042,39,209,11,16.38,1258.38,0.4197142857142857,0.012658227848101266,15.0,6.02,296,10.408783783783784,3
23002,TRAVEL CARD WALLET SKULLS,860.4,85,2052,128,148,11,53.76,806.64,0.4196,0.05871559633027523,15.0,5.45,296,7.364864864864865,3
23003,TRAVEL CARD WALLET VINTAGE ROSE ,225.78,38,541,0,52,5,0.0,225.78,0.41886792452830185,0.0,10.0,4.34,116,4.663793103448276,2
23004,TRAVEL CARD WALLET PANTRY,779.9,73,1853,184,127,11,77.28,702.62,0.42946153846153845,0.09032891507118311,16.0,5.53,296,6.881756756756757,3
23005,TRAVEL CARD WALLET I LOVE LONDON,1767.72,105,4346,1,176,9,0.42,1767.3,0.4193296089385475,0.00023004370830457787,25.0,10.04,295,14.735593220338982,2
23006,TRAVEL CARD WALLET FLOWER MEADOW,709.62,88,1693,78,135,11,32.76,676.86,0.41955555555555557,0.044042913608131,13.0,5.01,293,6.044368600682594,3
23007, SPACEBOY BABY GIFT SET,7048.549999999999,110,449,6,145,10,101.69999999999999,6946.849999999999,16.52241379310345,0.013186813186813187,3.0,47.91,275,1.6545454545454545,0
23008,DOLLY GIRL BABY GIFT SET,6534.049999999999,99,419,7,124,10,118.65,6415.4,16.433870967741935,0.01643192488262911,3.0,51.74,270,1.5777777777777777,0
23009,I LOVE LONDON BABY GIFT SET,3262.5499999999997,48,209,0,61,10,0.0,3262.5499999999997,16.425409836065572,0.0,3.0,53.48,273,0.7655677655677655,2
23010,CIRCUS PARADE BABY GIFT SET,4444.75,73,285,3,91,10,50.849999999999994,4393.9,16.48846153846154,0.010416666666666666,3.0,48.28,270,1.0666666666666667,0
23012,GLASS APOTHECARY BOTTLE PERFUME,3763.6400000000003,151,1014,8,203,7,31.6,3732.0400000000004,3.8833658536585367,0.007827788649706457,5.0,18.38,178,5.741573033707865,3
23013,GLASS APOTHECARY BOTTLE TONIC,3211.09,135,865,6,183,7,23.7,3187.3900000000003,3.886630434782609,0.006888633754305396,5.0,17.42,177,4.9209039548022595,3
23014,GLASS APOTHECARY BOTTLE ELIXIR,2951.78,122,798,9,163,7,35.55,2916.2300000000005,3.908666666666667,0.011152416356877323,5.0,17.89,178,4.533707865168539,3
23015,CORDIAL GLASS JUG,247.5,14,30,7,16,5,57.75,189.75,8.25,0.1891891891891892,2.0,11.86,155,0.23870967741935484,0
23015,CORDIAL JUG,49.5,2,6,0,2,2,0.0,49.5,8.25,0.0,3.0,24.75,155,0.03870967741935484,1
23016,GLASS TWIST BON BON JAR,512.85,19,69,3,20,7,19.950000000000003,492.9,7.67,0.041666666666666664,4.0,24.64,173,0.4161849710982659,0
23017,APOTHECARY MEASURING JAR,751.4000000000001,20,64,1,22,6,12.5,738.9000000000001,12.193181818181818,0.015384615384615385,3.0,33.59,149,0.436241610738255,0
23018,LARGE APOTHECARY MEASURING JAR ,587.2,19,50,0,20,6,0.0,587.2,12.2975,0.0,2.0,29.36,144,0.3472222222222222,1
23019,SMALL APOTHECARY MEASURING JAR ,629.0500000000001,26,81,0,28,7,0.0,629.0500000000001,8.078571428571427,0.0,3.0,22.47,170,0.4764705882352941,1
23020,GLASS  SONGBIRD STORAGE JAR,1965.3,65,165,6,75,7,73.65,1891.65,12.338000000000001,0.03508771929824561,2.0,25.22,177,0.9661016949152542,0
23020,GLASS SONGBIRD STORAGE JAR,126.7,3,11,0,3,3,0.0,126.7,12.049999999999999,0.0,4.0,42.23,177,0.062146892655367235,1
23021,GLASS BONNE JAM JAR,475.95000000000005,24,117,0,25,7,0.0,475.95000000000005,4.134,0.0,5.0,19.04,167,0.7005988023952096,2
23022,SMALL BONNE JAM JAR  T-LIGHT HOLDER,795.6800000000001,19,416,30,23,7,62.400000000000006,733.28,2.0336000000000003,0.06726457399103139,19.0,31.88,173,2.578034682080925,0
23023,RIDGED BONNE JAM JAR T-LIGHT HOLDER,411.43999999999994,23,260,2,24,7,3.3,408.13999999999993,1.7016666666666664,0.007633587786259542,11.0,17.01,168,1.5595238095238095,2
23024,LARGE BONNE JAM JAR  T-LIGHT HOLDER,662.0600000000001,8,254,2,11,6,4.98,657.08,2.7081818181818185,0.0078125,23.0,59.73,145,1.7655172413793103,2
23025,DRAWER KNOB VINTAGE GLASS BALL,669.61,40,317,6,47,7,12.48,657.13,2.123617021276596,0.018575851393188854,7.0,13.98,159,2.0314465408805034,0
23026,DRAWER KNOB VINTAGE GLASS STAR,1016.97,43,503,14,55,7,29.12,987.85,2.1057894736842107,0.027079303675048357,9.0,17.96,174,2.971264367816092,0
23027,DRAWER KNOB VINTAGE GLASS HEXAGON,596.96,26,287,0,27,7,0.0,596.96,2.08,0.0,11.0,22.11,163,1.7607361963190185,2
23028,DOORKNOB CRACKED GLAZE BLUE,238.49999999999997,3,162,0,3,2,0.0,238.49999999999997,1.5833333333333333,0.0,54.0,79.5,142,1.1408450704225352,2
23028,DRAWER KNOB CRACKLE GLAZE BLUE,1751.7899999999997,87,1079,7,114,6,11.55,1740.2399999999998,1.660782608695652,0.006445672191528545,10.0,15.27,142,7.647887323943662,3
23029,DOORKNOB CRACKED GLAZE GREEN,19.799999999999997,2,12,0,2,2,0.0,19.799999999999997,1.65,0.0,6.0,9.9,178,0.06741573033707865,1
23029,DRAWER KNOB CRACKLE GLAZE GREEN,2060.3999999999996,97,1272,28,144,7,46.199999999999996,2014.1999999999998,1.6472222222222221,0.021538461538461538,9.0,13.99,178,7.303370786516854,3
23031,DOORKNOB CRACKED GLAZE PINK,19.799999999999997,2,12,0,2,2,0.0,19.799999999999997,1.65,0.0,6.0,9.9,177,0.06779661016949153,1
23031,DRAWER KNOB CRACKLE GLAZE PINK,1967.9999999999998,93,1216,20,145,7,33.0,1934.9999999999998,1.6472413793103449,0.016181229773462782,9.0,13.34,177,6.983050847457627,3
23032,DOORKNOB CRACKED GLAZE IVORY,258.29999999999995,5,174,0,5,3,0.0,258.29999999999995,1.6099999999999999,0.0,35.0,51.66,170,1.0235294117647058,2
23032,DRAWER KNOB CRACKLE GLAZE IVORY,3348.5999999999995,115,2076,46,188,7,75.89999999999999,3272.7,1.6458333333333333,0.021677662582469368,11.0,17.41,170,12.48235294117647,3
23033,DRAWER KNOB CERAMIC RED,943.75,42,679,0,59,7,0.0,943.75,1.4398305084745764,0.0,12.0,16.0,178,3.8146067415730336,2
23034,DRAWER KNOB CERAMIC BLACK,1314.95,57,935,6,79,7,8.7,1306.25,1.4425925925925924,0.006376195536663124,12.0,16.53,178,5.286516853932584,3
23035,DOORKNOB CERAMIC IVORY,52.199999999999996,1,36,0,1,1,0.0,52.199999999999996,1.45,0.0,36.0,52.2,177,0.2033898305084746,1
23035,DRAWER KNOB CERAMIC IVORY,2863.39,110,2035,9,167,7,13.049999999999999,2850.3399999999997,1.4538095238095237,0.004403131115459882,12.0,17.07,177,11.548022598870057,3
23036,T-LIGHT HOLDER SILVER PETIT FOUR ,227.5,14,182,0,15,7,0.0,227.5,1.25,0.0,12.0,15.17,167,1.089820359281437,2
23037,CANDLE HOLDER SILVER MADELINE,315.28999999999996,17,193,0,18,7,0.0,315.28999999999996,1.7299999999999998,0.0,11.0,17.52,168,1.1488095238095237,2
23038,T-LIGHT HOLDER SILVER SAUCER,38.029999999999994,4,41,0,6,4,0.0,38.029999999999994,1.2299999999999998,0.0,7.0,6.34,148,0.27702702702702703,1
23039,T-LIGHT HOLDER SILVER HEART HANDLE,370.79999999999995,22,192,6,23,7,11.7,359.09999999999997,1.9375,0.030303030303030304,9.0,15.61,169,1.1715976331360947,0
23040,PAPER LANTERN 9 POINT SNOW STAR,69.0,4,12,0,4,3,0.0,69.0,5.75,0.0,3.0,17.25,225,0.05333333333333334,1
23040,PAPER LANTERN 9 POINT SNOW STAR ,1249.5,30,234,0,32,8,0.0,1249.5,5.726470588235294,0.0,7.0,39.05,225,1.04,2
23041,PAPER LANTERN 6 POINT SNOW STAR,107.9,6,26,0,6,4,0.0,107.9,4.15,0.0,4.0,17.98,225,0.11555555555555555,1
23041,PAPER LANTERN 9 POINT SNOW STAR,971.1,40,234,24,43,9,99.60000000000001,871.5000000000001,4.15,0.09302325581395349,6.0,20.27,225,1.1466666666666667,0
23042,PAPER LANTERN 7 POINT SNOW STAR,658.35,25,99,10,26,9,66.5,591.85,6.65,0.09174311926605505,4.0,22.76,218,0.5,0
23043,PAPER LANTERN 9 POINT HOLLY STAR 40,37.5,3,6,0,3,1,0.0,37.5,6.25,0.0,2.0,12.5,203,0.029556650246305417,1
23043,PAPER LANTERN 9 POINT HOLLY STAR L,431.25,15,69,0,16,5,0.0,431.25,6.25,0.0,4.0,26.95,203,0.3399014778325123,1
23044,PAPER LANTERN 9 POINT HOLLY STAR 23,74.7,5,18,0,5,3,0.0,74.7,4.15,0.0,4.0,14.94,208,0.08653846153846154,1
23044,PAPER LANTERN 9 POINT HOLLY STAR S,340.3,19,82,0,19,7,0.0,340.3,4.15,0.0,4.0,17.91,208,0.3942307692307692,1
23045,PAPER LANTERN 5 POINT STAR MOON ,439.90000000000003,17,106,20,19,5,83.0,356.90000000000003,4.15,0.15873015873015872,7.0,18.78,208,0.6057692307692307,0
23045,PAPER LANTERN 5 POINT STAR MOON 30,41.5,5,10,0,5,2,0.0,41.5,4.15,0.0,2.0,8.3,208,0.04807692307692308,1
23046,PAPER LANTERN 9 POINT DELUXE STAR,2091.55,31,347,0,34,7,0.0,2091.55,6.623529411764706,0.0,10.0,61.52,212,1.6367924528301887,2
23047,PAPER LANTERN 5 POINT SEQUIN STAR,287.5,21,50,0,21,7,0.0,287.5,5.75,0.0,2.0,13.69,201,0.24875621890547264,1
23047,PAPER LANTERN 5 POINT STUDDED STAR,46.0,4,8,0,4,3,0.0,46.0,5.75,0.0,2.0,11.5,201,0.03980099502487562,1
23048,SET OF 10 LANTERNS FAIRY LIGHT STAR,2248.1400000000003,81,560,32,89,9,132.8,2115.34,4.190652173913044,0.05405405405405406,7.0,23.77,222,2.6666666666666665,0
23049,RECYCLED ACAPULCO MAT RED,3572.75,103,435,3,171,10,24.75,3548.0,8.245321637426901,0.00684931506849315,3.0,20.75,273,1.6043956043956045,0
23050,RECYCLED ACAPULCO MAT GREEN,3763.55,116,459,1,177,10,8.25,3755.3,8.240960451977402,0.002173913043478261,3.0,21.22,277,1.660649819494585,0
23051,RECYCLED ACAPULCO MAT BLUE,2741.35,95,335,2,135,10,16.5,2724.85,8.238148148148149,0.005934718100890208,2.0,20.18,276,1.2210144927536233,0
23052,RECYCLED ACAPULCO MAT TURQUOISE,4694.75,147,571,1,222,10,8.25,4686.5,8.246396396396397,0.0017482517482517483,3.0,21.11,274,2.0875912408759123,0
23053,RECYCLED ACAPULCO MAT PINK,2589.9,105,318,1,130,10,8.25,2581.65,8.231538461538461,0.003134796238244514,2.0,19.86,279,1.1433691756272402,0
23054,RECYCLED ACAPULCO MAT LAVENDER,2189.7,81,266,1,110,9,8.25,2181.45,8.242727272727274,0.003745318352059925,2.0,19.83,276,0.967391304347826,0
23055,IVORY CHANDELIER T-LIGHT HOLDER,1286.72,33,560,336,40,8,594.72,692.0,5.244761904761905,0.375,22.0,17.3,212,4.226415094339623,0
23056,CRYSTAL CHANDELIER T-LIGHT HOLDER,18.75,1,3,0,1,1,0.0,18.75,6.25,0.0,3.0,18.75,218,0.013761467889908258,1
23056,FLOWERS CHANDELIER T-LIGHT HOLDER,2770.91,32,863,483,42,8,1763.07,1007.84,5.882325581395349,0.3588410104011887,32.0,24.0,218,6.174311926605505,3
23057,BEADED CHANDELIER T-LIGHT HOLDER,1298.44,32,596,337,39,8,540.15,758.29,4.266410256410257,0.3612004287245445,24.0,19.44,213,4.380281690140845,0
23057,GEMSTONE CHANDELIER T-LIGHT HOLDER,347.70000000000005,7,78,0,7,4,0.0,347.70000000000005,4.835714285714286,0.0,11.0,49.67,213,0.36619718309859156,1
23058,CHRISTMAS HANGING SNOWFLAKE,421.02000000000004,39,486,0,44,4,0.0,421.02000000000004,1.1129545454545455,0.0,11.0,9.57,85,5.7176470588235295,2
23060,HEART BEADED TRELLIS DECORATION,507.52000000000004,34,244,0,39,9,0.0,507.52000000000004,2.08,0.0,6.0,13.01,234,1.0427350427350428,2
23061,VINTAGE EMBOSSED HEART,1102.46,72,886,3,85,9,3.75,1098.71,1.247529411764706,0.003374578177727784,10.0,12.93,232,3.831896551724138,2
23061,VINTAGE ENGRAVED HEART,75.0,4,60,0,4,2,0.0,75.0,1.25,0.0,15.0,18.75,232,0.25862068965517243,1
23064,CINDERELLA CHANDELIER ,3617.6000000000004,20,220,71,32,8,1514.05,2103.55,42.1703125,0.24398625429553264,9.0,65.74,207,1.4057971014492754,0
23065,LARGE DECO JEWELLERY STAND,2977.8,77,246,1,89,8,12.5,2965.3,12.469662921348315,0.004048582995951417,3.0,33.32,217,1.1382488479262673,0
23065,LARGE JEWELLERY STAND,125.0,4,10,0,4,1,0.0,125.0,12.5,0.0,2.0,31.25,217,0.04608294930875576,1
23066,SMALL DECO JEWELLERY STAND,1831.65,64,229,1,71,7,8.25,1823.4,8.227464788732394,0.004347826086956522,3.0,25.68,172,1.3372093023255813,0
23066,SMALL JEWELLERY STAND,132.0,6,16,0,6,1,0.0,132.0,8.25,0.0,3.0,22.0,172,0.09302325581395349,1
23067,HANGING ENGRAVED METAL HEART,1137.1000000000001,63,274,0,71,9,0.0,1137.1000000000001,4.15,0.0,4.0,16.02,225,1.2177777777777778,2
23068,ALUMINIUM HEART,74.7,6,30,0,6,3,0.0,74.7,2.49,0.0,5.0,12.45,232,0.12931034482758622,1
23068,ALUMINIUM STAMPED HEART,1852.5500000000002,100,771,0,124,9,0.0,1852.5500000000002,2.476984126984127,0.0,6.0,14.94,232,3.3232758620689653,2
23069,EDWARDIAN PHOTO FRAME,543.75,27,87,0,31,9,0.0,543.75,6.25,0.0,3.0,17.54,222,0.3918918918918919,1
23070,EDWARDIAN HEART PHOTO FRAME,610.0500000000001,29,147,0,33,8,0.0,610.0500000000001,4.15,0.0,4.0,18.49,214,0.6869158878504673,2
23071,MARIE ANTOIENETT TRINKET BOX GOLD,12.5,1,1,0,1,1,0.0,12.5,12.5,0.0,1.0,12.5,190,0.005263157894736842,1
23071,MARIE ANTOINETTE TRINKET BOX GOLD,1167.6,15,312,76,20,5,434.0,733.6,9.888095238095238,0.1958762886597938,19.0,36.68,190,2.042105263157895,0
23072,MARIE ANTOINETTE TRINKET BOX SILVER,1099.0,21,326,72,24,5,384.0,715.0,10.270833333333334,0.18090452261306533,17.0,29.79,172,2.313953488372093,0
23073,GEORGIAN TRINKET BOX,1681.5,49,141,1,60,9,12.5,1669.0,12.41,0.007042253521126761,2.0,27.82,227,0.6255506607929515,0
23074,EMBOSSED HEART TRINKET BOX,444.02000000000004,32,221,6,36,4,12.48,431.54,2.0638888888888887,0.02643171806167401,6.0,11.99,88,2.5795454545454546,0
23075,DOUBLE CERAMIC PARLOUR HOOK,91.30000000000001,5,22,0,5,4,0.0,91.30000000000001,4.15,0.0,4.0,18.26,234,0.09401709401709402,1
23075,PARLOUR CERAMIC WALL HOOK,1819.2500000000002,58,443,34,78,9,141.10000000000002,1678.15,4.144871794871795,0.07127882599580712,6.0,21.51,234,2.0384615384615383,0
23076,ICE CREAM SUNDAE LIP GLOSS,9638.16,202,7896,28,250,10,35.0,9603.16,1.24496,0.0035335689045936395,32.0,38.41,260,30.476923076923075,3
23077,DOUGHNUT LIP GLOSS ,11615.7,217,9642,60,311,10,75.0,11540.7,1.241897106109325,0.006184291898577613,31.0,37.11,261,37.172413793103445,3
23078,ICE CREAM PEN LIP GLOSS ,8077.31,159,6607,48,215,10,60.0,8017.31,1.2451162790697674,0.007212622088655147,31.0,37.29,259,25.694980694980696,3
23079, TOADSTOOL BEDSIDE LIGHT ,17.9,1,2,0,1,1,0.0,17.9,8.95,0.0,2.0,17.9,211,0.009478672985781991,1
23079,TOADSTOOL BEDSIDE LIGHT ,2180.7,82,246,14,110,8,125.3,2055.3999999999996,8.937387387387387,0.05384615384615385,2.0,18.69,211,1.2322274881516588,0
23080,RED METAL BOX TOP SECRET,7920.78,148,998,11,228,8,90.75,7830.03,8.355689655172414,0.010901883052527254,4.0,34.34,212,4.759433962264151,0
23081,GREEN METAL BOX ARMY SUPPLIES,3474.39,78,437,6,114,8,49.5,3424.89,8.33780701754386,0.013544018058690745,4.0,30.04,212,2.089622641509434,0
23081,GREEN METAL BOX TOP SECRET,132.0,4,16,0,4,2,0.0,132.0,8.25,0.0,4.0,33.0,212,0.07547169811320754,1
23082,SET 6 PAPER TABLE LANTERN HEARTS ,8110.68,205,2260,28,269,8,103.16,8007.52,3.721563636363636,0.012237762237762238,9.0,29.77,212,10.79245283018868,3
23083,SET 6 PAPER TABLE LANTERN STARS ,6735.88,162,1859,63,212,8,214.17000000000002,6521.71,3.7588372093023255,0.032778355879292405,9.0,30.76,207,9.285024154589372,3
23084,RABBIT NIGHT LIGHT,51251.24,450,27153,108,816,8,208.4,51042.840000000004,2.0129355608591886,0.003961703532518983,33.0,62.55,213,127.98591549295774,3
23085,ANTIQUE SILVER BAUBLE LAMP  ,3437.7000000000003,64,369,13,77,7,128.75,3308.9500000000003,10.037349397590361,0.034031413612565446,5.0,42.97,207,1.8454106280193237,0
23086,ZINC  STAR T-LIGHT HOLDER ,1357.79,30,1183,16,36,8,20.0,1337.79,1.2325,0.013344453711426188,33.0,37.16,203,5.906403940886699,3
23086,ZINC STAR T-LIGHT HOLDER ,10.0,1,8,0,1,1,0.0,10.0,1.25,0.0,8.0,10.0,203,0.03940886699507389,1
23087,ZINC  HEART T-LIGHT HOLDER,997.1800000000001,43,830,15,50,7,18.75,978.4300000000001,1.2374,0.01775147928994083,17.0,19.57,197,4.289340101522843,3
23088,ZINC HEART FLOWER T-LIGHT HOLDER,947.18,52,760,0,57,8,0.0,947.18,1.306315789473684,0.0,13.0,16.62,209,3.6363636363636362,2
23089,GLASS BON BON JAR,3495.2699999999995,101,2135,15,141,8,25.65,3469.62,1.7718055555555554,0.0069767441860465115,15.0,24.61,209,10.287081339712918,3
23090,VINTAGE GLASS T-LIGHT HOLDER,1722.79,96,2129,9,123,8,7.47,1715.32,0.8573809523809524,0.00420954162768943,17.0,13.95,206,10.37864077669903,3
23091,METAL HERB GERDEN CONTAINER,139.68,5,24,0,5,3,0.0,139.68,6.078,0.0,5.0,27.94,184,0.13043478260869565,1
23091,ZINC HERB GARDEN CONTAINER,3279.82,155,535,7,191,7,43.75,3236.07,6.292291666666666,0.012915129151291513,3.0,16.94,184,2.9456521739130435,0
23092,LARGE ANTIQUE WHITE PHOTO FRAME,3568.26,96,507,10,134,8,77.75,3490.51,7.798731343283582,0.019342359767891684,4.0,26.05,207,2.497584541062802,0
23093,SMALL PARISIENNE HEART PHOTO FRAME ,2122.67,105,915,3,125,8,7.470000000000001,2115.2000000000003,2.47312,0.0032679738562091504,7.0,16.92,205,4.478048780487805,3
23094,LE GRAND TRAY CHIC SET,1837.5,65,147,2,76,7,25.0,1812.5,12.5,0.013422818791946308,2.0,23.85,195,0.764102564102564,0
23096,PETIT TRAY CHIC,1606.7299999999998,89,993,0,117,8,0.0,1606.7299999999998,1.728974358974359,0.0,8.0,13.73,210,4.728571428571429,2
23099,FRENCH CARRIAGE LANTERN,858.9000000000001,46,132,8,58,8,53.2,805.7,6.588983050847458,0.05714285714285714,2.0,13.89,205,0.6829268292682927,0
23100,SILVER BELLS TABLE DECORATION,2562.1,180,2090,1,214,8,1.25,2560.85,1.2461818181818183,0.00047824007651841227,10.0,11.97,212,9.86320754716981,2
23101,SILVER STARS TABLE DECORATION,1569.62,175,1942,0,190,8,0.0,1569.62,0.8265445026178011,0.0,10.0,8.26,210,9.247619047619047,2
23102,SILVER HEARTS TABLE DECORATION,995.3299999999999,128,1231,0,139,8,0.0,995.3299999999999,0.8268794326241135,0.0,9.0,7.16,208,5.918269230769231,2
23103,BELL HEART DECORATION,387.0,9,252,0,9,4,0.0,387.0,1.6277777777777775,0.0,28.0,43.0,212,1.1886792452830188,2
23103,JINGLE BELL HEART DECORATION,6055.949999999999,224,3679,28,310,8,46.199999999999996,6009.749999999999,1.6481308411214952,0.007553277582951173,12.0,19.39,212,17.485849056603772,3
23104,IVORY CAFE HANGING LAMP ,1330.5,37,114,0,43,8,0.0,1330.5,12.304651162790698,0.0,3.0,30.94,210,0.5428571428571428,2
23104,IVORY PANTRY HANGING LAMP ,25.0,1,2,0,1,1,0.0,25.0,12.5,0.0,2.0,25.0,210,0.009523809523809525,1
23106,ZINC HEARTS PLANT POT HOLDER,746.15,48,275,12,50,8,34.68,711.47,2.772,0.041811846689895474,6.0,14.23,210,1.3666666666666667,0
23106,ZINC PLANT POT HOLDER,23.12,1,8,0,1,1,0.0,23.12,2.89,0.0,8.0,23.12,210,0.0380952380952381,1
23107,WHITE HEARTS WIRE PLANT POT HOLDER,873.5600000000001,58,324,0,59,8,0.0,873.5600000000001,2.7340677966101694,0.0,5.0,14.81,210,1.542857142857143,2
23107,WHITE WIRE PLANT POT HOLDER,46.24,2,16,0,2,1,0.0,46.24,2.89,0.0,8.0,23.12,210,0.0761904761904762,1
23108,SET OF 10 LED DOLLY LIGHTS,12972.73,271,2192,64,369,8,317.6,12655.13,6.135783783783783,0.028368794326241134,6.0,34.3,212,10.641509433962264,3
23109,LED TEA LIGHTS,1676.3500000000001,54,595,0,54,6,0.0,1676.3500000000001,2.8754545454545455,0.0,11.0,31.04,212,2.806603773584906,2
23109,PACK OF SIX LED TEA LIGHTS,4808.55,132,1715,96,175,6,239.04000000000002,4569.51,2.911348314606742,0.0530093870789619,10.0,26.11,212,8.54245283018868,3
23110,PARISIENNE KEY CABINET ,3673.7,158,662,51,247,8,293.25,3380.45,5.717741935483871,0.07152875175315568,3.0,13.69,213,3.347417840375587,0
23111,PARISIENNE SEWING BOX,3464.8,80,296,24,140,8,283.2,3181.6,12.291489361702126,0.075,2.0,22.73,212,1.509433962264151,0
23112,PARISIENNE CURIO CABINET,3437.3,134,471,33,202,8,239.85000000000002,3197.4500000000003,7.449504950495049,0.06547619047619048,2.0,15.83,211,2.3886255924170614,0
23113,PANTRY CHOPPING BOARD,5695.86,39,1138,946,49,4,4803.0599999999995,892.8000000000002,4.930000000000001,0.45393474088291746,43.0,18.22,83,25.10843373493976,3
23114,VINTAGE LEAF CHOPPING BOARD  ,684.0000000000001,40,144,3,43,4,14.850000000000001,669.1500000000001,4.93139534883721,0.02040816326530612,3.0,15.56,70,2.1,0
23115,RED APPLES CHOPPING BOARD   ,684.0,38,144,0,38,4,0.0,684.0,4.928947368421053,0.0,4.0,18.0,69,2.0869565217391304,2
23116,VEGETABLE GARDEN CHOPPING BOARD,317.70000000000005,17,70,0,17,4,0.0,317.70000000000005,4.902941176470589,0.0,4.0,18.69,66,1.0606060606060606,1
23117,POPPY FIELDS CHOPPING BOARD,420.75,39,85,1,40,4,4.95,415.8,4.95,0.011627906976744186,2.0,10.4,68,1.2647058823529411,0
23118,PARISIENNE JEWELLERY DRAWER ,5399.02,154,765,24,242,8,180.0,5219.02,7.462892561983471,0.030418250950570342,3.0,21.57,213,3.704225352112676,0
23119,PACK OF 6 LARGE FRUIT STRAWS ,1275.71,97,2155,36,118,7,22.32,1253.39,0.6474576271186441,0.016430853491556367,19.0,10.62,172,12.738372093023257,3
23120,PACK OF 6 SMALL FRUIT STRAWS,644.58,69,1617,72,81,7,30.24,614.34,0.4186046511627907,0.04262877442273535,21.0,7.58,172,9.819767441860465,3
23121,PACK OF 6 COCKTAIL PARASOL STRAWS,958.3199999999999,81,2460,0,87,7,0.0,958.3199999999999,0.41608695652173916,0.0,28.0,11.02,172,14.30232558139535,2
23122,PARTY CHARMS 50 PIECES,1552.6499999999999,90,2091,3,96,7,2.49,1550.1599999999999,0.8204040404040404,0.0014326647564469914,22.0,16.15,175,11.965714285714286,3
23123,COCKTAIL SWORDS 50 PIECES,705.25,64,899,6,70,7,4.9799999999999995,700.27,0.8237142857142856,0.0066298342541436465,13.0,10.0,175,5.171428571428572,3
23124,18PC WOODEN CUTLERY SET DISPOSABLE,595.15,23,503,0,24,5,0.0,595.15,1.24125,0.0,21.0,24.8,117,4.299145299145299,2
23125,6PC WOOD PLATE SET DISPOSABLE,443.25,15,405,0,16,5,0.0,443.25,1.236875,0.0,25.0,27.7,164,2.4695121951219514,2
23126,DOLLCRAFT GIRL AMELIE,178.2,8,36,0,8,3,0.0,178.2,4.95,0.0,4.0,22.28,282,0.1276595744680851,1
23126,DOLLCRAFT GIRL AMELIE KIT,294.7,8,66,0,8,3,0.0,294.7,4.8500000000000005,0.0,8.0,36.84,282,0.23404255319148937,1
23126,FELTCRAFT GIRL AMELIE KIT,4799.38,187,982,16,261,10,79.2,4720.18,5.020570342205324,0.01603206412825651,4.0,18.08,282,3.5390070921985815,3
23127,DOLLCRAFT GIRL NICOLE,336.6,12,68,0,12,3,0.0,336.6,4.95,0.0,6.0,28.05,282,0.24113475177304963,1
23127,FELTCRAFT GIRL NICOLE KIT,3169.79,137,645,13,173,10,64.35000000000001,3105.44,4.969657142857143,0.019756838905775075,4.0,17.95,282,2.3333333333333335,0
23128,DOLLCRAFT BOY JEAN-PAUL ,373.9,12,82,0,12,3,0.0,373.9,4.883333333333334,0.0,7.0,31.16,280,0.29285714285714287,1
23128,FELTCRAFT BOY JEAN-PAUL KIT,1711.23,103,349,7,119,10,34.650000000000006,1676.5800000000002,4.979159663865546,0.019662921348314606,3.0,14.09,280,1.2714285714285714,0
23129,HEART SHAPED HOLLY WREATH,3933.1800000000003,138,942,1,166,8,4.15,3929.03,4.41710843373494,0.0010604453870625664,6.0,23.67,202,4.6683168316831685,2
23130,MISELTOE HEART WREATH ,312.8,5,80,0,5,2,0.0,312.8,4.07,0.0,16.0,62.56,218,0.3669724770642202,1
23130,MISTLETOE HEART WREATH GREEN,3435.6200000000003,135,838,9,164,8,37.35,3398.2700000000004,4.2387804878048785,0.010625737898465172,5.0,20.72,218,3.885321100917431,3
23131,MISELTOE HEART WREATH CREAM,996.0000000000001,1,240,0,1,1,0.0,996.0000000000001,4.15,0.0,240.0,996.0,227,1.0572687224669604,2
23131,MISELTOE HEART WREATH WHITE,304.5,4,78,0,4,2,0.0,304.5,4.050000000000001,0.0,20.0,76.12,227,0.3436123348017621,1
23131,MISTLETOE HEART WREATH CREAM,2332.13,86,575,6,105,9,24.9,2307.23,4.213018867924529,0.010327022375215147,6.0,21.97,227,2.5594713656387666,0
23132,SMALL IVORY HEART WALL ORGANISER,4989.08,115,1008,4,144,9,23.0,4966.08,5.735833333333334,0.003952569169960474,7.0,34.49,234,4.3247863247863245,3
23133,LARGE IVORY HEART WALL ORGANISER,5142.91,94,759,1,135,9,8.25,5134.66,7.994074074074074,0.0013157894736842105,6.0,38.03,233,3.2618025751072963,0
23134,LARGE ZINC HEART WALL ORGANISER,6414.48,29,1064,0,37,6,0.0,6414.48,7.6710810810810806,0.0,29.0,173.36,152,7.0,2
23135,SMALL ZINC HEART WALL ORGANISER,5378.8,31,1538,0,42,9,0.0,5378.8,5.191190476190476,0.0,37.0,128.07,234,6.572649572649572,2
23136,IVORY WIRE SWEETHEART LETTER TRAY,467.05,39,127,0,44,9,0.0,467.05,3.7290909090909095,0.0,3.0,10.61,230,0.5521739130434783,2
23137,ZINC WIRE SWEETHEART LETTER TRAY,253.24,18,80,0,20,9,0.0,253.24,3.4539999999999997,0.0,4.0,12.66,230,0.34782608695652173,1
23138,SINGLE WIRE HOOK IVORY HEART,1201.8999999999999,60,870,12,76,8,17.4,1184.5,1.4448717948717948,0.013605442176870748,12.0,15.59,216,4.083333333333333,3
23139,SINGLE WIRE HOOK PINK HEART,502.38,20,406,12,23,9,17.4,484.98,1.2566666666666666,0.028708133971291867,18.0,21.09,231,1.8095238095238095,0
23140,TRIPLE WIRE HOOK IVORY HEART,658.5400000000001,29,160,12,36,8,49.800000000000004,608.74,4.2538888888888895,0.06976744186046512,5.0,16.91,208,0.8269230769230769,0
23141,TRIPLE WIRE HOOK PINK HEART,215.00000000000003,18,68,0,18,7,0.0,215.00000000000003,3.5900000000000003,0.0,4.0,11.94,234,0.2905982905982906,1
23142,IVORY WIRE KITCHEN ORGANISER,1137.65,34,116,2,38,8,19.55,1118.1000000000001,10.301315789473684,0.01694915254237288,3.0,29.42,221,0.5339366515837104,0
23143,ZINC WIRE KITCHEN ORGANISER,156.8,12,25,0,12,5,0.0,156.8,7.175000000000001,0.0,2.0,13.07,219,0.1141552511415525,1
23144,ZINC T-LIGHT HOLDER STARS SMALL,3879.9799999999996,180,4894,44,240,9,36.519999999999996,3843.4599999999996,0.8368879668049792,0.008910490076954233,21.0,16.01,233,21.1931330472103,3
23145,ZINC T-LIGHT HOLDER STAR LARGE,1896.5399999999997,126,2030,11,150,9,10.45,1886.0899999999997,0.960728476821192,0.005389514943655071,14.0,12.57,233,8.759656652360515,3
23145,ZINC T-LIGHT HOLDER STARS LARGE,22.799999999999997,2,24,0,2,2,0.0,22.799999999999997,0.95,0.0,12.0,11.4,233,0.10300429184549356,1
23146,TRIPLE HOOK ANTIQUE IVORY ROSE,2526.02,151,778,50,233,9,164.1,2361.92,3.2815254237288136,0.06038647342995169,4.0,10.14,230,3.6,0
23147,SINGLE ANTIQUE ROSE HOOK IVORY,2669.95,170,1843,15,256,9,21.75,2648.2,1.4492307692307693,0.008073196986006458,7.0,10.34,232,8.008620689655173,3
23148,MINIATURE ANTIQUE ROSE HOOK IVORY,1711.55,142,2065,13,237,9,10.79,1700.7599999999998,0.8296311475409835,0.006256015399422521,9.0,7.18,232,8.956896551724139,3
23148,MINITURE ANTIQUE ROSE HOOK IVORY,40.8,4,48,0,4,1,0.0,40.8,0.85,0.0,12.0,10.2,232,0.20689655172413793,1
23149,ANTIQUE IVORY WIRE BOWL SMALL,241.53000000000003,18,97,11,21,6,27.39,214.14000000000001,2.49,0.10185185185185185,5.0,10.2,211,0.5118483412322274,0
23150,IVORY SWEETHEART SOAP DISH,346.11,33,139,1,41,9,2.49,343.62,2.49,0.007142857142857143,3.0,8.38,229,0.611353711790393,2
23151,ZINC SWEETHEART SOAP DISH,104.41000000000001,18,59,0,19,7,0.0,104.41000000000001,1.953157894736842,0.0,3.0,5.5,218,0.2706422018348624,1
23152,IVORY SWEETHEART WIRE LETTER RACK ,1998.51,108,541,7,152,9,26.25,1972.26,3.742941176470588,0.012773722627737226,4.0,12.98,229,2.393013100436681,0
23153,ZINC SWEETHEART WIRE LETTER RACK,923.63,67,248,4,79,9,15.0,908.63,3.7878481012658227,0.015873015873015872,3.0,11.5,235,1.0723404255319149,0
23154,SET OF 4 JAM JAR MAGNETS,4922.01,141,2441,61,217,10,126.88,4795.13,2.0809459459459463,0.024380495603517186,12.0,22.1,258,9.69767441860465,3
23155,KNICKERBOCKERGLORY MAGNET ASSORTED ,1669.3799999999999,84,2094,169,125,10,129.71,1539.6699999999998,0.8220799999999999,0.07467962881131242,18.0,12.32,259,8.737451737451737,3
23156,SET OF 5 MINI GROCERY MAGNETS,3297.2200000000003,117,1631,24,186,10,49.92,3247.3,2.094468085106383,0.014501510574018127,9.0,17.46,259,6.38996138996139,3
23157,SET OF 6 NATIVITY MAGNETS ,5031.55,111,2770,240,147,7,444.0,4587.55,2.1347712418300655,0.07973421926910298,20.0,31.21,243,12.386831275720164,3
23158,SET OF 5 LUCKY CAT MAGNETS ,5117.32,96,2536,60,190,10,124.8,4992.52,2.1662105263157896,0.023112480739599383,14.0,26.28,259,10.023166023166024,3
23159,SET OF 5 PANCAKE DAY MAGNETS,4562.7300000000005,121,2255,25,198,9,52.0,4510.7300000000005,2.082211055276382,0.010964912280701754,12.0,22.78,249,9.156626506024097,3
23160,REGENCY TEA SPOON,1651.8,50,1392,6,62,7,7.5,1644.3,1.2296774193548385,0.004291845493562232,23.0,26.52,207,6.753623188405797,3
23161,REGENCY CAKE FORK,1896.6000000000001,58,1608,12,69,7,15.0,1881.6000000000001,1.228695652173913,0.007407407407407408,23.0,27.27,210,7.714285714285714,3
23162,REGENCY TEA STRAINER,4789.24,96,1362,0,142,9,0.0,4789.24,3.7471830985915493,0.0,10.0,33.73,223,6.1076233183856505,2
23163,REGENCY SUGAR TONGS,3949.7000000000003,95,1714,55,136,9,114.4,3835.3,2.4297058823529416,0.031091011871113624,13.0,28.2,225,7.862222222222222,3
23164,REGENCY CAKE SLICE,2579.21,70,564,1,81,8,4.95,2574.26,4.922962962962963,0.0017699115044247787,7.0,31.78,216,2.615740740740741,2
23165,LARGE CERAMIC TOP STORAGE JAR,4617.9,167,2950,102,238,8,154.5,4463.4,1.63,0.033420707732634336,13.0,18.75,211,14.464454976303317,3
23166,MEDIUM CERAMIC TOP STORAGE JAR,81416.73000000001,138,77916,74494,205,9,77479.64,3937.09,1.2176923076923076,0.4887737025129585,743.0,19.21,325,468.95384615384614,3
23167,SMALL CERAMIC TOP STORAGE JAR ,4184.179999999999,129,5666,525,186,8,365.19,3818.99,0.8250259067357513,0.08480051687934098,33.0,20.53,212,29.202830188679247,3
23168,CLASSIC CAFE SUGAR DISPENSER,3037.1,132,2633,54,226,8,65.61,2971.49,1.2285964912280702,0.020096762188314105,12.0,13.15,212,12.674528301886792,3
23168,CLASSIC SUGAR DISPENSER,247.32,12,216,0,12,2,0.0,247.32,1.1975,0.0,18.0,20.61,212,1.0188679245283019,2
23169,CLASSIC GLASS COOKIE JAR,5350.200000000001,192,1332,93,282,8,379.15000000000003,4971.05,4.110424028268551,0.06526315789473684,5.0,17.63,209,6.818181818181818,3
23169,CLASSIC GLASS SWEET JAR,479.45000000000005,14,119,0,14,4,0.0,479.45000000000005,4.092857142857143,0.0,8.0,34.25,209,0.569377990430622,2
23170,REGENCY TEA PLATE ROSES ,10170.99,225,6563,718,340,8,1046.3,9124.689999999999,1.6549411764705881,0.09861282790825436,21.0,26.84,213,34.183098591549296,3
23171,REGENCY TEA PLATE GREEN ,9184.9,195,5966,97,275,8,146.25,9038.65,1.6707246376811595,0.015998680521194127,22.0,32.87,213,28.464788732394368,3
23172,REGENCY TEA PLATE PINK,5793.28,160,3688,102,233,8,154.29999999999998,5638.98,1.6391845493562232,0.02691292875989446,16.0,24.2,213,17.793427230046948,3
23173,REGENCY TEAPOT ROSES ,23033.52,248,2662,52,367,8,436.40000000000003,22597.12,9.682621621621621,0.01915991156963891,7.0,61.57,213,12.741784037558686,3
23174,REGENCY SUGAR BOWL GREEN,11567.24,192,2954,88,285,8,345.2,11222.04,4.125228070175439,0.028928336620644313,11.0,39.38,213,14.28169014084507,3
23175,REGENCY MILK JUG PINK ,8995.0,206,3062,80,283,8,225.5,8769.5,3.191696113074205,0.025461489497135583,11.0,30.99,211,14.890995260663507,3
23176,ABC TREASURE BOOK BOX ,4373.26,159,2088,45,196,10,101.25,4272.01,2.262994923857868,0.02109704641350211,11.0,21.8,281,7.590747330960854,3
23177,TREASURE ISLAND BOOK BOX,5029.8,174,2428,20,219,10,45.0,4984.8,2.2418918918918918,0.008169934640522876,11.0,22.76,279,8.774193548387096,3
23178,JAM CLOCK MAGNET,838.47,50,309,5,58,10,14.450000000000001,824.02,2.841379310344828,0.01592356687898089,5.0,14.21,281,1.1174377224199288,0
23179,CLOCK MAGNET MUM'S KITCHEN,837.88,36,304,0,40,10,0.0,837.88,2.9330000000000003,0.0,8.0,20.95,281,1.0818505338078293,2
23180,MUM'S KITCHEN CLOCK,471.90000000000003,29,104,1,37,10,4.95,466.95,4.771621621621622,0.009523809523809525,3.0,12.62,280,0.375,0
23181,BULL DOG BOTTLE TOP WALL CLOCK,1484.25,60,185,4,73,10,33.0,1451.25,8.188356164383562,0.021164021164021163,3.0,19.88,269,0.7026022304832714,0
23182,TOILET SIGN OCCUPIED OR VACANT,2807.6899999999996,140,3378,14,260,10,11.62,2796.0699999999997,0.8781439393939393,0.004127358490566038,13.0,10.75,283,11.985865724381625,3
23183,MOTHER'S KITCHEN SPOON REST ,690.71,45,178,7,60,9,26.25,664.46,4.04655737704918,0.03783783783783784,3.0,11.07,266,0.6954887218045113,0
23184,BULL DOG BOTTLE OPENER,3749.5,129,778,13,201,10,64.35,3685.15,5.095024630541872,0.01643489254108723,4.0,18.33,278,2.8453237410071943,0
23185,FRENCH STYLE STORAGE JAR JAM,114.85,27,317,1,31,8,0.29,114.55999999999999,0.3496875,0.0031446540880503146,10.0,3.7,277,1.148014440433213,2
23186,FRENCH STYLE STORAGE JAR CAFE ,819.4599999999999,57,1982,12,72,8,9.24,810.2199999999999,0.3527397260273973,0.006018054162487462,28.0,11.25,274,7.2773722627737225,3
23187,FRENCH STYLE STORAGE JAR BONBONS,695.06,66,2338,37,78,7,16.49,678.5699999999999,0.3263291139240506,0.015578947368421053,30.0,8.7,241,9.854771784232366,3
23188,VINTAGE  2 METER FOLDING RULER,2902.47,131,1775,13,157,6,21.449999999999996,2881.0199999999995,1.6784276729559748,0.00727069351230425,11.0,18.35,178,10.044943820224718,3
23188,VINTAGE  2 METRE FOLDING RULER,2197.6899999999996,103,1321,1,128,3,1.65,2196.04,1.7383076923076923,0.0007564296520423601,10.0,17.16,178,7.426966292134831,2
23189,SET OF 12 FORK CANDLES,3319.35,89,1215,1,114,5,2.89,3316.46,2.858695652173913,0.0008223684210526315,11.0,29.09,127,9.5748031496063,2
23190,BUNDLE OF 3 SCHOOL EXERCISE BOOKS  ,2691.14,146,1678,2,181,8,3.3,2687.8399999999997,1.651318681318681,0.0011904761904761906,9.0,14.85,214,7.850467289719626,3
23191,BUNDLE OF 3 RETRO EXERCISE BOOKS,98.99999999999999,5,60,0,5,1,0.0,98.99999999999999,1.65,0.0,12.0,19.8,213,0.28169014084507044,1
23191,BUNDLE OF 3 RETRO NOTE BOOKS,3393.3499999999995,178,2099,3,242,8,4.949999999999999,3388.3999999999996,1.675806451612903,0.0014272121788772598,9.0,14.0,213,9.868544600938968,3
23192,BUNDLE OF 3 ALPHABET EXERCISE BOOKS,5197.169999999999,224,3269,3,314,8,4.949999999999999,5192.219999999999,1.6541249999999998,0.0009168704156479218,10.0,16.54,212,15.433962264150944,3
23193,BUFFALO BILL TREASURE BOOK BOX,3750.57,109,1847,20,143,10,45.0,3705.57,2.265244755244755,0.010712372790573112,13.0,25.91,282,6.620567375886525,3
23194,GYMKHANA TREASURE BOOK BOX,3417.83,129,1630,37,164,10,83.25,3334.58,2.2549700598802396,0.022195560887822437,10.0,20.33,282,5.911347517730497,3
23194,GYMKHANNA TREASURE BOOK BOX,261.84000000000003,14,120,0,14,4,0.0,261.84000000000003,2.189285714285714,0.0,9.0,18.7,282,0.425531914893617,2
23196,LEAVES MAGNETIC  SHOPPING LIST,34.8,2,24,0,2,1,0.0,34.8,1.45,0.0,12.0,17.4,169,0.14201183431952663,1
23196,RETO LEAVES MAGNETIC SHOPPING LIST,52.199999999999996,3,36,0,3,3,0.0,52.199999999999996,1.45,0.0,12.0,17.4,169,0.21301775147928995,1
23196,RETRO LEAVES MAGNETIC NOTEPAD,149.35,17,103,0,17,2,0.0,149.35,1.45,0.0,6.0,8.79,169,0.6094674556213018,2
23196,VINTAGE LEAF MAGNETIC NOTEPAD,2242.65,159,1593,13,214,6,18.849999999999998,2223.7999999999997,1.443577981651376,0.00809464508094645,8.0,10.39,169,9.502958579881657,3
23197,SKETCHBOOK MAGNETIC SHOPPING LIST,1900.9399999999998,113,1318,25,187,7,36.25,1864.6899999999998,1.5414893617021277,0.018615040953090096,7.0,9.97,170,7.9,3
23197,VEGETABLE MAGNETIC  SHOPPING LIST,49.8,3,36,0,3,2,0.0,49.8,1.3833333333333335,0.0,12.0,16.6,170,0.21176470588235294,1
23198,PANTRY MAGNETIC  SHOPPING LIST,4341.19,259,3063,64,388,7,92.8,4248.389999999999,1.479570707070707,0.020466901183242726,8.0,10.95,170,18.394117647058824,3
23199,JUMBO BAG APPLES,26426.3,344,13875,723,739,9,1309.25,25117.05,2.0597852348993286,0.04952733251130292,20.0,33.99,242,60.32231404958678,3
23200,JUMBO BAG PEARS,13034.92,262,6729,134,476,8,243.63000000000002,12791.29,2.0709603340292277,0.019524989071834475,14.0,26.87,214,32.070093457943926,3
23201,JUMBO BAG ALPHABET,24160.44,396,12533,594,766,9,1076.02,23084.420000000002,2.0571335927367054,0.04525024758132094,17.0,30.14,242,54.243801652892564,3
23202,JUMBO BAG VINTAGE LEAF,20921.55,377,10695,242,778,8,442.46000000000004,20479.09,2.0778343949044586,0.022126725793179116,14.0,26.32,215,50.86976744186047,3
23203,JUMBO BAG DOILEY PATTERNS,16737.1,299,8735,22,458,7,45.760000000000005,16691.34,2.0465726681127983,0.0025122758935708575,19.0,36.44,215,40.730232558139534,3
23203,JUMBO BAG VINTAGE DOILEY ,268.44,6,143,0,6,1,0.0,268.44,2.0316666666666667,0.0,24.0,44.74,215,0.6651162790697674,2
23203,JUMBO BAG VINTAGE DOILY ,20641.4,365,10620,568,634,5,1030.6399999999999,19610.760000000002,2.060936037441498,0.05076868072935288,18.0,30.93,215,52.03720930232558,3
23204,CHARLOTTE BAG APPLES DESIGN,5632.15,199,7039,186,433,9,138.34,5493.81,0.8422298850574713,0.0257439446366782,17.0,12.69,242,29.855371900826448,3
23205,CHARLOTTE BAG ALPHABET  DESIGN,320.5,22,400,0,22,3,0.0,320.5,0.838181818181818,0.0,18.0,14.57,242,1.6528925619834711,2
23205,CHARLOTTE BAG VINTAGE ALPHABET ,3784.52,192,4750,191,331,9,140.25,3644.27,0.851951951951952,0.03865614248127909,15.0,11.01,242,20.417355371900825,3
23206,LUNCH BAG APPLE DESIGN,18220.5,401,11530,58,878,9,95.5,18125.0,1.6412359550561795,0.005005177770107007,13.0,20.64,242,47.88429752066116,3
23207,LUNCH BAG ALPHABET DESIGN,11994.41,377,7533,448,660,9,659.6,11334.81,1.6520208023774146,0.0561333166269891,12.0,17.17,242,32.97933884297521,3
23208,LUNCH BAG VINTAGE LEAF DESIGN,9950.35,305,6191,73,601,9,109.85,9840.5,1.644736842105263,0.01165389527458493,10.0,16.37,241,25.991701244813278,3
23209,LUNCH BAG DOILEY PATTERN ,10323.05,290,6477,4,468,6,6.6,10316.45,1.642356687898089,0.0006171887054466903,14.0,22.04,215,30.144186046511628,3
23209,LUNCH BAG VINTAGE DOILEY ,115.5,4,70,0,4,1,0.0,115.5,1.65,0.0,18.0,28.88,215,0.32558139534883723,1
23209,LUNCH BAG VINTAGE DOILY ,10347.66,319,6438,36,545,5,59.2,10288.46,1.6494244604316546,0.005560704355885079,12.0,18.88,215,30.111627906976743,3
23210,WHITE ROCKING HORSE HAND PAINTED,3311.5,115,2750,200,158,7,219.76,3091.74,1.2425000000000002,0.06779661016949153,19.0,19.57,191,15.44502617801047,3
23211,RED ROCKING HORSE HAND PAINTED,2631.5,82,2206,24,117,7,30.0,2601.5,1.241176470588235,0.010762331838565023,19.0,22.24,190,11.736842105263158,3
23212,HEART WREATH DECORATION WITH BELL,2562.63,103,2163,60,147,7,75.0,2487.63,1.2389473684210526,0.02699055330634278,15.0,16.92,190,11.7,3
23212,PAINTED HEART WREATH WITH BELL,15.0,1,12,0,1,1,0.0,15.0,1.25,0.0,12.0,15.0,190,0.06315789473684211,1
23213,STAR WREATH DECORATION WITH BELL,1921.94,95,1594,12,122,7,15.0,1906.94,1.24328,0.007471980074719801,13.0,15.63,190,8.452631578947368,3
23214,BELL HEART ANTIQUE GOLD,24.96,1,12,0,1,1,0.0,24.96,2.08,0.0,12.0,24.96,190,0.06315789473684211,1
23214,JINGLE BELL HEART ANTIQUE GOLD,1599.8700000000001,78,760,0,91,7,0.0,1599.8700000000001,2.1882608695652173,0.0,8.0,17.58,190,4.0,2
23215,JINGLE BELL HEART ANTIQUE SILVER,6955.8,162,3544,120,198,7,214.8,6741.0,2.138407960199005,0.03275109170305677,19.0,34.05,191,19.18324607329843,3
23216,LAUREL HEART ANTIQUE GOLD,613.51,32,518,0,40,7,0.0,613.51,1.348048780487805,0.0,13.0,15.34,188,2.75531914893617,2
23217,LAUREL HEART ANTIQUE SILVER,1567.0,64,1290,0,84,7,0.0,1567.0,1.4022093023255815,0.0,15.0,18.65,188,6.861702127659575,2
23218,LAUREL STAR ANTIQUE GOLD,465.81,27,372,0,33,5,0.0,465.81,1.383939393939394,0.0,11.0,14.12,137,2.7153284671532845,2
23219,LAUREL STAR ANTIQUE SILVER ,504.6,41,404,0,49,7,0.0,504.6,1.3117307692307691,0.0,8.0,10.3,188,2.148936170212766,2
23220,REINDEER HEART DECORATION GOLD,774.43,55,929,0,77,6,0.0,774.43,0.9106410256410257,0.0,12.0,10.06,182,5.104395604395604,2
23221,REINDEER HEART DECORATION SILVER,1241.59,85,1461,58,113,7,48.13999999999999,1193.4499999999998,0.9104237288135593,0.03818301514154049,13.0,10.56,190,7.994736842105263,3
23222,CHRISTMAS TREE HANGING GOLD,690.64,49,776,12,65,6,9.959999999999999,680.68,0.9597014925373134,0.015228426395939087,12.0,10.47,169,4.662721893491124,3
23223,CHRISTMAS TREE HANGING SILVER ,670.1099999999999,51,745,0,67,6,0.0,670.1099999999999,0.9460294117647059,0.0,11.0,10.0,169,4.408284023668639,2
23224,CHERUB HEART DECORATION GOLD,620.4499999999999,44,719,14,61,7,11.62,608.8299999999999,0.9295081967213114,0.019099590723055934,12.0,9.98,190,3.857894736842105,3
23225,CHERUB HEART DECORATION SILVER ,1089.6,46,1296,72,72,7,59.76,1029.84,0.9526388888888889,0.05263157894736842,19.0,14.3,187,7.315508021390374,3
23226,FILIGREE HEART DAISY WHITE,1478.59,56,1199,48,72,8,60.0,1418.59,1.2413698630136987,0.038492381716118684,17.0,19.7,189,6.597883597883598,3
23227,FILIGREE HEART BUTTERFLY WHITE ,1947.06,61,1592,6,89,8,7.5,1939.56,1.267752808988764,0.0037546933667083854,18.0,21.79,197,8.111675126903553,3
23228,FILIGREE HEART BIRD WHITE ,1726.3,58,1397,144,79,8,149.76,1576.54,1.388125,0.09344581440622972,20.0,19.96,197,7.822335025380711,3
23229,DONKEY TAIL GAME ,189.54000000000002,4,54,0,4,4,0.0,189.54000000000002,3.66,0.0,14.0,47.39,179,0.3016759776536313,1
23229,VINTAGE DONKEY TAIL GAME ,6146.89,183,1750,11,220,7,40.89,6106.0,3.7840454545454545,0.006246450880181715,8.0,27.75,179,9.837988826815643,3
23230,WRAP ALPHABET DESIGN,3196.5,178,7925,50,234,12,21.0,3175.5,0.4173504273504273,0.006269592476489028,34.0,13.57,330,24.166666666666668,3
23231,WRAP  VINTAGE DOILEY ,42.0,2,100,0,2,1,0.0,42.0,0.42,0.0,50.0,21.0,330,0.30303030303030304,1
23231,WRAP  VINTAGE DOILY ,1029.0,80,2450,0,93,5,0.0,1029.0,0.41999999999999993,0.0,26.0,11.06,330,7.424242424242424,2
23231,WRAP DOILEY DESIGN,1915.5,124,4675,0,162,8,0.0,1915.5,0.4185185185185185,0.0,29.0,11.82,330,14.166666666666666,2
23232,WRAP VINTAGE LEAF DESIGN,2109.42,118,5251,26,136,7,10.92,2098.5,0.41737226277372264,0.004927041879855979,39.0,15.43,326,16.187116564417177,3
23232,WRAP VINTAGE PETALS  DESIGN,1327.5,95,3275,25,105,7,10.5,1317.0,0.4177142857142857,0.007575757575757576,31.0,12.54,326,10.122699386503067,3
23233,WRAP POPPIES  DESIGN,2105.5,130,5175,25,159,12,10.5,2095.0,0.418625,0.004807692307692308,33.0,13.18,326,15.950920245398773,3
23234,BISCUIT TIN VINTAGE CHRISTMAS,4567.38,201,1848,16,238,7,46.24,4521.14,2.9130543933054396,0.008583690987124463,8.0,19.0,178,10.47191011235955,3
23235,BISCUIT TIN VINTAGE LEAF,64.56,3,24,0,3,2,0.0,64.56,2.7566666666666664,0.0,8.0,21.52,184,0.13043478260869565,1
23235,STORAGE TIN VINTAGE LEAF,1831.1000000000001,87,702,14,100,7,40.46,1790.64,2.7592000000000003,0.019553072625698324,7.0,17.91,184,3.891304347826087,3
23236,DOILEY BISCUIT TIN,327.6,13,120,0,13,4,0.0,327.6,2.8592307692307695,0.0,9.0,25.2,184,0.6521739130434783,2
23236,DOILEY STORAGE TIN,2934.98,93,1082,5,117,6,14.450000000000001,2920.53,2.8662711864406782,0.004599816007359705,9.0,24.96,184,5.907608695652174,3
23236,STORAGE TIN VINTAGE DOILEY ,17.34,1,6,0,1,1,0.0,17.34,2.89,0.0,6.0,17.34,184,0.03260869565217391,1
23236,STORAGE TIN VINTAGE DOILY ,3502.15,126,1235,28,170,5,80.92,3421.23,2.981860465116279,0.022169437846397466,7.0,20.12,184,6.864130434782608,3
23237,SET OF 4 KNICK KNACK TINS LEAF,2970.8500000000004,96,739,14,124,6,56.900000000000006,2913.9500000000003,4.133870967741935,0.01859229747675963,6.0,23.5,184,4.092391304347826,0
23237,SET OF 4 KNICK KNACK TINS LEAVES ,1237.2,51,304,3,55,3,12.450000000000001,1224.75,4.128181818181818,0.009771986970684038,6.0,22.27,184,1.6684782608695652,0
23238,SET OF 4 KNICK KNACK TINS LONDON ,7116.650000000001,150,1775,16,241,7,65.60000000000001,7051.05,4.130408163265306,0.00893355667225014,7.0,29.26,185,9.68108108108108,3
23239,SET OF 4 KNICK KNACK TINS POPPIES,3142.4,125,812,28,164,7,115.80000000000001,3026.6000000000004,3.915868263473054,0.03333333333333333,5.0,18.45,184,4.565217391304348,0
23240,SET OF 4 KNICK KNACK TINS  DOILEY ,24.900000000000002,1,6,0,1,1,0.0,24.900000000000002,4.15,0.0,6.0,24.9,185,0.032432432432432434,1
23240,SET OF 4 KNICK KNACK TINS DOILEY ,7132.700000000001,142,1802,23,179,5,95.05000000000001,7037.650000000001,4.123626373626374,0.012602739726027398,10.0,39.32,185,9.864864864864865,3
23240,SET OF 4 KNICK KNACK TINS DOILY ,9237.300000000001,230,2286,27,322,5,111.65,9125.65,4.136585365853659,0.011673151750972763,7.0,28.34,185,12.502702702702702,3
23241,TREASURE TIN GYMKHANA DESIGN,4060.0,183,2005,7,289,7,14.56,4045.44,2.07527397260274,0.0034791252485089465,7.0,14.0,183,10.994535519125684,3
23242,TREASURE TIN BUFFALO BILL ,2886.0800000000004,132,1430,27,190,7,56.160000000000004,2829.92,2.074041450777202,0.018531228551818806,8.0,14.89,183,7.961748633879782,3
23243,SET OF TEA COFFEE SUGAR TINS PANTRY,22109.08,275,4658,115,419,7,535.65,21573.43,4.888928571428571,0.024093861303163627,11.0,51.49,185,25.8,3
23244,CANNISTER VINTAGE LEAF DESIGN,23.4,2,12,0,2,1,0.0,23.4,1.95,0.0,6.0,11.7,182,0.06593406593406594,1
23244,ROUND STORAGE TIN VINTAGE LEAF,1552.5099999999998,80,853,9,101,7,16.95,1535.56,1.9723762376237624,0.010440835266821345,9.0,15.2,182,4.736263736263736,3
23244,STORAGE TIN VINTAGE LEAF,117.0,7,60,0,7,4,0.0,117.0,1.95,0.0,9.0,16.71,182,0.32967032967032966,1
23245,SET OF 3 REGENCY CAKE TINS,26566.280000000002,472,5844,90,755,7,421.5,26144.780000000002,4.930369393139842,0.015166835187057633,8.0,34.63,185,32.075675675675676,3
23247,BISCUIT TIN 50'S CHRISTMAS,5760.52,231,2048,46,276,7,118.54000000000002,5641.9800000000005,2.968623188405797,0.021967526265520534,8.0,20.44,184,11.380434782608695,3
23249,ENAMEL DINNER PLATE PANTRY,19.799999999999997,1,12,0,1,1,0.0,19.799999999999997,1.65,0.0,12.0,19.8,177,0.06779661016949153,1
23249,VINTAGE RED ENAMEL TRIM PLATE,1254.8999999999999,56,778,55,74,7,87.71,1167.1899999999998,1.6397297297297295,0.06602641056422569,11.0,15.77,177,4.706214689265536,3
23250,ENAMEL BOWL PANTRY,30.0,2,24,0,2,2,0.0,30.0,1.25,0.0,12.0,15.0,178,0.1348314606741573,1
23250,VINTAGE RED TRIM ENAMEL BOWL ,1328.59,64,1079,121,95,7,141.8,1186.79,1.2433684210526317,0.10083333333333333,13.0,12.49,178,6.741573033707865,3
23251,ENAMEL MUG PANTRY,15.0,1,12,0,1,1,0.0,15.0,1.25,0.0,12.0,15.0,178,0.06741573033707865,1
23251,VINTAGE RED ENAMEL TRIM MUG ,1940.45,80,1633,58,106,7,72.5,1867.95,1.2400943396226414,0.03429923122412774,16.0,17.62,178,9.5,3
23252,ENAMEL JUG PANTRY,30.0,2,8,0,2,2,0.0,30.0,3.75,0.0,4.0,15.0,180,0.044444444444444446,1
23252,VINTAGE RED ENAMEL TRIM JUG ,2123.34,104,578,33,130,7,123.75,1999.5900000000001,3.742923076923077,0.054009819967266774,5.0,15.38,180,3.3944444444444444,0
23253,16 PC CUTLERY SET PANTRY DESIGN,63.8,1,4,0,1,1,0.0,63.8,15.95,0.0,4.0,63.8,231,0.017316017316017316,1
23253,16 PIECE CUTLERY SET PANTRY DESIGN,3018.2999999999997,44,210,2,48,9,31.9,2986.3999999999996,15.6625,0.009433962264150943,4.0,62.22,231,0.9177489177489178,0
23254,CHILDRENS CUTLERY DOLLY GIRL ,6525.55,197,1621,20,276,9,83.0,6442.55,4.142805755395684,0.01218769043266301,6.0,23.34,247,6.6437246963562755,3
23254,KIDS CUTLERY DOLLY GIRL ,149.4,8,36,0,8,4,0.0,149.4,4.15,0.0,4.0,18.68,247,0.145748987854251,1
23255,CHILDRENS CUTLERY CIRCUS PARADE,3852.44,116,962,9,146,9,37.35,3815.09,4.164657534246576,0.009268795056642637,7.0,26.13,243,3.9958847736625516,3
23256,CHILDRENS CUTLERY SPACEBOY ,7966.080000000001,226,1980,88,324,9,338.0,7628.080000000001,4.1504268292682935,0.0425531914893617,6.0,23.54,247,8.37246963562753,3
23256,KIDS CUTLERY SPACEBOY ,149.4,8,36,0,8,4,0.0,149.4,4.15,0.0,4.0,18.68,247,0.145748987854251,1
23263,SET OF 3 WOODEN HEART DECORATIONS,4791.58,269,3717,47,394,7,58.75,4732.83,1.317210401891253,0.01248671625929862,10.0,12.01,189,19.915343915343914,3
23264,SET OF 3 WOODEN SLEIGH DECORATIONS,2396.7,177,1842,1,250,7,1.25,2395.45,1.3227169811320754,0.0005425935973955507,7.0,9.58,180,10.238888888888889,2
23265,SET OF 3 WOODEN TREE DECORATIONS,2153.71,180,1665,15,248,7,18.75,2134.96,1.3193076923076923,0.008928571428571428,7.0,8.61,180,9.333333333333334,3
23266,SET OF 3 WOODEN STOCKING DECORATION,2529.64,201,1964,12,275,7,15.0,2514.64,1.3109215017064848,0.006072874493927126,7.0,9.14,180,10.977777777777778,3
23267,SET OF 4 SANTA PLACE SETTINGS,1427.34,79,1158,48,92,7,60.0,1367.34,1.2477894736842106,0.03980099502487562,13.0,14.86,169,7.136094674556213,3
23268,SET OF 2 CERAMIC CHRISTMAS REINDEER,1980.1799999999998,68,1626,12,80,6,17.4,1962.78,1.497875,0.007326007326007326,20.0,24.53,161,10.173913043478262,3
23269,SET OF 2 CERAMIC CHRISTMAS TREES,1065.3999999999999,63,748,0,76,7,0.0,1065.3999999999999,1.4474025974025975,0.0,10.0,14.02,180,4.155555555555556,2
23270,SET OF 2 CERAMIC PAINTED HEARTS ,1612.85,96,1253,6,120,7,8.7,1604.1499999999999,1.4317073170731707,0.004765687053216839,10.0,13.37,190,6.626315789473685,3
23271,CHRISTMAS TABLE CANDLE SILVER SPIKE,13.28,1,16,0,1,1,0.0,13.28,0.83,0.0,16.0,13.28,178,0.0898876404494382,1
23271,CHRISTMAS TABLE SILVER CANDLE SPIKE,1301.05,68,1603,0,74,6,0.0,1301.05,0.8368421052631578,0.0,22.0,17.58,178,9.00561797752809,2
23272,TREE T-LIGHT HOLDER WILLIE WINKIE,522.7399999999999,34,352,0,35,7,0.0,522.7399999999999,1.5637142857142856,0.0,10.0,14.94,170,2.070588235294118,2
23273,HEART T-LIGHT HOLDER WILLIE WINKIE,1533.84,88,928,4,101,7,6.6,1527.2399999999998,1.6782352941176468,0.004291845493562232,9.0,15.12,186,5.010752688172043,3
23274,STAR T-LIGHT HOLDER WILLIE WINKIE,1870.1099999999997,85,1139,3,101,7,4.949999999999999,1865.1599999999999,1.742549019607843,0.002626970227670753,11.0,18.47,187,6.106951871657754,3
23275,SET OF 3 HANGING OWLS OLLIE BEAK,4291.17,171,3613,77,274,7,95.41,4195.76,1.2869503546099292,0.02086720867208672,13.0,15.31,191,19.319371727748692,3
23280,FOLDING BUTTERFLY MIRROR HOT PINK ,1427.16,85,1838,2,129,8,1.66,1425.5,0.8349230769230769,0.0010869565217391304,14.0,11.05,214,8.598130841121495,2
23280,FOLDING MIRROR HOT PINK ,118.91999999999999,5,156,0,5,2,0.0,118.91999999999999,0.808,0.0,31.0,23.78,214,0.7289719626168224,2
23281,FOLDING BUTTERFLY MIRROR RED  ,961.28,56,1252,0,89,8,0.0,961.28,0.8228260869565218,0.0,14.0,10.8,213,5.877934272300469,2
23281,FOLDING MIRROR RED  ,14.939999999999998,2,18,0,2,1,0.0,14.939999999999998,0.83,0.0,9.0,7.47,213,0.08450704225352113,1
23282,FOLDING BUTTERFLY MIRROR IVORY ,597.78,67,735,0,100,8,0.0,597.78,0.8747058823529411,0.0,7.0,5.98,211,3.4834123222748814,2
23282,FOLDING MIRROR IVORY ,14.939999999999998,2,18,0,2,1,0.0,14.939999999999998,0.83,0.0,9.0,7.47,211,0.08530805687203792,1
23283,DOORMAT VINTAGE LEAF,3766.57,100,541,7,123,5,57.45,3709.12,8.092357723577235,0.012773722627737226,4.0,30.16,226,2.424778761061947,0
23283,DOORMAT VINTAGE LEAVES DESIGN ,2833.7000000000003,75,426,0,88,4,0.0,2833.7000000000003,7.66625,0.0,5.0,32.2,226,1.8849557522123894,2
23284,DOORMAT KEEP CALM AND COME IN,35880.85,378,5338,225,655,9,1601.25,34279.6,7.909271623672231,0.04044580262448319,8.0,52.34,226,24.615044247787612,3
23285,PINK VINTAGE SPOT BEAKER,4384.83,108,4679,2,133,7,1.7,4383.13,0.8466165413533834,0.0004272591326639607,35.0,32.96,174,26.902298850574713,3
23286,BLUE VINTAGE SPOT BEAKER,4528.29,126,4901,49,167,7,41.65,4486.64,0.8465269461077845,0.009898989898989899,30.0,26.87,179,27.6536312849162,3
23287,RED VINTAGE SPOT BEAKER,1445.5,115,1774,51,148,7,43.349999999999994,1402.1499999999999,0.8456666666666667,0.027945205479452055,12.0,9.47,176,10.369318181818182,3
23288,GREEN VINTAGE SPOT BEAKER,4261.889999999999,107,4505,18,138,7,15.17,4246.72,0.8476978417266187,0.003979659518019014,33.0,30.77,177,25.55367231638418,3
23289,DOLLY GIRL CHILDRENS BOWL,1854.8500000000001,111,1553,12,145,7,15.0,1839.8500000000001,1.2458904109589042,0.0076677316293929714,11.0,12.69,178,8.792134831460674,3
23290,SPACEBOY CHILDRENS BOWL,2757.15,125,2367,10,176,7,12.5,2744.65,1.2420454545454545,0.004206983592763988,14.0,15.59,178,13.353932584269662,3
23291,DOLLY GIRL CHILDRENS CUP,1880.14,104,1548,10,147,7,12.5,1867.64,1.2691216216216217,0.006418485237483954,11.0,12.71,178,8.752808988764045,3
23292,SPACE BOY CHILDRENS CUP,143.3,5,130,0,5,1,0.0,143.3,1.21,0.0,26.0,28.66,178,0.7303370786516854,2
23292,SPACEBOY CHILDRENS CUP,2343.07,112,1951,21,165,7,26.25,2316.82,1.2646385542168674,0.010649087221095335,12.0,14.04,178,11.07865168539326,3
23293,SET OF 12 FAIRY CAKE BAKING CASES,6457.0,323,8228,32,470,6,26.56,6430.44,0.8239406779661016,0.00387409200968523,18.0,13.68,150,55.06666666666667,3
23294,SET OF 6 SNACK LOAF BAKING CASES,3336.94,214,4264,13,295,6,10.79,3326.1499999999996,0.8248494983277592,0.00303951367781155,14.0,11.28,149,28.70469798657718,3
23295,SET OF 12 MINI LOAF BAKING CASES,4670.63,250,5957,13,364,6,10.79,4659.84,0.8246486486486486,0.0021775544388609714,16.0,12.8,150,39.8,3
23296,SET OF 6 TEA TIME BAKING CASES,5684.650000000001,243,4877,27,325,6,33.75,5650.900000000001,1.239787234042553,0.005505709624796085,15.0,17.39,150,32.693333333333335,3
23297,SET 40 HEART SHAPE PETIT FOUR CASES,6677.0,123,4260,26,144,5,42.9,6634.099999999999,1.6363013698630136,0.006066262249183388,30.0,46.07,134,31.98507462686567,3
23298,"BUNTING , SPOTTY ",634.7,7,146,0,7,2,0.0,634.7,4.721428571428572,0.0,21.0,90.67,219,0.6666666666666666,2
23298,SPOTTY BUNTING,35509.55,571,7633,110,1015,8,482.81,35026.740000000005,4.915477582846004,0.01420637995608937,8.0,34.51,219,35.35616438356164,3
23299,"FOOD COVER WITH BEADS , SET 2 SIZES",11.25,1,3,0,1,1,0.0,11.25,3.75,0.0,3.0,11.25,209,0.014354066985645933,1
23299,FOOD COVER WITH BEADS SET 2 ,3545.17,109,977,8,123,7,30.0,3515.17,3.792764227642276,0.008121827411167513,8.0,28.58,209,4.712918660287081,3
23300,GARDENERS KNEELING PAD CUP OF TEA ,9933.689999999999,351,6285,152,642,8,231.59999999999997,9702.089999999998,1.6649922958397534,0.02361348454248874,10.0,15.11,208,30.947115384615383,3
23301,GARDENERS KNEELING PAD KEEP CALM ,12463.779999999999,405,7722,114,767,8,168.89999999999998,12294.88,1.663208279430789,0.01454823889739663,10.0,16.03,208,37.67307692307692,3
23302,KNEELING MAT HOUSEWORK  DESIGN,1980.7099999999998,140,1473,36,192,8,54.239999999999995,1926.4699999999998,1.5763076923076922,0.02385685884691849,8.0,10.03,208,7.2548076923076925,3
23303,SET 4 PICNIC CUTLERY FONDANT,126.75,6,65,0,6,3,0.0,126.75,1.95,0.0,11.0,21.12,40,1.625,1
23304,SET 4 PICNIC CUTLERY CHERRY ,138.45,9,71,0,9,3,0.0,138.45,1.9500000000000002,0.0,8.0,15.38,38,1.868421052631579,1
23305,SET 4 PICNIC CUTLERY BLUEBERRY,159.9,9,82,0,9,3,0.0,159.9,1.9500000000000002,0.0,9.0,17.77,44,1.8636363636363635,2
23306,SET OF 36 DOILIES PANTRY DESIGN,3761.9199999999996,172,2653,7,197,6,10.149999999999999,3751.7699999999995,1.4543939393939394,0.002631578947368421,14.0,19.04,183,14.53551912568306,3
23306,SET OF 36 PANTRY PAPER DOILIES,58.019999999999996,14,39,0,14,3,0.0,58.019999999999996,1.5479999999999998,0.0,3.0,4.14,183,0.21311475409836064,1
23307,SET OF 60 PANTRY DESIGN CAKE CASES ,5974.39,366,11661,88,509,7,48.400000000000006,5925.990000000001,0.5562571976967371,0.007489999148863733,23.0,11.64,189,62.164021164021165,3
23308,SET OF 60 VINTAGE LEAF CAKE CASES ,3091.61,209,5955,0,305,7,0.0,3091.61,0.5637820512820513,0.0,20.0,10.14,187,31.844919786096256,2
23309,SET OF 60 I LOVE LONDON CAKE CASES ,3697.7000000000003,178,7670,64,298,7,35.2,3662.5,0.5686495176848876,0.008275148694078097,26.0,12.29,190,40.705263157894734,3
23310,BUBBLEGUM RING ASSORTED,4894.83,146,11891,0,213,7,0.0,4894.83,0.4292523364485981,0.0,56.0,22.98,183,64.97814207650273,2
23311,VINTAGE CHRISTMAS STOCKING ,5564.25,246,2199,9,284,6,22.95,5541.299999999999,2.5452961672473866,0.004076086956521739,8.0,19.51,147,15.020408163265307,3
23312,VINTAGE CHRISTMAS GIFT SACK,5523.0,168,1364,1,194,6,4.15,5518.85,4.13989898989899,0.0007326007326007326,7.0,28.45,143,9.545454545454545,3
23313,VINTAGE CHRISTMAS BUNTING,12960.12,254,2748,13,361,6,64.35,12895.77,4.951304347826087,0.004708438971387179,8.0,35.72,150,18.406666666666666,3
23314,VINTAGE CHRISTMAS TABLECLOTH,4638.52,87,391,5,106,6,62.5,4576.02,12.440841121495328,0.012626262626262626,4.0,43.17,147,2.693877551020408,0
23315,IVORY REFECTORY CLOCK,1894.7,63,202,12,77,7,97.80000000000001,1796.8999999999999,9.80974025974026,0.056074766355140186,3.0,23.34,166,1.2891566265060241,0
23316,RED REFECTORY CLOCK ,2212.25,75,235,1,96,7,9.95,2202.2999999999997,9.81875,0.00423728813559322,2.0,22.94,168,1.4047619047619047,0
23317,BLUE REFECTORY CLOCK ,1547.95,56,161,0,70,7,0.0,1547.95,9.872857142857141,0.0,2.0,22.11,166,0.9698795180722891,2
23318,BOX OF 6 MINI VINTAGE CRACKERS,8345.43,270,3645,168,336,6,368.71000000000004,7976.72,2.452836257309942,0.044059795436664044,11.0,23.74,155,24.6,3
23319,BOX OF 6 MINI 50'S CRACKERS,8169.4800000000005,300,3520,116,371,6,244.97000000000003,7924.51,2.459709762532982,0.0319031903190319,10.0,21.36,155,23.45806451612903,3
23320,GIANT 50'S CHRISTMAS CRACKER,6907.52,260,2628,13,312,6,37.57,6869.95,2.660094637223975,0.004922377887163953,8.0,22.02,157,16.821656050955415,3
23321,SMALL WHITE HEART OF WICKER,6798.099999999999,378,4262,39,586,7,64.35,6733.749999999999,1.6436666666666666,0.00906765868402697,7.0,11.49,183,23.502732240437158,3
23322,LARGE WHITE HEART OF WICKER,8137.500000000001,350,2892,63,521,7,169.85000000000002,7967.650000000001,2.9468500948766603,0.02131979695431472,6.0,15.29,180,16.416666666666668,3
23323,WHITE WICKER STAR ,2954.7000000000003,210,1422,3,273,7,6.300000000000001,2948.4,2.09644128113879,0.002105263157894737,5.0,10.8,168,8.482142857142858,3
23324,RUSTIC STRAWBERRY JAM POT LARGE ,531.84,32,261,35,35,4,67.51,464.33000000000004,2.066857142857143,0.11824324324324324,8.0,13.27,114,2.5964912280701755,0
23324,RUSTIC STRAWBERRY JAMPOT LARGE ,238.56,6,120,0,6,3,0.0,238.56,2.0416666666666665,0.0,20.0,39.76,114,1.0526315789473684,2
23325,RUSTIC STRAWBERRY JAM POT SMALL,641.9999999999999,24,408,18,30,4,29.699999999999996,612.3,1.6233333333333333,0.04225352112676056,14.0,20.41,108,3.9444444444444446,0
23325,RUSTIC STRAWBERRY JAMPOT SMALL,59.39999999999999,3,36,0,3,3,0.0,59.39999999999999,1.6499999999999997,0.0,12.0,19.8,108,0.3333333333333333,1
23326,HANGING MINI COLOURED BOTTLES,1999.5900000000001,52,3369,0,55,5,0.0,1999.5900000000001,0.6192727272727273,0.0,61.0,36.36,120,28.075,2
23327,HANGING CLEAR MINI BOTTLE,1012.0200000000001,33,1710,8,36,5,4.720000000000001,1007.3000000000001,0.617027027027027,0.004656577415599534,48.0,27.98,118,14.559322033898304,3
23328,SET 6 SCHOOL MILK BOTTLES IN CRATE,7495.29,195,2063,8,286,5,29.64,7465.65,3.72048275862069,0.00386286817962337,7.0,26.1,121,17.115702479338843,3
23329,DECORATIVE WICKER HEART LARGE,2794.6499999999996,168,1701,3,216,5,4.949999999999999,2789.7,1.648283261802575,0.0017605633802816902,8.0,12.92,124,13.741935483870968,3
23330,DECORATIVE WICKER HEART MEDIUM,2181.19,158,1751,6,196,5,7.5,2173.69,1.2489655172413792,0.003414911781445646,9.0,11.09,123,14.284552845528456,3
23331,DECORATIVE WICKER HEART SMALL,932.2800000000001,67,1492,0,81,5,0.0,932.2800000000001,0.6290697674418605,0.0,18.0,11.51,121,12.330578512396695,2
23332,IVORY WICKER HEART LARGE,3255.7499999999995,207,1979,2,268,5,3.3,3252.45,1.6485559566787003,0.0010095911155981827,7.0,12.14,122,16.237704918032787,3
23333,IVORY WICKER HEART MEDIUM,2498.65,179,2009,12,217,5,15.0,2483.65,1.2481497797356826,0.005937654626422563,9.0,11.45,121,16.702479338842974,3
23334,IVORY WICKER HEART SMALL,1345.5,83,2154,0,95,5,0.0,1345.5,0.6284158415841584,0.0,23.0,14.16,123,17.51219512195122,2
23335,EGG FRYING PAN IVORY ,722.5600000000001,62,358,12,83,7,24.96,697.6,2.07452380952381,0.032432432432432434,4.0,8.4,178,2.0786516853932584,0
23336,EGG FRYING PAN PINK ,415.97,46,199,0,63,7,0.0,415.97,2.1120312500000002,0.0,3.0,6.6,178,1.1179775280898876,2
23337,EGG FRYING PAN MINT ,351.52000000000004,49,169,0,60,7,0.0,351.52000000000004,2.08,0.0,3.0,5.86,178,0.949438202247191,2
23338,EGG FRYING PAN RED ,820.32,62,405,6,92,7,12.48,807.84,2.075,0.014598540145985401,4.0,8.78,180,2.283333333333333,0
23339,EGG FRYING PAN BLUE ,312.0,43,150,0,58,7,0.0,312.0,2.08,0.0,3.0,5.38,178,0.8426966292134831,2
23340,VINTAGE CHRISTMAS CAKE FRILL,3879.45,112,2453,0,122,6,0.0,3879.45,1.645121951219512,0.0,20.0,31.8,130,18.869230769230768,2
23341,PINK DINER WALL CLOCK,2317.1,75,281,0,98,7,0.0,2317.1,8.456632653061224,0.0,3.0,23.64,168,1.6726190476190477,2
23342,MINT DINER CLOCK,17.0,1,2,0,1,1,0.0,17.0,8.5,0.0,2.0,17.0,167,0.011976047904191617,1
23342,MINT DINER WALL CLOCK,3034.5,104,363,1,155,7,8.5,3026.0,8.483548387096775,0.0027472527472527475,2.0,19.52,167,2.179640718562874,0
23343,JUMBO BAG VINTAGE CHRISTMAS ,9742.1,286,4905,271,392,7,505.68,9236.42,2.077,0.052357032457496136,13.0,23.56,180,28.755555555555556,3
23344,JUMBO BAG 50'S CHRISTMAS ,17636.04,391,8933,262,593,7,486.96000000000004,17149.08,2.0692821368948247,0.02849374660141381,16.0,28.92,177,51.94915254237288,3
23345, DOLLY GIRL BEAKER,2754.5,101,2394,7,135,6,8.75,2745.75,1.2437956204379563,0.0029154518950437317,18.0,20.34,137,17.525547445255473,3
23346,SPACEBOY BEAKER,2970.75,106,2567,6,139,6,7.5,2963.25,1.2439716312056739,0.002331908278274388,19.0,21.32,137,18.78102189781022,3
23347,I LOVE LONDON BEAKER,999.75,51,827,34,73,6,42.5,957.25,1.2477027027027028,0.03948896631823461,12.0,13.11,136,6.330882352941177,3
23348,CHILDRENS TOY COOKING UTENSIL SET,1363.16,95,676,23,130,5,47.260000000000005,1315.9,2.069015151515152,0.032904148783977114,5.0,10.12,98,7.13265306122449,3
23349,ROLL WRAP VINTAGE CHRISTMAS,3450.39,214,2847,12,247,5,15.0,3435.39,1.24501976284585,0.004197271773347324,12.0,13.91,127,22.511811023622048,3
23350,ROLL WRAP VINTAGE SPOT ,3154.4,205,2584,12,247,5,15.0,3139.4,1.2466798418972334,0.004622496147919877,11.0,12.71,127,20.440944881889763,3
23351,ROLL WRAP 50'S CHRISTMAS,3694.02,242,3054,84,273,5,89.88,3604.14,1.2431768953068592,0.02676864244741874,11.0,13.2,127,24.708661417322833,3
23352,ROLL WRAP 50'S RED CHRISTMAS ,1961.01,151,1593,0,162,5,0.0,1961.01,1.2474233128834356,0.0,10.0,12.1,127,12.543307086614174,2
23353,6 GIFT TAGS VINTAGE CHRISTMAS ,3068.8199999999997,227,3726,12,254,5,9.959999999999999,3058.8599999999997,0.8295736434108527,0.0032102728731942215,15.0,12.04,129,28.976744186046513,3
23354,6 GIFT TAGS 50'S CHRISTMAS ,2750.93,235,3343,48,263,5,39.84,2711.0899999999997,0.8295940959409593,0.01415511648481274,13.0,10.31,128,26.4921875,3
23355,HOT WATER BOTTLE KEEP CALM,24302.550000000003,474,5313,48,726,5,218.4,24084.15,4.865853658536586,0.008953553441522105,7.0,33.17,109,49.18348623853211,3
23356,LOVE HOT WATER BOTTLE,12954.75,316,2325,9,451,5,53.55,12901.2,5.891431670281996,0.0038560411311053984,5.0,28.61,109,21.412844036697248,3
23357,HOT WATER BOTTLE SEX BOMB,1832.0,79,432,0,88,5,0.0,1832.0,4.479213483146068,0.0,5.0,20.82,110,3.9272727272727272,2
23358,HOT STUFF HOT WATER BOTTLE,1686.15,61,527,2,68,5,7.5,1678.65,3.4423529411764706,0.003780718336483932,8.0,24.69,110,4.8090909090909095,2
23359,SET OF 12 T-LIGHTS VINTAGE DOILEY,118.94999999999999,6,61,0,6,3,0.0,118.94999999999999,1.95,0.0,10.0,19.82,129,0.4728682170542636,1
23359,SET OF 12 T-LIGHTS VINTAGE DOILY,1715.85,67,915,0,70,5,0.0,1715.85,1.9285714285714286,0.0,13.0,24.51,129,7.093023255813954,2
23360,SET 8 CANDLES VINTAGE DOILEY,216.29999999999998,7,122,0,7,3,0.0,216.29999999999998,1.907142857142857,0.0,17.0,30.9,129,0.9457364341085271,2
23360,SET 8 CANDLES VINTAGE DOILY,1932.0,88,1024,0,100,5,0.0,1932.0,1.9441176470588233,0.0,10.0,19.32,129,7.937984496124031,2
23365,SET 12 COLOUR PENCILS LOVE LONDON,991.45,107,1529,0,128,4,0.0,991.45,0.649236641221374,0.0,12.0,7.75,77,19.857142857142858,2
23366,SET 12 COLOUR PENCILS DOILEY,31.200000000000003,3,48,0,3,2,0.0,31.200000000000003,0.65,0.0,16.0,10.4,78,0.6153846153846154,1
23366,SET 12 COLOURING PENCILS DOILEY,0.65,1,1,0,1,1,0.0,0.65,0.65,0.0,1.0,0.65,78,0.01282051282051282,1
23366,SET 12 COLOURING PENCILS DOILY,1177.1000000000001,112,1870,0,137,4,0.0,1177.1000000000001,0.6492857142857144,0.0,14.0,8.59,78,23.974358974358974,2
23367,SET 12 COLOUR PENCILS SPACEBOY ,1803.3000000000002,184,2778,16,232,4,10.4,1792.9,0.6495744680851064,0.00572655690765927,12.0,7.73,78,35.82051282051282,3
23368,SET 12 COLOUR PENCILS DOLLY GIRL ,1396.4,134,2152,6,180,4,3.9000000000000004,1392.5,0.6494565217391305,0.0027803521779425394,12.0,7.74,78,27.666666666666668,3
23369,SET 36 COLOUR PENCILS LOVE LONDON,1053.29,80,901,0,95,4,0.0,1053.29,1.2441836734693879,0.0,9.0,11.09,77,11.7012987012987,2
23370,SET 36 COLOUR PENCILS DOILEY,80.0,3,64,0,3,2,0.0,80.0,1.25,0.0,21.0,26.67,78,0.8205128205128205,1
23370,SET 36 COLOURING PENCILS DOILEY,1.25,1,1,0,1,1,0.0,1.25,1.25,0.0,1.0,1.25,78,0.01282051282051282,1
23370,SET 36 COLOURING PENCILS DOILY,1562.6100000000001,84,1289,1,103,4,1.25,1561.3600000000001,1.2463809523809524,0.0007751937984496124,13.0,15.16,78,16.53846153846154,2
23371,SET 36 COLOUR PENCILS SPACEBOY ,1775.22,98,1498,0,133,4,0.0,1775.22,1.2443283582089553,0.0,11.0,13.35,78,19.205128205128204,2
23372,SET 36 COLOUR PENCILS DOLLY GIRL,1520.22,76,1294,16,100,4,20.0,1500.22,1.2426923076923078,0.012213740458015267,13.0,15.0,77,17.01298701298701,3
23373,VINTAGE CHRISTMAS PAPER GIFT BAG,1241.6599999999999,86,1563,0,88,5,0.0,1241.6599999999999,0.8177272727272726,0.0,18.0,14.11,125,12.504,2
23374,RED SPOT PAPER GIFT BAG,1944.08,108,2444,16,125,5,13.12,1930.9599999999998,0.8175999999999999,0.0065040650406504065,20.0,15.45,128,19.21875,3
23375,50'S CHRISTMAS PAPER GIFT BAG,1059.9399999999998,85,1317,1,89,5,0.82,1059.12,0.8188764044943819,0.0007587253414264037,15.0,11.9,109,12.091743119266056,2
23376,PACK OF 12 VINTAGE CHRISTMAS TISSUE,995.4599999999999,104,2630,24,114,4,9.36,986.1,0.389406779661017,0.00904295403165034,23.0,8.65,100,26.54,3
23377,PACK OF 12 DOLLY GIRL TISSUES,468.0,69,1200,8,81,4,3.12,464.88,0.39,0.006622516556291391,15.0,5.74,93,12.989247311827956,3
23378,PACK OF 12 50'S CHRISTMAS TISSUES,1270.59,127,3413,0,144,4,0.0,1270.59,0.3890728476821192,0.0,24.0,8.82,99,34.474747474747474,2
23379,PACK OF 12 RED APPLE TISSUES,428.01,49,1175,0,50,4,0.0,428.01,0.38862745098039214,0.0,24.0,8.56,93,12.634408602150538,2
23380,PACK OF 12 DOILEY TISSUES,28.08,2,72,0,2,2,0.0,28.08,0.39,0.0,36.0,14.04,95,0.7578947368421053,1
23380,PACK OF 12 VINTAGE DOILY TISSUES,783.6899999999999,85,2087,36,94,4,14.04,769.65,0.3892708333333334,0.016957136128120585,23.0,8.19,95,22.347368421052632,3
23381,PACK OF 12 VINTAGE LEAF TISSUES ,544.62,59,1474,0,64,4,0.0,544.62,0.3889230769230769,0.0,23.0,8.51,95,15.51578947368421,2
23382,BOX OF 6 CHRISTMAS CAKE DECORATIONS,6155.04,136,1712,17,166,3,63.75,6091.29,3.711437125748503,0.009832272990167727,10.0,36.69,57,30.333333333333332,3
23388,WOODLAND MINI BACKPACK,3133.6000000000004,114,784,0,133,4,0.0,3133.6000000000004,4.1379699248120305,0.0,6.0,23.56,89,8.808988764044944,2
23388,WOODLAND MINI RUCKSACK ,20.75,2,5,0,2,1,0.0,20.75,4.15,0.0,2.0,10.38,89,0.056179775280898875,1
23389,SPACEBOY MINI BACKPACK,4134.5,157,1030,2,202,4,8.3,4126.2,4.142156862745098,0.001937984496124031,5.0,20.43,89,11.595505617977528,3
23389,SPACEBOY MINI RUCKSACK,53.95,4,13,0,4,2,0.0,53.95,4.15,0.0,3.0,13.49,89,0.14606741573033707,1
23390,DOLLY GIRL MINI BACKPACK,2838.9500000000003,116,713,1,145,4,4.15,2834.8,4.13918918918919,0.0014005602240896359,5.0,19.55,89,8.02247191011236,2
23390,DOLLY GIRL MINI RUCKSACK,33.2,2,8,0,2,2,0.0,33.2,4.15,0.0,4.0,16.6,89,0.0898876404494382,1
23391, I LOVE LONDON MINI BACKPACK,1449.8500000000001,58,359,0,68,4,0.0,1449.8500000000001,4.138405797101449,0.0,5.0,21.32,89,4.033707865168539,2
23391, I LOVE LONDON MINI RUCKSACK,4.15,1,1,0,1,1,0.0,4.15,4.15,0.0,1.0,4.15,89,0.011235955056179775,1
23392,SPACEBOY ROCKET LOLLY MAKERS,1165.28,70,587,24,79,4,49.92,1115.3600000000001,2.07275,0.03927986906710311,8.0,14.12,93,6.56989247311828,3
23393,HOME SWEET HOME CUSHION COVER ,2861.25,165,763,21,207,4,78.75,2782.5,3.75,0.026785714285714284,4.0,13.44,94,8.340425531914894,3
23394,POSTE FRANCE CUSHION COVER,1470.0,90,392,0,119,4,0.0,1470.0,3.75,0.0,3.0,12.35,96,4.083333333333333,2
23395,BELLE JARDINIERE CUSHION COVER,2555.73,141,683,7,180,4,26.25,2529.48,3.7474585635359112,0.010144927536231883,4.0,14.05,96,7.1875,3
23396,BUTTERFLY CUSHION COVER,30.0,2,8,0,2,1,0.0,30.0,3.75,0.0,4.0,15.0,96,0.08333333333333333,1
23396,LA JARDIN BOTANIQUE CUSHION COVER,300.0,23,80,0,23,2,0.0,300.0,3.75,0.0,3.0,13.04,96,0.8333333333333334,1
23396,LE JARDIN BOTANIQUE CUSHION COVER,1948.23,114,521,4,140,4,15.0,1933.23,3.7468275862068965,0.007619047619047619,4.0,13.81,96,5.46875,3
23397,FOOT STOOL HOME SWEET HOME ,4069.9,139,434,6,181,3,59.699999999999996,4010.2,9.850552486187844,0.013636363636363636,2.0,22.16,86,5.116279069767442,0
23398,HANGING HEART BONHEUR,495.83,53,587,1,58,4,0.85,494.97999999999996,0.8479687499999999,0.0017006802721088435,10.0,8.53,95,6.189473684210526,2
23399,HOME SWEET HOME HANGING HEART,1539.6299999999999,146,1815,0,176,4,0.0,1539.6299999999999,0.8492972972972973,0.0,10.0,8.75,96,18.90625,2
23400,SHELF WITH 4 HOOKS HOME SWEET HOME,2247.36,76,448,2,96,4,12.5,2234.86,6.154329896907217,0.0044444444444444444,5.0,23.28,93,4.838709677419355,0
23401,RUSTIC MIRROR WITH LACE HEART,2155.51,59,443,3,73,4,18.75,2136.76,6.09958904109589,0.006726457399103139,6.0,29.27,93,4.795698924731183,0
23402,HOME SWEEET HOME 3 PEG HANGER ,93.75,4,25,0,4,1,0.0,93.75,3.75,0.0,6.0,23.44,91,0.27472527472527475,1
23402,HOME SWEET HOME 3 PEG HANGER ,934.1700000000001,44,255,0,51,4,0.0,934.1700000000001,3.7409803921568625,0.0,5.0,18.32,91,2.802197802197802,2
23403,LETTER HOLDER HOME SWEET HOME,1980.31,80,595,3,113,4,11.25,1969.06,3.707894736842105,0.005016722408026756,5.0,17.43,94,6.361702127659575,3
23404,HOME SWEET HOME BLACKBOARD,4108.58,104,969,29,150,4,143.55,3965.03,4.871733333333333,0.02905811623246493,7.0,26.43,96,10.395833333333334,3
23405,HOME SWEET HOME 2 DRAWER CABINET,1128.05,54,235,1,58,4,4.95,1123.1000000000001,4.909322033898306,0.00423728813559322,4.0,19.36,93,2.5376344086021505,2
23406,HOME SWEET HOME KEY HOLDER,2148.54,65,434,3,96,4,18.75,2129.79,6.144583333333333,0.006864988558352402,5.0,22.19,93,4.698924731182796,0
23407,SET OF 2 TRAYS HOME SWEET HOME,2426.72,103,250,6,122,4,59.699999999999996,2367.02,9.845365853658537,0.0234375,2.0,19.4,96,2.6666666666666665,0
23408,PHOTO FRAME LINEN AND LACE SMALL,644.8000000000001,53,310,14,62,4,29.12,615.6800000000001,2.08,0.043209876543209874,5.0,9.93,91,3.5604395604395602,0
23409,PHOTO FRAME LINEN AND LACE LARGE,771.72,39,208,7,43,4,26.25,745.47,3.728604651162791,0.03255813953488372,5.0,17.34,89,2.4157303370786516,0
23410,CURIO CABINET LINEN AND LACE ,290.1,16,36,1,19,3,8.15,281.95,8.034210526315789,0.02702702702702703,2.0,14.84,79,0.46835443037974683,0
23411, TRELLIS COAT RACK,1016.5500000000001,42,217,1,47,4,4.95,1011.6000000000001,4.916666666666667,0.0045871559633027525,5.0,21.52,90,2.422222222222222,2
23412,HEART MIRROR ANTIQUE WHITE,2269.14,64,351,2,72,2,15.0,2254.14,7.396027397260274,0.0056657223796034,5.0,31.31,35,10.085714285714285,0
23413,DECORATIVE VINTAGE COFFEE  BOX,208.20000000000002,13,44,0,16,3,0.0,208.20000000000002,4.9,0.0,3.0,13.01,92,0.4782608695652174,1
23413,DECROTIVEVINTAGE COFFEE GRINDER BOX,49.5,4,10,0,4,1,0.0,49.5,4.95,0.0,2.0,12.38,92,0.10869565217391304,1
23413,VINTAGE COFFEE GRINDER BOX,485.70000000000005,20,102,12,24,2,49.800000000000004,435.90000000000003,4.8500000000000005,0.10526315789473684,5.0,18.16,92,1.2391304347826086,0
23414,ZINC BOX SIGN HOME,1348.01,58,139,4,63,3,39.8,1308.2099999999998,9.903650793650792,0.027972027972027972,2.0,20.77,87,1.6436781609195403,0
23415,HOME SWEET HOME HOOK,405.59999999999997,42,326,5,46,4,8.25,397.34999999999997,1.376086956521739,0.015105740181268883,7.0,8.64,93,3.5591397849462365,2
23416,CHAMBRE HOOK,155.06999999999996,18,123,0,18,4,0.0,155.06999999999996,1.16,0.0,7.0,8.61,88,1.3977272727272727,2
23417,BATHROOM HOOK,137.76,21,140,0,21,4,0.0,137.76,1.1345454545454545,0.0,7.0,6.56,92,1.5217391304347827,2
23418,LAVENDER TOILETTE BOTTLE,1066.88,55,533,0,60,4,0.0,1066.88,2.0655,0.0,9.0,17.78,87,6.126436781609195,2
23419,HOME SWEET HOME BOTTLE ,895.0400000000001,56,437,1,62,4,2.08,892.96,2.0753225806451616,0.00228310502283105,7.0,14.4,88,4.9772727272727275,2
23420,PANTRY HOOK TEA STRAINER ,330.72,26,159,0,28,4,0.0,330.72,2.08,0.0,6.0,11.81,80,1.9875,2
23421,PANTRY HOOK SPATULA,316.16,24,152,0,26,4,0.0,316.16,2.08,0.0,6.0,12.16,87,1.7471264367816093,2
23422,PANTRY HOOK BALLOON WHISK ,407.68,29,196,0,31,4,0.0,407.68,2.08,0.0,6.0,13.15,88,2.227272727272727,2
23423,PANTRY 3 HOOK ROLLING PIN HANGER,757.5,47,202,5,54,4,18.75,738.75,3.75,0.024154589371980676,4.0,13.68,89,2.3258426966292136,0
23424,GINGHAM RECIPE BOOK BOX,1966.95,87,409,1,104,4,4.95,1962.0,4.926923076923076,0.0024390243902439024,4.0,18.87,95,4.315789473684211,2
23425,STORAGE TIN HOME SWEET HOME,435.43,35,237,7,38,4,17.43,418.00000000000006,2.087368421052632,0.028688524590163935,6.0,11.0,95,2.568421052631579,0
23426,METAL SIGN DROP YOUR PANTS,3186.78,126,1230,6,172,4,17.34,3169.44,2.854655172413793,0.0048543689320388345,7.0,18.43,94,13.148936170212766,3
23427,STOOL HOME SWEET HOME ,2635.9,87,227,2,108,4,22.9,2613.0,12.288073394495413,0.008733624454148471,2.0,24.19,95,2.4105263157894736,0
23428,IVORY RETRO KITCHEN WALL CLOCK,559.5,25,70,2,27,2,16.3,543.2,8.10925925925926,0.027777777777777776,3.0,20.12,22,3.272727272727273,0
23429,RED RETRO KITCHEN WALL CLOCK,358.6,19,44,0,20,2,0.0,358.6,8.15,0.0,2.0,17.93,18,2.4444444444444446,1
23430,BLUE RETRO KITCHEN WALL CLOCK,285.25,16,35,0,17,2,0.0,285.25,8.15,0.0,2.0,16.78,19,1.8421052631578947,1
23431,NATURAL HANGING QUILTED HEARTS ,1113.1299999999999,63,1427,16,70,5,13.28,1099.85,0.8254166666666667,0.011088011088011088,21.0,15.71,98,14.724489795918368,3
23432,PRETTY HANGING QUILTED HEARTS,1045.1999999999998,65,1272,0,70,5,0.0,1045.1999999999998,0.8268571428571428,0.0,18.0,14.93,98,12.979591836734693,2
23433,HANGING QUILTED PATCHWORK APPLES,1003.17,76,1215,47,85,5,39.01,964.16,0.8287058823529412,0.03724247226624406,15.0,11.34,101,12.495049504950495,3
23434,3 RAFFIA RIBBONS 50'S CHRISTMAS ,1624.5,129,1782,10,135,4,7.9,1616.6000000000001,0.9038235294117647,0.005580357142857143,13.0,11.97,88,20.363636363636363,3
23435,3 RAFFIA RIBBONS VINTAGE CHRISTMAS,606.28,40,676,0,44,4,0.0,606.28,0.9072727272727273,0.0,15.0,13.78,88,7.681818181818182,2
23436,GIFT BAG LARGE VINTAGE CHRISTMAS,185.0,9,148,0,9,3,0.0,185.0,1.25,0.0,16.0,20.56,125,1.184,2
23436,VINTAGE CHRISTMAS GIFT BAG LARGE ,2066.65,82,1781,15,85,5,18.75,2047.9,1.2401176470588235,0.008351893095768375,21.0,24.09,125,14.368,3
23437, 50'S CHRISTMAS GIFT BAG LARGE,2272.25,106,1885,2,110,5,2.5,2269.75,1.248090909090909,0.0010598834128245894,17.0,20.63,109,17.31192660550459,3
23437,GIFT BAG LARGE 50'S CHRISTMAS,30.0,2,24,0,2,2,0.0,30.0,1.25,0.0,12.0,15.0,109,0.22018348623853212,1
23438, RED SPOT GIFT BAG LARGE,2023.5,82,1686,0,92,5,0.0,2023.5,1.247717391304348,0.0,18.0,21.99,128,13.171875,2
23438,GIFT BAG LARGE SPOT ,120.0,6,96,0,6,3,0.0,120.0,1.25,0.0,16.0,20.0,128,0.75,2
23439,HAND WARMER RED LOVE HEART,7574.1,268,3721,0,371,5,0.0,7574.1,2.0941709844559586,0.0,10.0,20.42,107,34.77570093457944,2
23440,PAINT YOUR OWN EGGS IN CRATE,299.36,5,164,0,5,2,0.0,299.36,2.022,0.0,33.0,59.87,14,11.714285714285714,2
23441,HAND PAINTED HANGING EASTER EGG,9.24,3,22,0,3,2,0.0,9.24,0.42,0.0,7.0,3.08,15,1.4666666666666666,1
23442,12 HANGING EGGS HAND PAINTED,83.2,7,40,0,7,2,0.0,83.2,2.08,0.0,6.0,11.89,22,1.8181818181818181,1
23444,Next Day Carriage,1200.0,63,79,1,80,8,15.0,1185.0,15.1875,0.0125,1.0,14.81,196,0.40816326530612246,0
23445,ICE CREAM BUBBLES,2131.0099999999998,81,2647,20,95,5,16.599999999999998,2114.41,0.8265625,0.0074990626171728535,28.0,22.26,107,24.925233644859812,3
23446,BLUE BUNNY EASTER EGG BASKET,230.24999999999997,3,157,0,3,2,0.0,230.24999999999997,1.5833333333333333,0.0,52.0,76.75,59,2.6610169491525424,2
23447,PINK BUNNY EASTER EGG BASKET,231.89999999999998,4,158,0,4,2,0.0,231.89999999999998,1.5999999999999999,0.0,40.0,57.97,59,2.6779661016949152,2
23448,CREAM BUNNY EASTER EGG BASKET,41.24999999999999,3,25,0,3,2,0.0,41.24999999999999,1.6499999999999997,0.0,8.0,13.75,51,0.49019607843137253,1
23449,SET OF 6 EASTER RAINBOW CHICKS,15.0,1,12,0,1,1,0.0,15.0,1.25,0.0,12.0,15.0,1,12.0,1
23451,SQUARE MINI PORTRAIT FRAME,519.0,38,268,0,44,3,0.0,519.0,1.9433333333333334,0.0,6.0,11.8,55,4.872727272727273,2
23452,HEART MINI PORTRAIT FRAME,990.9,69,510,1,82,3,1.95,988.9499999999999,1.946341463414634,0.0019569471624266144,6.0,12.06,56,9.125,2
23453,OVAL  MINI PORTRAIT FRAME,611.85,40,315,0,46,3,0.0,611.85,1.9437499999999999,0.0,7.0,13.3,56,5.625,2
23454,SET OF 3 MINI HANGING PORTRAITS,123.2,2,32,0,2,2,0.0,123.2,3.95,0.0,16.0,61.6,49,0.6530612244897959,1
23454,THREE MINI HANGING FRAMES,535.35,39,129,2,45,3,8.3,527.0500000000001,4.15,0.015267175572519083,3.0,11.71,49,2.673469387755102,0
23455,SMALL PARLOUR FRAME,106.98000000000002,2,42,0,2,1,0.0,106.98000000000002,2.6900000000000004,0.0,21.0,53.49,53,0.7924528301886793,1
23455,SMALL PARLOUR PICTURE FRAME,459.56,30,164,0,32,3,0.0,459.56,2.877878787878788,0.0,5.0,14.36,53,3.0943396226415096,2
23456,MEDIUM PARLOUR FRAME ,84.1,2,22,0,2,1,0.0,84.1,3.95,0.0,11.0,42.05,50,0.44,1
23456,MEDIUM PARLOUR PICTURE FRAME ,550.0,31,136,2,35,3,8.3,541.7,4.127142857142857,0.014492753623188406,4.0,15.48,50,2.76,0
23457,LARGE PARLOUR FRAME,122.85,2,27,0,2,1,0.0,122.85,4.725,0.0,14.0,61.42,53,0.5094339622641509,1
23457,LARGE PARLOUR PICTURE FRAME,375.75,25,77,0,27,3,0.0,375.75,4.933333333333334,0.0,3.0,13.92,53,1.4528301886792452,1
23458,DOLLY CABINET 3 DRAWERS ,762.4499999999999,30,51,5,34,3,74.75,687.6999999999999,14.95,0.08928571428571429,2.0,20.23,53,1.0566037735849056,0
23459,DOLLY CABINET 2 DRAWERS ,412.5,19,33,3,21,3,37.5,375.0,12.5,0.08333333333333333,2.0,17.86,53,0.6792452830188679,0
23460,SWEETHEART WALL TIDY ,1007.0799999999999,41,108,5,47,3,49.75,957.3299999999999,9.905106382978722,0.04424778761061947,2.0,20.37,47,2.404255319148936,0
23461,SWEETHEART BIRD HOUSE,2908.55,75,829,4,84,4,16.6,2891.95,4.136111111111112,0.004801920768307323,10.0,34.43,70,11.9,3
23462,ROCOCO WALL MIROR,39.9,1,2,0,1,1,0.0,39.9,19.95,0.0,2.0,39.9,50,0.04,1
23462,ROCOCO WALL MIRROR WHITE,1442.25,43,75,18,55,3,350.09999999999997,1092.1499999999999,19.73181818181818,0.1935483870967742,2.0,19.86,50,1.86,0
23463,VINTAGE ZINC WATERING CAN,119.39999999999999,7,12,0,7,3,0.0,119.39999999999999,9.95,0.0,2.0,17.06,54,0.2222222222222222,1
23464,VINTAGE ZINC WATERING CAN SMALL,79.2,6,16,0,6,3,0.0,79.2,4.95,0.0,3.0,13.2,54,0.2962962962962963,1
23465,TUSCAN VILLA BIRD FEEDER,132.0,8,16,0,8,1,0.0,132.0,8.25,0.0,2.0,16.5,51,0.3137254901960784,1
23465,TUSCAN VILLA FEEDING STATION,99.0,7,12,0,7,1,0.0,99.0,8.25,0.0,2.0,14.14,51,0.23529411764705882,1
23466,TUSCAN VILLA DOVECOTE,99.0,4,12,0,4,2,0.0,99.0,8.25,0.0,3.0,24.75,69,0.17391304347826086,1
23466,TUSCAN VILLA DOVECOTE BIRD FEEDER,299.25,18,37,1,18,3,8.25,291.0,8.208333333333334,0.02631578947368421,2.0,16.17,69,0.5507246376811594,0
23467,VINTAGE ZINC PLANTER  ,75.67,5,23,0,5,3,0.0,75.67,3.29,0.0,5.0,15.13,52,0.4423076923076923,1
23468,TUSCAN VILLA BIRD TABLE ,156.75,11,19,0,11,2,0.0,156.75,8.25,0.0,2.0,14.25,48,0.3958333333333333,1
23469,CARD HOLDER LOVE BIRD SMALL,1255.7600000000002,61,320,4,65,4,16.6,1239.16,4.123538461538462,0.012345679012345678,5.0,19.06,70,4.628571428571429,0
23470,CARD HOLDER LOVE BIRD LARGE ,1323.4,70,220,12,83,3,70.7,1252.7,6.198192771084338,0.05172413793103448,3.0,15.09,65,3.5692307692307694,0
23471,SIX DRAWER OFFICE TIDY,596.0,26,64,0,26,4,0.0,596.0,9.753846153846153,0.0,2.0,22.92,64,1.0,1
23472, NINE DRAWER OFFICE TIDY,777.9,29,54,0,30,3,0.0,777.9,14.786666666666665,0.0,2.0,25.93,67,0.8059701492537313,1
23473,WOODLAND SMALL RED FELT HEART,530.8299999999999,41,665,0,43,3,0.0,530.8299999999999,0.8274418604651163,0.0,15.0,12.34,49,13.571428571428571,2
23474,WOODLAND SMALL BLUE FELT HEART,246.51,26,297,0,27,3,0.0,246.51,0.83,0.0,11.0,9.13,45,6.6,2
23475,WOODLAND SMALL PINK FELT HEART,232.39999999999998,25,280,0,26,3,0.0,232.39999999999998,0.83,0.0,11.0,8.94,41,6.829268292682927,2
23476,WOODLAND LARGE RED FELT HEART,247.5,18,198,0,18,2,0.0,247.5,1.25,0.0,11.0,13.75,42,4.714285714285714,2
23477,WOODLAND LARGE BLUE FELT HEART,106.25,8,85,0,8,2,0.0,106.25,1.25,0.0,11.0,13.28,42,2.0238095238095237,2
23478,WOODLAND LARGE PINK FELT HEART,307.18,9,278,0,10,3,0.0,307.18,1.2289999999999999,0.0,28.0,30.72,43,6.465116279069767,2
23479,WIRE EGG BASKET ,819.65,35,109,0,40,3,0.0,819.65,7.775,0.0,3.0,20.49,53,2.056603773584906,2
23480,MINI LIGHTS WOODLAND MUSHROOMS,6118.59,143,1718,20,175,3,68.1,6050.49,3.7033519553072622,0.011507479861910242,10.0,34.57,50,34.76,3
23481,PEARLISED IVORY HEART SMALL ,266.21,23,217,0,27,3,0.0,266.21,1.2429999999999999,0.0,8.0,9.86,50,4.34,2
23482,PEARLISED IVORY HEART LARGE ,651.15,32,415,0,36,3,0.0,651.15,1.6388888888888888,0.0,12.0,18.09,54,7.685185185185185,2
23483,HANGING  BUTTERFLY T-LIGHT HOLDER,1526.62,57,1310,10,69,3,11.24,1515.3799999999999,1.226,0.007575757575757576,19.0,21.96,67,19.70149253731343,3
23484,HEART TRELLIS TRIPLE T-LIGHT HOLDER,331.42,20,118,0,20,3,0.0,331.42,2.870952380952381,0.0,6.0,16.57,66,1.7878787878787878,2
23484,HEART TRELLISTRIPLE T-LIGHT HOLDER,152.24,5,56,0,5,2,0.0,152.24,2.81,0.0,11.0,30.45,66,0.8484848484848485,1
23485,BOTANICAL GARDENS WALL CLOCK ,5719.0,70,259,18,93,3,407.4,5311.6,24.003225806451614,0.06498194945848375,3.0,57.11,50,5.54,0
23486,ANTIQUE HEART SHELF UNIT,3879.15,64,267,13,74,3,199.65,3679.5,16.406756756756756,0.04642857142857143,4.0,49.72,50,5.6,0
23487,SWEET HEART CAKE CARRIER,753.9999999999999,41,78,9,48,3,89.55,664.4499999999999,9.879166666666666,0.10344827586206896,2.0,13.84,56,1.5535714285714286,0
23489,"GARLAND, VINTAGE BELLS",265.88,10,92,0,10,2,0.0,265.88,2.89,0.0,9.0,26.59,51,1.803921568627451,2
23489,VINTAGE BELLS GARLAND,2246.56,116,784,0,127,3,0.0,2246.56,2.886992481203008,0.0,6.0,17.69,51,15.372549019607844,2
23490,T-LIGHT HOLDER HANGING LOVE BIRD,1965.63,83,533,3,96,3,11.25,1954.38,3.7404166666666665,0.005597014925373134,6.0,20.36,56,9.571428571428571,3
23491,VINTAGE JINGLE BELLS HEART,1864.5,64,226,1,77,3,8.25,1856.25,8.25,0.004405286343612335,3.0,24.11,49,4.63265306122449,0
23492,VINTAGE JINGLE BELLS WREATH,610.5,24,74,0,26,3,0.0,610.5,8.25,0.0,3.0,23.48,46,1.608695652173913,1
23493,VINTAGE DOILY TRAVEL SEWING KIT,6736.2,282,3516,6,352,4,11.399999999999999,6724.8,1.9475069252077561,0.0017035775127768314,10.0,19.1,78,45.15384615384615,3
23494,VINTAGE DOILY DELUXE SEWING KIT ,4194.900000000001,145,722,65,187,4,386.75,3808.15,5.93404255319149,0.08259212198221093,4.0,20.36,75,10.493333333333334,0
23495,SET OF 3 PANTRY WOODEN SPOONS,240.0,21,192,0,24,3,0.0,240.0,1.25,0.0,8.0,10.0,39,4.923076923076923,2
23496,PANTRY KITCHEN THERMOMETER ,110.0,21,88,0,22,3,0.0,110.0,1.25,0.0,4.0,5.0,39,2.2564102564102564,2
23497,CLASSIC CHROME BICYCLE BELL ,3431.35,149,2451,12,171,3,17.4,3413.95,1.4393749999999998,0.0048721071863581,14.0,19.96,42,58.642857142857146,3
23497,CLASSIC CROME BICYCLE BELL ,77.4,2,60,0,2,1,0.0,77.4,1.35,0.0,30.0,38.7,42,1.4285714285714286,1
23498,CLASSIC BICYCLE CLIPS ,2200.15,77,1587,0,86,2,0.0,2200.15,1.4402247191011237,0.0,18.0,25.58,15,105.8,2
23499,SET 12 VINTAGE DOILY CHALK ,522.48,86,1244,0,93,3,0.0,522.48,0.42,0.0,13.0,5.62,49,25.387755102040817,2
23500,KEY RING BASEBALL BOOT ASSORTED ,1928.8,76,1580,0,84,3,0.0,1928.8,1.2428409090909092,0.0,19.0,22.96,65,24.307692307692307,2
23501,KEY RING BASEBALL BOOT UNION JACK,2103.3,77,1770,0,85,3,0.0,2103.3,1.2379310344827588,0.0,21.0,24.74,65,27.23076923076923,2
23502,PLAYING CARDS VINTAGE DOILEY ,16.25,2,13,0,2,2,0.0,16.25,1.25,0.0,6.0,8.12,77,0.16883116883116883,1
23502,PLAYING CARDS VINTAGE DOILY ,822.73,78,677,0,85,4,0.0,822.73,1.2451162790697674,0.0,8.0,9.68,77,8.792207792207792,2
23503,PLAYING CARDS KEEP CALM & CARRY ON,4242.96,284,3432,2,329,4,2.5,4240.46,1.248125,0.0005824111822947001,10.0,12.89,78,44.02564102564103,3
23504,PLAYING CARDS JUBILEE UNION JACK,2073.73,164,1661,0,190,4,0.0,2073.73,1.2489447236180904,0.0,9.0,10.91,78,21.294871794871796,2
23505,PLAYING CARDS I LOVE LONDON ,1238.5,93,1058,0,104,4,0.0,1238.5,1.2420754716981133,0.0,10.0,11.91,78,13.564102564102564,2
23506,MINI PLAYING CARDS SPACEBOY ,1106.28,114,2694,0,127,4,0.0,1106.28,0.41909090909090907,0.0,21.0,8.71,78,34.53846153846154,2
23507,MINI PLAYING CARDS BUFFALO BILL ,1128.18,91,2839,0,101,4,0.0,1128.18,0.41834862385321103,0.0,28.0,11.17,78,36.3974358974359,2
23508,MINI PLAYING CARDS DOLLY GIRL ,1013.0400000000001,95,2472,2,107,4,0.84,1012.2,0.41895652173913045,0.0008084074373484236,23.0,9.46,77,32.12987012987013,2
23509,MINI PLAYING CARDS FUN FAIR ,433.2,51,1040,0,54,4,0.0,433.2,0.4178181818181818,0.0,19.0,8.02,77,13.506493506493506,2
23510,MINI PLAYING CARDS GYMKHANA,901.74,90,2297,0,95,4,0.0,901.74,0.41879999999999995,0.0,24.0,9.49,78,29.44871794871795,2
23511,EMBROIDERED RIBBON REEL EMILY ,1046.42,83,524,5,86,4,10.4,1036.02,2.0733333333333333,0.00945179584120983,6.0,12.05,77,6.87012987012987,3
23512,EMBROIDERED RIBBON REEL ROSIE,921.46,46,484,0,49,4,0.0,921.46,2.0622448979591836,0.0,10.0,18.81,77,6.285714285714286,2
23513,EMBROIDERED RIBBON REEL SUSIE ,1072.96,59,556,6,63,4,12.48,1060.48,2.070793650793651,0.010676156583629894,9.0,16.83,75,7.493333333333333,3
23514,EMBROIDERED RIBBON REEL SALLY ,909.14,57,458,6,63,4,12.48,896.66,2.070793650793651,0.01293103448275862,7.0,14.23,73,6.3561643835616435,3
23515,EMBROIDERED RIBBON REEL DAISY ,1075.3799999999999,58,558,0,59,4,0.0,1075.3799999999999,2.0655,0.0,9.0,18.23,78,7.153846153846154,2
23516,EMBROIDERED RIBBON REEL SOPHIE  ,1025.01,39,291,0,40,4,0.0,1025.01,3.7280952380952384,0.0,7.0,25.63,72,4.041666666666667,2
23517,EMBROIDERED RIBBON REEL REBECCA ,860.88,50,312,0,51,4,0.0,860.88,2.8743137254901963,0.0,6.0,16.88,75,4.16,2
23518,EMBROIDERED RIBBON REEL RACHEL ,954.9300000000001,40,357,6,42,4,17.34,937.59,2.870952380952381,0.01652892561983471,9.0,22.32,72,5.041666666666667,0
23519,EMBROIDERED RIBBON REEL CLAIRE,755.01,18,219,0,19,3,0.0,755.01,3.701578947368421,0.0,12.0,39.74,59,3.711864406779661,2
23520,EMBROIDERED RIBBON REEL RUBY ,585.63,30,165,0,30,4,0.0,585.63,3.734666666666667,0.0,6.0,19.52,75,2.2,2
23521,CAT AND BIRD WALL ART,323.64,3,270,0,4,1,0.0,323.64,2.005,0.0,68.0,80.91,65,4.153846153846154,2
23521,WALL ART CAT AND BIRD ,324.98,18,118,0,18,3,0.0,324.98,2.7544444444444447,0.0,7.0,18.05,65,1.8153846153846154,2
23522,DOG AND BALL WALL ART,425.87999999999994,3,252,0,4,1,0.0,425.87999999999994,2.26,0.0,63.0,106.47,67,3.7611940298507465,2
23522,WALL ART DOG AND BALL ,226.29000000000002,17,89,0,17,3,0.0,226.29000000000002,2.6500000000000004,0.0,5.0,13.31,67,1.328358208955224,2
23523,TREASURE AHOY WALL ART,833.46,15,270,0,16,2,0.0,833.46,3.585,0.0,17.0,52.09,67,4.029850746268656,2
23523,WALL ART TREASURE AHOY ,317.97,22,87,6,23,3,22.5,295.47,3.71,0.06451612903225806,4.0,12.85,67,1.3880597014925373,0
23524,HORSE & PONY WALL ART,797.3100000000001,16,256,0,17,2,0.0,797.3100000000001,3.594705882352941,0.0,15.0,46.9,68,3.764705882352941,2
23524,WALL ART HORSE & PONY ,644.6700000000001,28,209,6,35,3,22.5,622.1700000000001,3.6925714285714286,0.027906976744186046,6.0,17.78,68,3.161764705882353,0
23525,BUFFALO BILL WALL ART ,845.22,15,246,0,15,2,0.0,845.22,3.6886666666666668,0.0,16.0,56.35,67,3.671641791044776,2
23525,WALL ART BUFFALO BILL ,932.6700000000001,25,321,6,30,3,22.5,910.1700000000001,3.646333333333333,0.01834862385321101,11.0,30.34,67,4.880597014925373,0
23526,DOG LICENCE WALL ART,2081.64,28,408,0,29,2,0.0,2081.64,5.745172413793104,0.0,14.0,71.78,67,6.08955223880597,2
23526,WALL ART DOG LICENCE ,2265.18,59,474,16,64,3,95.2,2169.98,5.849692307692308,0.0326530612244898,8.0,33.91,67,7.313432835820896,0
23527,ANIMALS AND NATURE WALL ART,923.97,16,267,0,17,2,0.0,923.97,3.6958823529411764,0.0,16.0,54.35,67,3.985074626865672,2
23527,WALL ART ANIMALS AND NATURE ,471.0,26,148,7,28,3,26.25,444.75,3.6782142857142857,0.04516129032258064,6.0,15.88,67,2.3134328358208953,0
23528,SPACEBOY WALL ART,885.9000000000001,12,306,0,13,2,0.0,885.9000000000001,3.582307692307692,0.0,24.0,68.15,60,5.1,2
23528,WALL ART SPACEBOY,495.48,20,156,0,21,3,0.0,495.48,3.654285714285714,0.0,7.0,23.59,60,2.6,2
23529,DOLLY GIRL WALL ART,1055.94,10,318,0,11,2,0.0,1055.94,3.6090909090909093,0.0,29.0,95.99,64,4.96875,2
23529,WALL ART DOLLY GIRL ,896.3700000000001,18,311,0,19,3,0.0,896.3700000000001,3.6110526315789473,0.0,16.0,47.18,64,4.859375,2
23530,WALL ART ONLY ONE PERSON ,4211.55,59,1031,0,73,3,0.0,4211.55,4.749178082191781,0.0,14.0,57.69,67,15.388059701492537,2
23530,"WALL ART,ONLY ONE PERSON ",29.700000000000003,1,6,0,1,1,0.0,29.700000000000003,4.95,0.0,6.0,29.7,67,0.08955223880597014,1
23531,WALL ART BIG LOVE ,5319.36,77,960,0,97,3,0.0,5319.36,6.744897959183674,0.0,10.0,54.84,67,14.328358208955224,2
23532,WALL ART WORK REST AND PLAY  ,853.47,23,205,0,26,3,0.0,853.47,4.470769230769231,0.0,8.0,32.83,66,3.106060606060606,2
23533,WALL ART GARDEN HAVEN ,936.34,27,210,0,31,3,0.0,936.34,5.151935483870968,0.0,7.0,30.2,67,3.1343283582089554,2
23534,STOP FOR TEA WALL ART,2572.7,40,518,0,41,3,0.0,2572.7,5.775853658536586,0.0,13.0,62.75,67,7.731343283582089,2
23534,WALL ART STOP FOR TEA ,3748.1800000000003,132,688,7,154,3,41.650000000000006,3706.53,5.909807692307693,0.010071942446043165,5.0,24.07,67,10.373134328358208,3
23535,BICYCLE SAFTEY WALL ART,2371.94,38,458,0,39,2,0.0,2371.94,5.782307692307692,0.0,12.0,60.82,68,6.735294117647059,2
23535,WALL ART BICYCLE SAFETY,3412.52,102,644,1,121,3,5.95,3406.57,5.89655737704918,0.0015503875968992248,5.0,28.15,68,9.485294117647058,2
23535,WALL ART BICYCLE SAFTEY ,114.15,3,21,0,3,1,0.0,114.15,5.75,0.0,7.0,38.05,68,0.3088235294117647,1
23536,VILLAGE SHOW WALL ART,2072.42,17,386,0,18,2,0.0,2072.42,5.735555555555556,0.0,21.0,115.13,66,5.848484848484849,2
23536,WALL ART VILLAGE SHOW ,1201.6100000000001,54,227,4,57,3,23.8,1177.8100000000002,5.913684210526315,0.017316017316017316,4.0,20.66,66,3.5,0
23537,I LOVE LONDON WALL ART,59.400000000000006,2,12,0,2,2,0.0,59.400000000000006,4.95,0.0,6.0,29.7,67,0.1791044776119403,1
23537,WALL ART I LOVE LONDON ,387.3,18,86,0,19,3,0.0,387.3,4.8236842105263165,0.0,5.0,20.38,67,1.2835820895522387,2
23538,WALL ART VINTAGE HEART,1273.92,25,326,0,27,3,0.0,1273.92,4.78925925925926,0.0,12.0,47.18,67,4.865671641791045,2
23539,"WALL ART , LOVES' SECRET ",47.6,2,8,0,2,1,0.0,47.6,5.95,0.0,4.0,23.8,64,0.125,1
23539,WALL ART LOVES' SECRET ,1082.1100000000001,31,229,0,33,3,0.0,1082.1100000000001,5.788181818181818,0.0,7.0,32.79,64,3.578125,2
23540,"WALL ART , THE MAGIC FOREST ",13.9,1,2,0,1,1,0.0,13.9,6.95,0.0,2.0,13.9,64,0.03125,1
23540,WALL ART THE MAGIC FOREST ,876.64,8,144,0,9,3,0.0,876.64,6.052222222222222,0.0,16.0,97.4,64,2.25,2
23541,"WALL ART ,PUDDINGS ",61.2,2,8,0,2,1,0.0,61.2,7.85,0.0,4.0,30.6,59,0.13559322033898305,1
23541,WALL ART CLASSIC PUDDINGS ,6093.49,96,821,2,119,2,16.5,6076.99,8.116050420168067,0.002430133657351154,7.0,51.07,59,13.94915254237288,3
23542,70'S ALPHABET WALL ART,1043.1,14,150,0,15,2,0.0,1043.1,7.986,0.0,10.0,69.54,67,2.2388059701492535,2
23542,WALL ART 70'S ALPHABET ,2399.58,45,334,6,58,3,48.7,2350.88,8.05793103448276,0.01764705882352941,6.0,40.53,67,5.074626865671642,0
23543,KEEP CALM WALL ART ,2015.97,19,269,0,20,2,0.0,2015.97,7.9465,0.0,13.0,100.8,67,4.014925373134329,2
23543,WALL ART KEEP CALM ,4853.5,64,958,0,74,3,0.0,4853.5,7.835921052631579,0.0,13.0,65.59,67,14.298507462686567,2
23544,WALL ART MID CENTURY MODERN ,1015.78,17,164,1,21,3,8.25,1007.53,7.557619047619048,0.006060606060606061,8.0,47.98,64,2.578125,0
23545,WRAP RED DOILEY,157.5,15,375,0,15,2,0.0,157.5,0.42,0.0,25.0,10.5,142,2.640845070422535,2
23545,WRAP RED VINTAGE DOILY,866.0,63,2100,0,68,5,0.0,866.0,0.41884057971014493,0.0,31.0,12.74,142,14.788732394366198,2
23546,WRAP PAISLEY PARK ,1365.0,106,3250,0,120,6,0.0,1365.0,0.42,0.0,27.0,11.38,143,22.727272727272727,2
23547,WRAP FLOWER SHOP  ,661.5,57,1575,0,62,6,0.0,661.5,0.42,0.0,25.0,10.67,140,11.25,2
23548,WRAP MAGIC FOREST ,451.5,42,1075,0,43,6,0.0,451.5,0.42,0.0,25.0,10.5,141,7.624113475177305,2
23549,WRAP BIRD GARDEN ,546.0,46,1300,0,51,6,0.0,546.0,0.42,0.0,25.0,10.71,135,9.62962962962963,2
23550,WRAP ALPHABET POSTER  ,761.0,60,1850,0,63,6,0.0,761.0,0.41873015873015873,0.0,29.0,12.08,145,12.758620689655173,2
23551,PACK OF 12 PAISLEY PARK TISSUES ,629.4599999999999,88,1614,0,95,4,0.0,629.4599999999999,0.38999999999999996,0.0,17.0,6.63,99,16.303030303030305,2
23552,BICYCLE PUNCTURE REPAIR KIT ,3336.7200000000003,93,1730,0,103,2,0.0,3336.7200000000003,2.062181818181818,0.0,17.0,32.4,15,115.33333333333333,2
23553,LANDMARK FRAME CAMDEN TOWN ,6244.85,50,557,0,62,3,0.0,6244.85,12.375,0.0,9.0,100.72,50,11.14,2
23554,LANDMARK FRAME OXFORD STREET,4730.65,49,419,0,54,3,0.0,4730.65,12.385185185185184,0.0,8.0,87.6,51,8.215686274509803,2
23555,LANDMARK FRAME NOTTING HILL ,4730.65,45,419,0,48,3,0.0,4730.65,12.405102040816328,0.0,9.0,98.56,50,8.38,2
23556,LANDMARK FRAME COVENT GARDEN ,4912.05,46,435,1,53,3,12.5,4899.55,12.383018867924527,0.0022935779816513763,8.0,92.44,51,8.549019607843137,2
23557,LANDMARK FRAME BAKER STREET ,3867.85,25,347,0,29,3,0.0,3867.85,12.39310344827586,0.0,12.0,133.37,51,6.803921568627451,2
23558,LANDMARK FRAME LONDON BRIDGE ,4604.2,43,410,0,47,3,0.0,4604.2,12.401063829787235,0.0,9.0,97.96,51,8.03921568627451,2
23559,WOODLAND BUNNIES LOLLY MAKERS,1129.28,69,563,0,75,4,0.0,1129.28,2.0722666666666667,0.0,8.0,15.06,91,6.186813186813187,2
23560,SET OF 6 RIBBONS COUNTRY STYLE,447.07,20,163,0,20,2,0.0,447.07,2.87,0.0,8.0,22.35,11,14.818181818181818,2
23561,SET OF 6 RIBBONS PARTY,458.63,13,167,0,13,2,0.0,458.63,2.8592307692307695,0.0,13.0,35.28,12,13.916666666666666,2
23562,SET OF 6 RIBBONS PERFECTLY PRETTY  ,678.27,37,243,0,37,2,0.0,678.27,2.8791891891891894,0.0,7.0,18.33,12,20.25,2
23564,EGG CUP MILKMAID INGRID,703.51,39,587,0,42,3,0.0,703.51,1.2449999999999999,0.0,14.0,16.75,54,10.87037037037037,2
23565,EGG CUP MILKMAID HELGA ,435.0,28,348,5,33,3,6.25,428.75,1.25,0.014164305949008499,11.0,12.99,51,6.921568627450981,2
23566,EGG CUP MILKMAID HEIDI,919.52,44,784,4,47,3,5.0,914.52,1.241063829787234,0.005076142131979695,17.0,19.46,50,15.76,3
23567,EGG CUP HENRIETTA HEN PINK,233.75,15,187,1,19,3,1.25,232.5,1.25,0.005319148936170213,10.0,12.24,50,3.76,2
23568,EGG CUP HENRIETTA HEN CREAM ,664.52,24,580,1,29,3,1.25,663.27,1.2355172413793103,0.0017211703958691911,20.0,22.87,50,11.62,2
23569,TRADTIONAL ALPHABET STAMP SET,4497.3,152,926,2,175,3,9.9,4487.400000000001,4.945530726256983,0.0021551724137931034,5.0,25.64,49,18.93877551020408,3
23570,TRADITIONAL PICK UP STICKS GAME ,2295.0,203,1836,0,231,3,0.0,2295.0,1.25,0.0,8.0,9.94,49,37.46938775510204,2
23571,TRADITIONAL NAUGHTS & CROSSES,3300.8999999999996,195,2018,0,216,3,0.0,3300.8999999999996,1.6490950226244343,0.0,9.0,15.28,49,41.183673469387756,2
23574,PACKING CHARGE,105.0,9,14,2,16,6,15.0,90.0,7.5,0.125,1.0,5.62,154,0.1038961038961039,0
23575,SNACK TRAY PAISLEY PARK,305.4,22,164,0,22,2,0.0,305.4,1.9375,0.0,7.0,13.88,12,13.666666666666666,2
23576,SNACK TRAY RED VINTAGE DOILY,346.34999999999997,28,185,0,29,2,0.0,346.34999999999997,1.94,0.0,6.0,11.94,12,15.416666666666666,2
23578,SNACK TRAY RED GINGHAM,109.2,11,56,0,11,2,0.0,109.2,1.95,0.0,5.0,9.93,12,4.666666666666667,1
23579,SNACK TRAY I LOVE LONDON,276.15,22,149,0,24,3,0.0,276.15,1.9375,0.0,6.0,11.51,52,2.8653846153846154,2
23580,SNACK TRAY HAPPY FOREST  ,214.5,20,110,0,21,2,0.0,214.5,1.9499999999999997,0.0,5.0,10.21,11,10.0,2
23581,JUMBO BAG PAISLEY PARK,8498.04,230,4358,122,306,3,224.76,8273.28,2.058562300319489,0.027232142857142858,15.0,27.04,46,97.3913043478261,3
23582,VINTAGE DOILY JUMBO BAG RED ,8508.220000000001,186,4434,121,237,3,222.68,8285.54,2.0653333333333332,0.026564215148188804,19.0,34.96,45,101.22222222222223,3
23583,LUNCH BAG PAISLEY PARK  ,5251.25,233,3305,10,299,3,16.5,5234.75,1.6447712418300653,0.0030165912518853697,11.0,17.51,45,73.66666666666667,3
23597,PAPER BUNTING PAISLEY PARK,661.7,28,246,6,29,2,17.700000000000003,644.0,2.9086206896551725,0.023809523809523808,9.0,22.21,29,8.689655172413794,0
23598,PAPER BUNTING VINTAGE PARTY,1175.0,40,420,0,42,2,0.0,1175.0,2.930952380952381,0.0,10.0,27.98,29,14.482758620689655,2
23630,SET 10 CARDS HANGING BAUBLES 17080,2.99,1,1,1,2,1,2.99,0.0,2.99,0.5,1.0,0.0,1,2.0,1
23660,HENRIETTA HEN MUG ,483.44999999999993,30,293,16,35,3,26.4,457.04999999999995,1.65,0.05177993527508091,9.0,13.06,57,5.421052631578948,0
23661,MILK MAIDS MUG ,336.59999999999997,23,204,20,27,3,33.0,303.59999999999997,1.65,0.08928571428571429,8.0,11.24,57,3.9298245614035086,0
23664,FLOWER SHOP DESIGN MUG,1.65,1,1,0,1,1,0.0,1.65,1.65,0.0,1.0,1.65,1,1.0,1
23681,LUNCH BAG RED VINTAGE DOILY,2432.55,105,1547,0,118,2,0.0,2432.55,1.6415966386554621,0.0,13.0,20.61,33,46.878787878787875,2
23691,KEEP CALM BIRTHDAY WRAP,21.0,2,50,0,2,1,0.0,21.0,0.42,0.0,25.0,10.5,36,1.3888888888888888,1
23691,WRAP KEEP CALM BIRTHDAY,460.5,34,1125,0,36,2,0.0,460.5,0.4183333333333333,0.0,31.0,12.79,36,31.25,2
23692,WRAP A PRETTY THANK YOU,21.0,2,50,0,2,1,0.0,21.0,0.42,0.0,25.0,10.5,21,2.380952380952381,1
23694,PAISLEY PARK CARD,141.84,23,348,0,24,2,0.0,141.84,0.4175,0.0,14.0,5.91,25,13.92,2
23695,DOILY THANK YOU CARD,286.62,41,703,0,44,2,0.0,286.62,0.41727272727272724,0.0,16.0,6.51,30,23.433333333333334,2
23697,A PRETTY THANK YOU CARD,179.64,26,438,0,26,2,0.0,179.64,0.41777777777777775,0.0,17.0,6.91,30,14.6,2
23702,High Resolution Image,27.0,3,4,0,3,2,0.0,27.0,8.5,0.0,1.0,9.0,29,0.13793103448275862,1
23843,"PAPER CRAFT , LITTLE BIRDIE",168469.6,1,80995,80995,2,1,168469.6,0.0,2.08,0.5,80995.0,0.0,1,161990.0,3
35241,ENAMEL BLUE RIM BISCUIT BIN,413.95000000000005,27,89,0,30,6,0.0,413.95000000000005,4.786666666666666,0.0,3.0,13.8,150,0.5933333333333334,1
35265,COLOURFUL FLOWER FRUIT BOWL,50.25,11,16,0,11,7,0.0,50.25,2.3181818181818183,0.0,1.0,4.57,265,0.06037735849056604,1
35400,WOODEN BOX ADVENT CALENDAR ,89.5,13,10,16,13,5,135.2,-45.7,8.796153846153846,0.6153846153846154,2.0,-3.52,353,0.07365439093484419,0
35443,RASTA IN BATH W SPLIFF ASHTRAY,5.949999999999999,5,7,0,5,5,0.0,5.949999999999999,0.85,0.0,1.0,1.19,200,0.035,1
35645,VINTAGE BEAD PINK JEWEL BOX,17.0,2,4,0,3,2,0.0,17.0,4.25,0.0,1.0,5.67,101,0.039603960396039604,1
35646,VINTAGE BEAD PINK EVENING BAG,668.88,32,513,0,44,11,0.0,668.88,1.4330434782608696,0.0,12.0,15.2,359,1.4289693593314763,2
35647,VINTAGE BEAD PINK SHADE ,16.25,2,13,0,2,2,0.0,16.25,1.25,0.0,6.0,8.12,47,0.2765957446808511,1
35648,VINTAGE BEAD PINK PURSE ,774.76,40,812,25,62,10,20.749999999999996,754.01,0.9899999999999999,0.02986857825567503,14.0,12.16,364,2.2994505494505493,3
35649,VINTAGE BEAD COSMETIC BAG ,51.82,5,16,0,6,5,0.0,51.82,3.095714285714286,0.0,3.0,8.64,223,0.07174887892376682,1
35650,VINTAGE BEAD PINK JEWEL STAND,4.95,1,1,0,1,1,0.0,4.95,4.95,0.0,1.0,4.95,1,1.0,1
35651,VINTAGE BEAD PINK SCARF ,557.0999999999999,29,330,12,34,9,19.799999999999997,537.3,1.8299999999999998,0.03508771929824561,10.0,15.8,332,1.0301204819277108,0
35653,VINTAGE BEAD NOTEBOOK,138.65,11,47,0,17,8,0.0,138.65,2.95,0.0,3.0,8.16,249,0.18875502008032127,1
35832,WOOLLY HAT SOCK GLOVE ADVENT STRING,0.0,1,0,1,1,1,2.95,-2.95,2.95,1.0,1.0,-2.95,1,1.0,1
35914,PINK CHICK EGG WARMER + EGG CUP,162.25,16,135,0,18,6,0.0,162.25,1.2666666666666666,0.0,8.0,9.01,307,0.43973941368078173,2
35920,FOUR RABBIT EASTER DECORATIONS,83.75,11,67,0,11,4,0.0,83.75,1.25,0.0,6.0,7.61,86,0.7790697674418605,1
35921,EASTER BUNNY HANGING GARLAND,67.5,10,54,1,12,5,1.25,66.25,1.25,0.01818181818181818,5.0,5.52,186,0.2956989247311828,1
35922,EASTER BUNNY WREATH,138.6,10,28,0,10,4,0.0,138.6,4.95,0.0,3.0,13.86,82,0.34146341463414637,1
35923,CANDY HEART HANGING DECORATION,631.71,30,1265,1,42,11,0.39,631.32,0.4811627906976744,0.0007898894154818325,30.0,15.03,302,4.19205298013245,2
35924,HANGING FAIRY CAKE DECORATION,1262.1,25,724,179,36,11,302.51,959.5899999999999,1.9597368421052632,0.1982281284606866,25.0,26.66,353,2.558073654390935,0
35933,PINK STOCKING CHRISTMAS DECORATION,84.36,15,222,0,16,6,0.0,84.36,0.38,0.0,14.0,5.27,139,1.5971223021582734,2
35953,FOLKART STAR CHRISTMAS DECORATIONS,1281.1599999999999,81,3016,24,86,7,30.0,1251.1599999999999,0.4962921348314607,0.007894736842105263,35.0,14.55,369,8.238482384823849,3
35954,SMALL FOLKART STAR CHRISTMAS DEC,244.23000000000002,30,1076,0,32,6,0.0,244.23000000000002,0.2596969696969697,0.0,34.0,7.63,344,3.127906976744186,2
35957,SMALLFOLKART BAUBLE CHRISTMAS DEC,146.04000000000002,7,558,96,8,2,18.240000000000002,127.80000000000001,0.305,0.14678899082568808,82.0,15.98,34,19.235294117647058,3
35958,FOLKART ZINC STAR CHRISTMAS DEC,10.2,3,12,0,3,1,0.0,10.2,0.85,0.0,4.0,3.4,5,2.4,1
35961,FOLKART ZINC HEART CHRISTMAS DEC,2127.39,117,2679,1,154,12,0.85,2126.54,0.8467088607594937,0.00037313432835820896,17.0,13.81,373,7.184986595174263,2
35964,FOLKART CLIP ON STARS,245.61,34,621,0,37,4,0.0,245.61,0.43500000000000005,0.0,17.0,6.64,78,7.961538461538462,2
35965,FOLKART HEART NAPKIN RINGS,181.87,22,181,24,29,10,18.96,162.91,1.3858620689655174,0.11707317073170732,7.0,5.62,275,0.7454545454545455,0
35966,FOLKART CHRISTMAS TREE T-LIGHT HOLD,10.260000000000002,2,27,0,2,2,0.0,10.260000000000002,0.38,0.0,14.0,5.13,77,0.35064935064935066,1
35967,FOLK ART METAL STAR T-LIGHT HOLDER,150.54000000000002,24,381,0,29,8,0.0,150.54000000000002,0.39655172413793105,0.0,13.0,5.19,370,1.0297297297297296,2
35968,FOLK ART METAL HEART T-LIGHT HOLDER,52.760000000000005,14,145,0,18,7,0.0,52.760000000000005,0.37,0.0,8.0,2.93,329,0.44072948328267475,2
35970,ZINC FOLKART SLEIGH BELLS,7631.31,270,4627,73,345,7,121.16999999999999,7510.14,1.7343428571428572,0.015531914893617021,14.0,21.77,180,26.11111111111111,3
35971,ROSE FOLKART HEART DECORATIONS,504.64,39,423,17,55,12,21.25,483.39,1.4025862068965516,0.038636363636363635,8.0,8.79,361,1.2188365650969528,0
35972,DAISY FOLKART HEART DECORATION,120.0,14,96,0,16,9,0.0,120.0,1.25,0.0,6.0,7.5,305,0.31475409836065577,1
37327,ASSTD MULTICOLOUR CIRCLES MUG,547.98,36,1374,4,46,11,1.56,546.42,0.4189583333333333,0.002902757619738752,30.0,11.88,340,4.052941176470588,2
37330,BIG POLKADOT MUG,2.34,1,6,0,1,1,0.0,2.34,0.39,0.0,6.0,2.34,1,6.0,1
37333,"RETRO ""TEA FOR ONE"" ",54.3,9,14,0,11,6,0.0,54.3,3.5863636363636364,0.0,1.0,4.94,145,0.09655172413793103,1
37340,MULTICOLOUR SPRING FLOWER MUG,803.74,59,2042,3,65,11,1.17,802.5699999999999,0.40393939393939393,0.001466992665036675,31.0,12.35,364,5.618131868131868,2
37342,POLKADOT COFFEE CUP & SAUCER PINK,1142.29,50,1435,56,66,9,45.68,1096.6100000000001,0.7962686567164179,0.03755868544600939,23.0,16.62,261,5.712643678160919,3
37343,POLKADOT MUG PINK ,89.69999999999999,8,62,0,8,3,0.0,89.69999999999999,1.4925,0.0,8.0,11.21,99,0.6262626262626263,1
37351,ORANGE FLOWER MUG ,1.56,1,4,0,1,1,0.0,1.56,0.39,0.0,4.0,1.56,1,4.0,1
37370,RETRO COFFEE MUGS ASSORTED,2829.28,73,2504,23,118,10,27.8,2801.48,1.232314049586777,0.009101701622477245,21.0,23.74,357,7.078431372549019,3
37413,ICON MUG REVOLUTIONARY,283.71,52,701,0,79,11,0.0,283.71,0.4112345679012346,0.0,9.0,3.59,302,2.3211920529801326,2
37423,WHITE WITH BLACK CATS PLATE,33.18,3,78,0,3,1,0.0,33.18,0.5433333333333333,0.0,26.0,11.06,15,5.2,2
37446,MINI CAKE STAND WITH HANGING CAKES,1764.8999999999999,94,1290,69,160,12,88.85,1676.05,1.426969696969697,0.05077262693156733,8.0,10.48,371,3.6630727762803232,3
37447,CERAMIC CAKE DESIGN SPOTTED PLATE,1104.8899999999999,51,757,17,82,12,23.89,1081.0,1.4782926829268292,0.021963824289405683,9.0,13.18,360,2.15,3
37448,CERAMIC CAKE DESIGN SPOTTED MUG,2035.55,78,1399,45,166,12,67.05,1968.5,1.4828994082840237,0.031163434903047092,9.0,11.86,372,3.881720430107527,3
37449,CERAMIC CAKE STAND + HANGING CAKES,5074.83,109,561,50,177,12,446.7,4628.13,9.709265536723164,0.08183306055646482,3.0,26.15,371,1.646900269541779,0
37450,CERAMIC CAKE BOWL + HANGING CAKES,1832.15,47,665,36,110,12,96.2,1735.95,2.882142857142857,0.05135520684736091,6.0,15.78,371,1.889487870619946,0
37461,FUNKY MONKEY MUG,1.25,1,1,0,1,1,0.0,1.25,1.25,0.0,1.0,1.25,1,1.0,1
37464,ROBOT MUG IN DISPLAY BOX,3.75,2,3,0,2,1,0.0,3.75,1.25,0.0,2.0,1.88,15,0.2,1
37467,PIG MUG IN TWO COLOUR DESIGNS,60.04,11,128,0,11,7,0.0,60.04,0.5154545454545455,0.0,12.0,5.46,262,0.48854961832061067,2
37468,HARDMAN MUG 3 ASSORTED,24.57,11,63,0,12,6,0.0,24.57,0.38999999999999996,0.0,5.0,2.05,191,0.3298429319371728,1
37471,MULTICOLOUR POLKADOT PLATE,10.2,1,12,0,1,1,0.0,10.2,0.85,0.0,12.0,10.2,1,12.0,1
37475,SET/4 COLOURFUL MIXING BOWLS,522.16,27,56,0,29,10,0.0,522.16,9.748620689655171,0.0,2.0,18.01,358,0.1564245810055866,1
37476,CONDIMENT TRAY 4 BOWLS AND 4 SPOONS,160.39,9,17,0,9,6,0.0,160.39,9.787777777777777,0.0,2.0,17.82,289,0.058823529411764705,1
37495,FAIRY CAKE BIRTHDAY CANDLE SET,1547.4,75,428,49,96,12,183.75,1363.65,3.733333333333333,0.10272536687631027,5.0,14.2,372,1.282258064516129,0
37500,TEA TIME TEAPOT IN GIFT BOX,1972.46,53,338,2,82,12,14.899999999999999,1957.56,6.294878048780487,0.0058823529411764705,4.0,23.87,366,0.9289617486338798,0
37501,TEA TIME TEA SET IN GIFT BOX,708.9000000000001,28,102,2,30,9,13.9,695.0,6.95,0.019230769230769232,3.0,23.17,258,0.40310077519379844,0
37503,TEA TIME CAKE STAND IN GIFT BOX,0.0,1,0,1,1,1,10.75,-10.75,10.75,1.0,1.0,-10.75,1,1.0,1
37509,NEW ENGLAND MUG W GIFT BOX,5.1,2,2,0,2,1,0.0,5.1,2.55,0.0,1.0,2.55,1,2.0,1
40001,WHITE BAMBOO RIBS LAMPSHADE,573.7099999999999,23,755,19,41,11,12.16,561.55,0.7936585365853658,0.02454780361757106,19.0,13.7,342,2.263157894736842,3
40003,WHITE BAMBOO RIBS LAMPSHADE,154.95,10,147,0,11,7,0.0,154.95,1.2227272727272727,0.0,13.0,14.09,180,0.8166666666666667,2
40016,CHINESE DRAGON PAPER LANTERNS,1870.7,54,5524,0,75,10,0.0,1870.7,0.5113333333333333,0.0,74.0,24.94,294,18.789115646258505,2
44228,CANNABIS LEAF BEAD CURTAIN,30.599999999999998,2,36,0,2,2,0.0,30.599999999999998,0.85,0.0,18.0,15.3,246,0.14634146341463414,1
44234,ASSORTED CIRCULAR MOBILE,119.99999999999999,17,640,2,20,10,0.42,119.57999999999998,0.20714285714285713,0.003115264797507788,32.0,5.98,365,1.7589041095890412,2
44235,ASS COL CIRCLE MOBILE ,173.15999999999997,6,474,0,6,6,0.0,173.15999999999997,0.4114285714285714,0.0,79.0,28.86,364,1.3021978021978022,2
44235,ASSORTED COLOURED CIRCLE MOBILE ,26.88,6,64,0,7,4,0.0,26.88,0.42,0.0,9.0,3.84,364,0.17582417582417584,1
44236,PINK/PURPLE CIRCLE CURTAIN,56.52,6,52,0,6,3,0.0,56.52,1.3414285714285714,0.0,9.0,9.42,190,0.2736842105263158,1
44265,M/COLOUR POM-POM CURTAIN,8.5,1,2,0,1,1,0.0,8.5,4.25,0.0,2.0,8.5,1,2.0,1
45013,FOLDING SHOE TIDY,8.850000000000001,2,3,0,2,2,0.0,8.850000000000001,2.95,0.0,2.0,4.43,256,0.01171875,1
46118,FUNKY MONKEY CUSHION COVER,164.04999999999998,12,193,0,18,8,0.0,164.04999999999998,0.85,0.0,11.0,9.11,281,0.6868327402135231,2
47016,LIGHT DECORATION BATTERY OPERATED,4.2,1,2,0,1,1,0.0,4.2,2.1,0.0,2.0,4.2,1,2.0,1
47420,ASSORTED COLOUR SUCTION CUP HOOK,37.24,11,196,0,13,8,0.0,37.24,0.19,0.0,15.0,2.86,362,0.5414364640883977,2
47421,ASSORTED COLOUR LIZARD SUCTION HOOK,382.92,16,970,0,54,12,0.0,382.92,0.41600000000000004,0.0,18.0,7.09,372,2.60752688172043,2
47422,ASSORTED MONKEY SUCTION CUP HOOK,205.02,16,519,1,43,12,0.42,204.6,0.41608695652173916,0.0019230769230769232,12.0,4.76,364,1.4285714285714286,2
47469,ASSORTED SHAPES PHOTO CLIP SILVER ,164.51,10,355,0,11,8,0.0,164.51,0.6335714285714287,0.0,32.0,14.96,326,1.0889570552147239,2
47471,RAINBOW PEGS PHOTO CLIP STRING,148.88,19,262,0,24,9,0.0,148.88,0.7075,0.0,11.0,6.2,369,0.7100271002710027,2
47480,HANGING PHOTO CLIP ROPE LADDER,1089.58,29,690,0,52,12,0.0,1089.58,1.8553846153846152,0.0,13.0,20.95,366,1.8852459016393444,2
47481,50CM METAL STRING WITH  7 CLIPS,163.37,15,221,0,19,10,0.0,163.37,0.8410526315789474,0.0,12.0,8.6,317,0.6971608832807571,2
47566,PARTY BUNTING,68785.23000000001,708,15283,268,1399,12,1156.8000000000002,67628.43000000001,4.870624556422995,0.01723361841682207,11.0,48.34,371,41.91644204851752,3
47579,TEA TIME BREAKFAST BASKET,2.1,1,1,0,1,1,0.0,2.1,2.1,0.0,1.0,2.1,1,1.0,1
47580,TEA TIME DES TEA COSY,813.6099999999999,55,328,12,78,12,30.599999999999998,783.01,2.569358974358974,0.03529411764705882,4.0,10.04,373,0.9115281501340483,0
47589,CONGRATULATIONS BUNTING,70.85000000000001,3,13,0,3,3,0.0,70.85000000000001,5.45,0.0,4.0,23.62,138,0.09420289855072464,1
48111,DOORMAT 3 SMILEY CATS,6690.8,111,1104,2,175,12,15.9,6674.9,7.789829545454546,0.0018083182640144665,6.0,38.14,373,2.96514745308311,0
48116,DOORMAT MULTICOLOUR STRIPE,8045.2699999999995,88,1418,3,143,12,24.15,8021.12,7.703496503496503,0.00211118930330753,10.0,56.09,366,3.8825136612021858,3
48129,DOORMAT TOPIARY,5644.46,126,880,23,186,12,159.15,5485.31,7.955187165775402,0.02547065337763012,5.0,29.49,373,2.420911528150134,0
48138,DOORMAT UNION FLAG,23622.54,314,3614,12,523,12,97.5,23525.04,7.80047619047619,0.003309431880860452,7.0,44.98,373,9.72117962466488,3
48184,DOORMAT ENGLISH ROSE ,13447.1,227,1972,6,359,12,47.7,13399.4,7.7774651810584965,0.003033367037411527,6.0,37.32,373,5.302949061662199,3
48185,DOORMAT FAIRY CAKE,21171.79,143,3427,674,244,12,4554.9,16616.89,7.903061224489796,0.16435015849792733,17.0,68.1,373,10.994638069705093,3
48187,DOORMAT NEW ENGLAND,22783.8,315,3698,4,533,12,31.8,22752.0,7.814504672897197,0.0010804970286331713,7.0,42.69,374,9.898395721925134,3
48188,DOORMAT WELCOME PUPPIES,11536.25,164,2027,5,255,12,40.05,11496.2,7.910901960784313,0.0024606299212598425,8.0,45.08,366,5.551912568306011,3
48194,DOORMAT HEARTS,19924.66,286,3268,3,482,12,23.85,19900.81,7.949068322981367,0.0009171507184347294,7.0,41.29,373,8.769436997319035,3
51008,AFGHAN SLIPPER SOCK PAIR,1662.95,16,511,2,20,7,6.9,1656.05,3.425,0.003898635477582846,26.0,82.8,368,1.3940217391304348,2
62018,SOMBRERO ,5691.5,39,4402,0,59,12,0.0,5691.5,1.8076271186440676,0.0,75.0,96.47,367,11.994550408719347,2
70006,LOVE HEART POCKET WARMER,1656.05,72,2619,0,78,9,0.0,1656.05,1.2315,0.0,34.0,21.23,371,7.059299191374663,2
70007,HI TEC ALPINE HAND WARMER,632.76,46,728,12,54,8,19.799999999999997,612.96,1.3907272727272726,0.016216216216216217,14.0,11.35,373,1.9839142091152815,3
71038,WHITE HANGING BEADS CANDLE HOLDER,1239.5,34,238,5,49,11,27.25,1212.25,5.402,0.0205761316872428,5.0,24.74,355,0.6845070422535211,0
71050,SMALL SINGLE FLAME CANDLE HOLDER,11.549999999999999,5,33,0,6,4,0.0,11.549999999999999,0.3499999999999999,0.0,6.0,1.92,277,0.11913357400722022,1
71053,WHITE METAL LANTERN,5694.28,145,1586,39,247,12,139.77,5554.51,3.714015748031496,0.024,7.0,22.49,372,4.368279569892473,3
71053,WHITE MOROCCAN METAL LANTERN,199.17,9,47,0,12,2,0.0,199.17,4.8549999999999995,0.0,4.0,16.6,372,0.12634408602150538,1
71143,SILVER BOOK MARK WITH BEADS,8.5,1,10,0,1,1,0.0,8.5,0.85,0.0,10.0,8.5,1,10.0,1
71215,METAL BASE FOR CANDLES,4.62,2,11,0,2,2,0.0,4.62,0.42,0.0,6.0,2.31,170,0.06470588235294118,1
71270,PHOTO CLIP LINE,256.21,16,204,0,31,11,0.0,256.21,1.2878125,0.0,7.0,8.26,366,0.5573770491803278,2
71279,PINK GLASS CANDLEHOLDER,447.65000000000003,21,155,5,31,11,14.75,432.90000000000003,2.9375,0.03125,5.0,13.96,337,0.47477744807121663,0
71403,"PINK/WHITE ""KEEP CLEAN"" BULLET BIN",156.35000000000002,12,53,0,13,7,0.0,156.35000000000002,2.95,0.0,4.0,12.03,346,0.1531791907514451,1
71459,HANGING JAM JAR T-LIGHT HOLDER,8164.12,193,10528,126,320,10,103.33,8060.79,0.8285358255451712,0.011826544021024968,33.0,25.19,372,28.63978494623656,3
71459,HANGING JAM JAR T-LIGHT HOLDERS,1867.33,61,2413,3,70,5,2.55,1864.78,0.8508571428571428,0.0012417218543046358,35.0,26.64,372,6.494623655913978,2
71477,COLOUR GLASS. STAR T-LIGHT HOLDER,16566.34,150,5654,1174,245,11,3246.16,13320.18,3.4257085020242912,0.17193907439953135,28.0,54.37,373,18.305630026809652,3
71477,COLOURED GLASS STAR T-LIGHT HOLDER,3474.88,34,996,54,49,2,197.46000000000004,3277.42,3.9638,0.05142857142857143,21.0,66.89,373,2.8150134048257374,0
71510,SQUARE METAL CANDLEHOLDER BASE,36.519999999999996,5,52,0,8,6,0.0,36.519999999999996,0.8099999999999999,0.0,6.0,4.56,288,0.18055555555555555,1
72122,COFFEE SCENT PILLAR CANDLE,276.45,38,291,0,44,12,0.0,276.45,0.95,0.0,7.0,6.28,368,0.7907608695652174,2
72127,COLUMBIAN CANDLE ROUND ,208.1,25,168,0,29,10,0.0,208.1,1.2436666666666667,0.0,6.0,7.18,357,0.47058823529411764,2
72128,COLUMBIAN CANDLE ROUND,145.53,28,189,0,33,10,0.0,145.53,0.8372727272727273,0.0,6.0,4.41,360,0.525,2
72130,COLUMBIAN CANDLE ROUND,126.79,20,215,0,24,10,0.0,126.79,0.6356,0.0,9.0,5.28,360,0.5972222222222222,2
72131,COLUMBIAN CANDLE RECTANGLE,236.39999999999998,14,136,0,18,9,0.0,236.39999999999998,1.8999999999999997,0.0,8.0,13.13,354,0.384180790960452,2
72132,COLUMBIAN CUBE CANDLE,54.599999999999994,9,28,0,12,6,0.0,54.599999999999994,1.95,0.0,2.0,4.55,355,0.07887323943661972,1
72133,COLUMBIAN CANDLE RECTANGLE,48.75,11,39,0,13,8,0.0,48.75,1.25,0.0,3.0,3.75,366,0.10655737704918032,1
72134,COLUMBIAN  CUBE CANDLE ,47.18,6,98,0,8,7,0.0,47.18,0.7424999999999999,0.0,12.0,5.9,280,0.35,1
72232,FENG SHUI PILLAR CANDLE,630.23,45,3317,0,65,12,0.0,630.23,0.19,0.0,51.0,9.7,372,8.916666666666666,2
72586,SET OF 6 HALLOWEEN GHOST T-LIGHTS,262.08,36,624,36,38,7,15.12,246.95999999999998,0.42,0.05454545454545454,17.0,6.5,183,3.6065573770491803,3
72598,SET/12 TAPER CANDLES,364.95,38,459,0,41,10,0.0,364.95,0.8402325581395349,0.0,11.0,8.9,373,1.230563002680965,2
72709,IVORY SCULPTED RND CANDLE ,37.4,4,44,0,7,6,0.0,37.4,0.85,0.0,6.0,5.34,341,0.12903225806451613,1
72741,GRAND CHOCOLATECANDLE,7758.95,196,5783,25,257,12,36.25,7722.7,1.4290697674418604,0.004304407713498623,23.0,30.05,372,15.612903225806452,3
72780,BLACK SILOUETTE CANDLE PLATE,116.44999999999999,18,137,0,20,11,0.0,116.44999999999999,0.85,0.0,7.0,5.82,360,0.38055555555555554,2
72783,BLACK SIL'T SQU CANDLE PLATE ,33.6,2,16,0,2,2,0.0,33.6,2.1,0.0,8.0,16.8,32,0.5,1
72811,SMALL ZINC/GLASS CANDLEHOLDER,67.25,6,49,0,6,5,0.0,67.25,1.45,0.0,8.0,11.21,225,0.21777777777777776,1
72812,LARGE ZINC GLASS CANDLEHOLDER,49.980000000000004,3,18,0,4,4,0.0,49.980000000000004,3.115,0.0,4.0,12.5,208,0.08653846153846154,1
72815,3 WICK CHRISTMAS BRIAR CANDLE ,7.5,2,2,4,2,1,15.0,-7.5,3.75,0.6666666666666666,3.0,-3.75,22,0.2727272727272727,1
72816,SET/3 CHRISTMAS DECOUPAGE CANDLES,841.56,26,826,24,32,3,30.0,811.56,1.258125,0.02823529411764706,27.0,25.36,320,2.65625,3
72817,SET OF 2 CHRISTMAS DECOUPAGE CANDLE,961.4,74,1048,24,95,6,30.0,931.4,0.9382474226804124,0.022388059701492536,11.0,9.8,357,3.0028011204481793,3
72818,CHRISTMAS DECOUPAGE CANDLE,782.77,51,1821,36,64,4,25.919999999999998,756.85,0.5984848484848485,0.01938610662358643,29.0,11.83,335,5.543283582089552,3
72819,CUPID DESIGN SCENTED CANDLES,436.4,28,208,0,30,10,0.0,436.4,2.188333333333333,0.0,7.0,14.55,367,0.5667574931880109,2
72821,CUPID SCENTED CANDLE IN GLASS,18.15,4,11,0,4,2,0.0,18.15,1.65,0.0,3.0,4.54,15,0.7333333333333333,1
75011,BLUE DAISY MOBILE,138.76,9,172,0,12,8,0.0,138.76,0.7999999999999999,0.0,14.0,11.56,350,0.49142857142857144,2
75131,METAL TUBE CHIME ON BAMBOO,522.5600000000001,13,488,0,13,5,0.0,522.5600000000001,1.5692307692307692,0.0,38.0,40.2,117,4.170940170940171,2
75172,PAINTED SEA SHELL METAL WINDCHIME,85.31,8,93,0,8,4,0.0,85.31,1.53,0.0,12.0,10.66,146,0.636986301369863,1
75178,ASSTD COL BUTTERFLY/CRYSTAL W/CHIME,210.19,6,455,0,9,5,0.0,210.19,0.9733333333333333,0.0,51.0,23.35,358,1.270949720670391,2
77079,DOLPHIN WINDMILL,2.12,1,1,0,1,1,0.0,2.12,2.12,0.0,1.0,2.12,1,1.0,1
78033,FLAG OF ST GEORGE CHAIR,179.35,6,37,3,9,5,17.85,161.5,5.572222222222222,0.075,4.0,17.94,200,0.2,0
78124,MAGAZINE RACK GEBRA ASSORTED ,246.5,16,190,0,17,7,0.0,246.5,1.338235294117647,0.0,11.0,14.5,356,0.5337078651685393,2
79000,MOROCCAN TEA GLASS,2741.2,69,3784,9,99,10,6.050000000000001,2735.15,0.8156565656565656,0.002372791985235961,38.0,27.63,284,13.355633802816902,3
79067,CORONA MEXICAN TRAY,496.25,16,143,0,18,1,0.0,496.25,3.7055555555555557,0.0,8.0,27.57,18,7.944444444444445,2
79160,HEART SHAPE WIRELESS DOORBELL,792.54,30,443,8,51,11,16.8,775.74,2.062037037037037,0.017738359201773836,9.0,15.21,368,1.2255434782608696,0
79163,BLACK CHAMPAGNE GLASS,621.87,25,1517,10,36,9,5.16,616.71,0.5299999999999999,0.006548788474132285,42.0,17.13,290,5.26551724137931,3
79164,BLACK WINE GLASS,697.62,12,1666,3,20,8,4.949999999999999,692.6700000000001,0.6900000000000001,0.0017974835230677051,83.0,34.63,340,4.908823529411765,2
79320,FLAMINGO LIGHTS,0.0,1,0,1,1,1,4.95,-4.95,4.95,1.0,1.0,-4.95,1,1.0,1
79321,CHILLI LIGHTS,46265.11,205,9646,80,525,12,349.7,45915.41,5.424895635673624,0.008225375282747275,19.0,87.46,374,26.005347593582886,3
79329,PINK FLOCK GLASS CANDLEHOLDER,12.18,2,12,0,2,2,0.0,12.18,1.015,0.0,6.0,6.09,117,0.10256410256410256,1
79331,PINK FLOCK GLASS CANDLEHOLDER,17.5,3,26,0,3,2,0.0,17.5,0.8033333333333333,0.0,9.0,5.83,46,0.5652173913043478,1
79336,LIGHT PINK FLOCK GLASS CANDLEHOLDER,13.680000000000003,2,36,0,3,3,0.0,13.680000000000003,0.38000000000000006,0.0,12.0,4.56,35,1.0285714285714285,1
79337,BLUE FLOCK GLASS CANDLEHOLDER,259.96,9,644,6,11,8,2.2800000000000002,257.68,0.6109090909090908,0.009230769230769232,59.0,23.43,217,2.9953917050691246,2
79403,FROSTED WHITE BASE ,75.64999999999999,9,89,0,11,8,0.0,75.64999999999999,0.85,0.0,8.0,6.88,353,0.2521246458923513,1
79406,FROSTED WHITE BASE ,30.8,6,140,0,6,6,0.0,30.8,0.22,0.0,23.0,5.13,260,0.5384615384615384,2
82095,HEART BUTTONS JEWELLERY BOX,53.550000000000004,4,7,0,4,2,0.0,53.550000000000004,7.65,0.0,2.0,13.39,36,0.19444444444444445,1
82482,WOODEN PICTURE FRAME WHITE FINISH,19945.45,411,8256,233,894,12,581.55,19363.9,2.6534888888888886,0.02744728472140417,9.0,21.66,373,22.758713136729224,3
82483,WOOD 2 DRAWER CABINET WHITE FINISH,14573.720000000001,243,2324,203,549,12,1225.8500000000001,13347.87,6.698303249097473,0.08033240997229917,5.0,24.31,373,6.774798927613941,3
82484,WOOD BLACK BOARD ANT WHITE FINISH,34414.71,285,5913,24,615,12,170.95000000000002,34243.76,7.462959349593496,0.00404244567963618,10.0,55.68,373,15.916890080428955,3
82486,3 DRAWER ANTIQUE WHITE WOOD CABINET,6124.13,130,707,41,191,5,336.15000000000003,5787.98,8.901458333333332,0.05481283422459893,4.0,30.3,374,2.0,0
82486,WOOD S/3 CABINET ANT WHITE FINISH,11343.2,183,1364,29,389,10,249.75,11093.45,8.56841432225064,0.0208183776022972,4.0,28.52,374,3.7245989304812834,0
82551,LAUNDRY 15C METAL SIGN,4229.719999999999,156,2791,4,256,12,5.2,4224.5199999999995,1.4906976744186045,0.0014311270125223613,11.0,16.5,369,7.574525745257453,3
82552,WASHROOM METAL SIGN,4456.57,184,2918,0,292,12,0.0,4456.57,1.4685472972972973,0.0,10.0,15.26,370,7.886486486486486,2
82567,"AIRLINE LOUNGE,METAL SIGN",1007.21,86,495,0,149,12,0.0,1007.21,2.0566442953020134,0.0,3.0,6.76,373,1.3270777479892761,2
82578,KITCHEN METAL SIGN,1087.46,142,1954,12,221,12,6.6000000000000005,1080.8600000000001,0.5614349775784754,0.006103763987792472,9.0,4.89,372,5.28494623655914,3
82580,BATHROOM METAL SIGN,3016.9500000000003,210,5503,290,388,12,127.0,2889.9500000000003,0.5637340153452686,0.05006041774555498,15.0,7.45,372,15.57258064516129,3
82581,TOILET METAL SIGN,1997.13,172,3749,21,307,12,11.16,1985.97,0.5541233766233766,0.005570291777188329,12.0,6.47,373,10.107238605898123,3
82582,AREA PATROLLED METAL SIGN,8548.02,177,4288,19,378,12,39.900000000000006,8508.12,2.109,0.004411423264453216,11.0,22.51,372,11.577956989247312,3
82583,HOT BATHS METAL SIGN,12731.34,206,6367,72,393,12,133.46,12597.880000000001,2.0757960199004977,0.01118186053735052,16.0,32.06,371,17.355795148247978,3
82599,FANNY'S REST STOPMETAL SIGN,879.1800000000001,67,421,0,85,6,0.0,879.1800000000001,2.0952873563218395,0.0,5.0,10.34,157,2.6815286624203822,2
82600,N0 SINGING METAL SIGN,2523.78,30,1197,0,35,3,0.0,2523.78,2.091142857142857,0.0,34.0,72.11,373,3.2091152815013406,2
82600,NO SINGING METAL SIGN,9571.5,207,4635,38,388,11,73.30000000000001,9498.2,2.081687979539642,0.008131821099935802,12.0,24.48,373,12.528150134048257,3
82605,OLD DOC RUSSEL METAL SIGN,29.400000000000002,3,14,0,3,2,0.0,29.400000000000002,2.1,0.0,5.0,9.8,96,0.14583333333333334,1
82615,PINK MARSHMALLOW SCARF KNITTING KIT,91.8,1,36,0,1,1,0.0,91.8,2.55,0.0,36.0,91.8,1,36.0,1
84006,MAGIC TREE -PAPER FLOWERS,706.3499999999999,46,831,1,78,11,0.85,705.5,0.85,0.001201923076923077,11.0,9.04,371,2.242587601078167,2
84012,MAGIC SHEEP WOOL GROWING FROM PAPER,1190.0,78,1212,120,95,12,102.0,1088.0,1.0802083333333334,0.09009009009009009,14.0,11.45,358,3.7206703910614527,3
84016,FLAG OF ST GEORGE CAR FLAG,10.5,1,25,0,1,1,0.0,10.5,0.42,0.0,25.0,10.5,1,25.0,1
84033,FLAG OF ST GEORGE ,37.95,7,23,0,7,6,0.0,37.95,1.65,0.0,3.0,5.42,240,0.09583333333333334,1
84050,PINK HEART SHAPE EGG FRYING PAN,4370.78,140,3134,14,203,12,22.699999999999996,4348.08,1.6389320388349515,0.0044472681067344345,16.0,21.42,335,9.397014925373135,3
84051,ASS COLOUR GLOWING TIARAS,211.95,24,279,0,24,9,0.0,211.95,0.8416,0.0,12.0,8.83,366,0.7622950819672131,2
84077,WORLD WAR 2 GLIDERS ASSTD DESIGNS,13558.409999999998,307,54319,1200,477,12,253.92,13304.49,0.2920335429769392,0.021614222158180083,116.0,27.89,372,149.24462365591398,3
84192,ASSORTED COLOUR METAL CAT ,138.75,19,111,0,25,9,0.0,138.75,1.25,0.0,4.0,5.55,361,0.3074792243767313,2
84199,GLOW IN DARK DOLPHINS,26.88,28,128,0,28,9,0.0,26.88,0.21,0.0,5.0,0.96,351,0.3646723646723647,2
84212,"ASSORTED FLOWER COLOUR ""LEIS""",4871.45,72,10297,0,103,12,0.0,4871.45,0.61873786407767,0.0,100.0,47.3,369,27.905149051490515,2
84218,BOX/12 CHICK & EGG IN BASKET,222.29999999999998,37,122,0,40,3,0.0,222.29999999999998,1.9434999999999998,0.0,3.0,5.56,86,1.4186046511627908,2
84226,HEN HOUSE W FAMILY IN BARN & NEST,34.510000000000005,9,49,0,9,5,0.0,34.510000000000005,0.8266666666666667,0.0,5.0,3.83,140,0.35,1
84227,HEN HOUSE W CHICK IN NEST,0.42,1,1,0,1,1,0.0,0.42,0.42,0.0,1.0,0.42,1,1.0,1
84228,HEN HOUSE W CHICK STANDING,107.39999999999999,13,270,1,17,4,0.42,106.98,0.41705882352941176,0.0036900369003690036,16.0,6.29,354,0.7655367231638418,2
84228,HEN HOUSE WITH CHICK STANDING,5.88,3,14,0,3,2,0.0,5.88,0.42,0.0,5.0,1.96,354,0.03954802259887006,1
84231,EASTER BUNNY WITH BASKET ON BACK,68.25,13,105,0,18,5,0.0,68.25,0.65,0.0,6.0,3.79,292,0.3595890410958904,1
84306,S/3 PINK SQUARE PLANTERS ROSES,21.9,2,2,0,2,2,0.0,21.9,10.95,0.0,1.0,10.95,18,0.1111111111111111,1
84347,ROTATING SILVER ANGELS T-LIGHT HLDR,17554.27,193,7892,9367,308,10,298.65000000000003,17255.62,2.5987306501547986,0.542731328582189,56.0,56.02,374,46.14705882352941,3
84352,SILVER CHRISTMAS TREE BAUBLE STAND ,543.35,16,33,4,25,6,67.8,475.54999999999995,16.79,0.10810810810810811,1.0,19.02,295,0.12542372881355932,0
84356,POMPOM CURTAIN,1570.15,32,337,0,46,12,0.0,1570.15,5.645652173913043,0.0,7.0,34.13,365,0.9232876712328767,2
84358,FLOOR LAMP SHADE WOOD BASE,287.74,6,32,0,12,8,0.0,287.74,9.341666666666667,0.0,3.0,23.98,247,0.12955465587044535,1
84360,TABLE LAMP WHITE SHADE WOOD BASE,388.3,9,74,0,17,9,0.0,388.3,5.797058823529412,0.0,4.0,22.84,369,0.2005420054200542,1
84375,SET OF 20 KIDS COOKIE CUTTERS,8676.27,290,4139,13,418,12,27.300000000000004,8648.970000000001,2.1497149643705464,0.0031310211946050095,10.0,20.69,373,11.131367292225201,3
84378,SET OF 3 HEART COOKIE CUTTERS,7719.34,376,6001,72,525,12,90.0,7629.34,1.3277067669172933,0.011855754981063725,12.0,14.53,373,16.281501340482574,3
84380,SET OF 3 BUTTERFLY COOKIE CUTTERS,6711.0,325,5287,63,505,12,83.75,6627.25,1.3279411764705882,0.01177570093457944,11.0,13.12,374,14.304812834224599,3
84388,WISE MAN STAR SHAPE EGG PAN,13.14,6,24,0,6,3,0.0,13.14,1.02,0.0,4.0,2.19,134,0.1791044776119403,1
84422,PINK/BLUE DISC/MIRROR STRING,220.41,8,551,48,9,3,18.72,201.69,0.4411111111111111,0.08013355592654424,67.0,22.41,106,5.650943396226415,3
84452,METAL RABBIT LADDER EASTER ,62.9,14,74,4,17,5,3.4,59.5,0.85,0.05128205128205128,5.0,3.5,258,0.3023255813953488,0
84457,SET/3 RABBITS FLOWER SKIPPPING ROPE,101.14999999999999,21,119,0,21,6,0.0,101.14999999999999,0.85,0.0,6.0,4.82,326,0.36503067484662577,2
84461,12 PINK HEN+CHICKS IN BASKET,104.55,13,41,6,15,4,15.299999999999999,89.25,2.55,0.1276595744680851,3.0,5.95,94,0.5,0
84462,3 PINK HEN+CHICKS IN BASKET,15.0,6,12,0,6,4,0.0,15.0,1.25,0.0,2.0,2.5,88,0.13636363636363635,1
84465,15 PINK FLUFFY CHICKS IN BOX,29.5,7,10,0,7,4,0.0,29.5,2.95,0.0,1.0,4.21,279,0.035842293906810034,1
84466,TOP SECRET PEN SET,57.5,8,46,0,10,6,0.0,57.5,1.25,0.0,5.0,5.75,141,0.3262411347517731,1
84497,BUTTONS AND STRIPES NOTEBOOK ,48.75,7,13,0,7,5,0.0,48.75,3.75,0.0,2.0,6.96,343,0.037900874635568516,1
84499,BLACK FLOWER CANDLE PLATE,5.949999999999999,2,7,0,2,2,0.0,5.949999999999999,0.85,0.0,4.0,2.97,14,0.5,1
84522,PINK PARTY SUNGLASSES,23.4,6,12,0,6,6,0.0,23.4,1.95,0.0,2.0,3.9,352,0.03409090909090909,1
84527,FLAMES SUNGLASSES PINK LENSES,84.44999999999999,6,47,0,6,5,0.0,84.44999999999999,1.9000000000000001,0.0,8.0,14.07,308,0.1525974025974026,1
84539,KNITTED RABBIT DOLL ,26.4,1,16,0,1,1,0.0,26.4,1.65,0.0,16.0,26.4,1,16.0,1
84548,CROCHET BEAR RED/BLUE  KEYRING,24.75,3,15,0,3,3,0.0,24.75,1.65,0.0,5.0,8.25,102,0.14705882352941177,1
84549,CROCHET WHITE RABBIT KEYRING ,46.349999999999994,3,31,0,3,3,0.0,46.349999999999994,1.5833333333333333,0.0,10.0,15.45,101,0.3069306930693069,1
84550,CROCHET LILAC/RED BEAR KEYRING,1.65,1,1,0,1,1,0.0,1.65,1.65,0.0,1.0,1.65,1,1.0,1
84551,CROCHET DOG KEYRING,1.65,1,1,0,1,1,0.0,1.65,1.65,0.0,1.0,1.65,1,1.0,1
84568,GIRLS ALPHABET IRON ON PATCHES ,2088.0,18,11040,0,23,9,0.0,2088.0,0.20304347826086958,0.0,480.0,90.78,298,37.04697986577181,2
84576,BLUE CAT BISCUIT BARREL PINK HEART,111.14999999999999,8,57,0,9,4,0.0,111.14999999999999,1.9500000000000002,0.0,6.0,12.35,92,0.6195652173913043,1
84580,MOUSE TOY WITH PINK T-SHIRT,1256.3,91,334,0,120,12,0.0,1256.3,3.765573770491803,0.0,3.0,10.47,368,0.907608695652174,2
84581,DOG TOY WITH PINK CROCHET SKIRT,615.76,60,164,0,70,11,0.0,615.76,3.7608571428571427,0.0,2.0,8.8,367,0.44686648501362397,2
84584,PINK GINGHAM CAT WITH SCARF,211.64999999999998,18,83,0,18,8,0.0,211.64999999999998,2.55,0.0,5.0,11.76,206,0.4029126213592233,1
84592,CROCHET ROSE PURSE WITH SUEDE BACK,206.50000000000003,15,70,0,17,9,0.0,206.50000000000003,2.95,0.0,4.0,12.15,315,0.2222222222222222,1
84593,CROCHET ROSE DES CLOTHES HANGER,14.750000000000002,1,5,0,1,1,0.0,14.750000000000002,2.95,0.0,5.0,14.75,1,5.0,1
84598,BOYS ALPHABET IRON ON PATCHES,262.08,5,1248,288,6,4,60.48,201.6,0.21,0.1875,256.0,33.6,295,5.206779661016949,3
84600,NEW BAROQUE JEWELLERY BOX ,367.6,17,48,1,21,9,7.95,359.65000000000003,7.854761904761905,0.02040816326530612,2.0,17.13,334,0.1467065868263473,0
84609,TALL ROCOCO CANDLE HOLDER,720.0,16,90,2,18,7,17.0,703.0,8.36111111111111,0.021739130434782608,5.0,39.06,361,0.2548476454293629,0
84616,SILVER ROCCOCO CHANDELIER,329.45,6,11,3,8,5,89.85,239.6,29.95,0.21428571428571427,2.0,29.95,343,0.04081632653061224,0
84617,NEW BAROQUE BLACK BOXES,38.25,3,3,0,3,3,0.0,38.25,12.75,0.0,1.0,12.75,310,0.00967741935483871,1
84620,BLUE GINGHAM ROSE CUSHION COVER,11.9,1,2,0,1,1,0.0,11.9,5.95,0.0,2.0,11.9,1,2.0,1
84629,WHITE 3 FRAME BIRDS AND TREE ,150.0,10,20,1,11,4,4.95,145.05,9.586363636363636,0.047619047619047616,2.0,13.19,107,0.19626168224299065,0
84631,FRUIT TREE AND BIRDS WALL PLAQUE,127.2,7,16,3,11,6,23.85,103.35000000000001,7.95,0.15789473684210525,2.0,9.4,199,0.09547738693467336,0
84632,DECORATIVE HANGING SHELVING UNIT,359.70000000000005,5,6,1,6,4,59.95,299.75,59.95000000000001,0.14285714285714285,1.0,49.96,178,0.03932584269662921,0
84637,KITCHEN FLOWER POTS WALL PLAQUE,172.55,11,29,0,13,9,0.0,172.55,5.950000000000001,0.0,2.0,13.27,288,0.10069444444444445,1
84638,SMALL KITCHEN FLOWER POTS PLAQUE,132.05,11,19,0,12,9,0.0,132.05,6.95,0.0,2.0,11.0,315,0.06031746031746032,1
84658,WHITE STITCHED CUSHION COVER,308.48,14,44,0,16,8,0.0,308.48,7.028823529411765,0.0,3.0,19.28,366,0.12021857923497267,1
84665,SQUARE CHERRY BLOSSOM CABINET,624.75,14,105,20,20,8,119.0,505.75,5.95,0.16,6.0,25.29,350,0.35714285714285715,0
84666,SQUARE CHERRY BLOSSOM CABINET,94.80000000000001,4,24,0,4,3,0.0,94.80000000000001,3.95,0.0,6.0,23.7,126,0.19047619047619047,1
84674,FLYING PIG WATERING CAN,426.3,31,186,4,41,12,11.8,414.50000000000006,2.8285714285714287,0.021052631578947368,5.0,10.11,369,0.5149051490514905,0
84675,FROG KING WATERING CAN,26.55,2,9,0,2,1,0.0,26.55,2.95,0.0,4.0,13.28,1,9.0,1
84678,CLASSICAL ROSE SMALL VASE,227.1,11,138,3,12,4,5.05,222.04999999999998,2.1166666666666667,0.02127659574468085,12.0,18.5,112,1.2589285714285714,0
84679,CLASSICAL ROSE TABLE LAMP,55.7,2,6,0,2,2,0.0,55.7,11.95,0.0,3.0,27.85,168,0.03571428571428571,1
84683,CLASSICAL ROSE CANDLESTAND,147.35000000000002,6,187,0,7,4,0.0,147.35000000000002,0.9928571428571429,0.0,27.0,21.05,152,1.230263157894737,2
84685,BEACH HUT KEY CABINET,78.75,6,21,1,10,4,3.75,75.0,3.75,0.045454545454545456,2.0,7.5,172,0.12790697674418605,1
84686,BEACH HUT MIRROR,66.39,7,49,0,8,4,0.0,66.39,2.9525,0.0,6.0,8.3,98,0.5,1
84687,BEACH HUT SHELF W 3 DRAWERS,376.5,16,70,4,23,8,23.8,352.7,5.732608695652174,0.05405405405405406,3.0,15.33,260,0.2846153846153846,0
84688,BEACH HUT DESIGN BLACKBOARD,144.5,7,34,13,10,6,55.25,89.25,4.25,0.2765957446808511,5.0,8.93,212,0.22169811320754718,0
84689,S/2 BEACH HUT TREASURE CHESTS,9.95,2,3,0,2,2,0.0,9.95,3.975,0.0,2.0,4.97,23,0.13043478260869565,1
84691,PACK 20 DOLLY PEGS,174.5,2,242,0,4,4,0.0,174.5,0.7525,0.0,60.0,43.62,99,2.4444444444444446,2
84692,BOX OF 24 COCKTAIL PARASOLS,2808.57,209,6803,6,366,12,2.52,2806.05,0.4309139784946236,0.0008811866647084741,19.0,7.67,373,18.254691689008045,3
84715,SET OF 6 ICE CREAM SKITTLES,47.2,3,16,0,3,3,0.0,47.2,2.9500000000000006,0.0,5.0,15.73,73,0.2191780821917808,1
84723,CHERRY BLOSSOM CANVAS ART PICTURE,97.95,5,41,0,6,4,0.0,97.95,3.9499999999999997,0.0,7.0,16.32,188,0.21808510638297873,1
84725,FREESTYLE CANVAS ART PICTURE,39.65,16,41,0,18,7,0.0,39.65,1.2444444444444445,0.0,2.0,2.2,290,0.1413793103448276,1
84731,3 BIRDS CANVAS SCREEN,2.04,2,2,0,2,2,0.0,2.04,1.02,0.0,1.0,1.02,107,0.018691588785046728,1
84744,S/6 SEW ON CROCHET FLOWERS,135.0,17,108,0,18,9,0.0,135.0,1.25,0.0,6.0,7.5,350,0.30857142857142855,2
84746,PINK EASTER HENS+FLOWER,11.25,1,3,0,1,1,0.0,11.25,3.75,0.0,3.0,11.25,1,3.0,1
84748,FOLK FELT HANGING MULTICOL GARLAND,90.0,7,24,0,8,5,0.0,90.0,3.75,0.0,3.0,11.25,320,0.075,1
84754,S/15 SILVER GLASS BAUBLES IN BAG,586.46,35,502,144,37,7,152.64000000000001,433.82000000000005,1.235,0.22291021671826625,17.0,11.72,297,2.175084175084175,0
84755,COLOUR GLASS T-LIGHT HOLDER HANGING,9566.51,318,15563,65,540,12,42.25,9524.26,0.6484103512014788,0.004159201433324802,29.0,17.64,373,41.898123324396785,3
84763,ZINC FINISH 15CM PLANTER POTS,679.01,39,573,0,49,6,0.0,679.01,1.2422448979591836,0.0,12.0,13.86,177,3.23728813559322,2
84766,SILVER ROCOCO CANDLE STICK,340.7,11,146,15,17,8,37.25,303.45,3.361764705882353,0.09316770186335403,9.0,17.85,326,0.4938650306748466,0
84773,RED ROSE AND LACE C/COVER,8.850000000000001,1,3,0,1,1,0.0,8.850000000000001,2.95,0.0,3.0,8.85,1,3.0,1
84789,ENCHANTED BIRD PLANT CAGE,595.8000000000001,33,180,0,43,7,0.0,595.8000000000001,3.6383720930232557,0.0,4.0,13.86,224,0.8035714285714286,2
84792,ENCHANTED BIRD COATHANGER 5 HOOK,3470.5400000000004,126,774,29,194,12,114.69,3355.8500000000004,4.6615816326530615,0.0361145703611457,4.0,17.3,372,2.1586021505376345,0
84799,SPRIG LAVENDER ARTIFICIAL FLOWER,155.48,9,220,60,11,4,35.16,120.32,0.9481818181818181,0.21428571428571427,25.0,10.94,82,3.4146341463414633,0
84813,SET OF 4 DIAMOND NAPKIN RINGS,1146.97,20,145,1,23,8,3.95,1143.02,9.124347826086957,0.00684931506849315,6.0,49.7,356,0.4101123595505618,0
84816,DANISH ROSE BEDSIDE CABINET,519.35,10,13,6,15,7,239.70000000000002,279.65000000000003,39.95,0.3157894736842105,1.0,18.64,250,0.076,0
84817,DANISH ROSE DECORATIVE PLATE,710.64,49,951,37,61,12,77.7,632.94,1.499516129032258,0.03744939271255061,16.0,10.38,360,2.7444444444444445,3
84818,DANISH ROSE PHOTO FRAME,1460.81,79,1423,95,106,11,101.45,1359.36,1.36188679245283,0.06258234519104085,14.0,12.82,326,4.656441717791411,3
84819,DANISH ROSE ROUND SEWING BOX,951.79,57,811,4,64,11,17.0,934.79,2.283125,0.0049079754601227,13.0,14.61,369,2.2086720867208673,3
84820,DANISH ROSE TRINKET TRAYS,483.05,31,259,4,32,10,23.8,459.25,3.9425,0.015209125475285171,8.0,14.35,364,0.7225274725274725,0
84821,DANISH ROSE DELUXE COASTER,407.15,35,935,12,41,12,10.2,396.95,0.62,0.012671594508975714,23.0,9.68,364,2.6016483516483517,3
84823,DANISH ROSE FOLDING CHAIR,890.4000000000001,25,112,0,25,3,0.0,890.4000000000001,7.95,0.0,4.0,35.62,56,2.0,2
84824,DANISH ROSE UMBRELLA STAND,31.9,2,2,0,2,2,0.0,31.9,15.95,0.0,1.0,15.95,164,0.012195121951219513,1
84826,ASSTD DESIGN 3D PAPER STICKERS,386.83,30,13699,60,32,10,51.0,335.83,0.5414705882352941,0.004360782033578022,430.0,10.49,371,37.086253369272235,3
84827,ASS DES PHONE SPONGE CRAFT STICKER,153.09,12,509,0,14,5,0.0,153.09,0.465,0.0,36.0,10.94,366,1.3907103825136613,2
84828,JUNGLE POPSICLES ICE LOLLY HOLDERS,148.75,15,119,0,15,4,0.0,148.75,1.25,0.0,8.0,9.92,365,0.32602739726027397,2
84828,JUNGLE POPSICLES ICE LOLLY MOULDS,1038.66,74,831,24,97,10,30.0,1008.66,1.3194949494949495,0.028070175438596492,9.0,10.4,365,2.3424657534246576,3
84832,ZINC WILLIE WINKIE  CANDLE STICK,2176.1,137,2606,12,189,12,10.2,2165.9,0.8723437500000001,0.004583651642475172,14.0,11.46,374,7.0,3
84836,ZINC METAL HEART DECORATION,7099.93,311,5750,35,478,12,43.75,7056.18,1.2554918032786884,0.006050129645635264,12.0,14.76,373,15.509383378016086,3
84839,SWEETHEART KEY CABINET,0.0,1,0,1,1,1,5.55,-5.55,5.55,1.0,1.0,-5.55,1,1.0,1
84840,SWEETHEART CARRY-ALL BASKET,25.5,4,3,2,4,3,17.0,8.5,8.5,0.4,1.0,2.12,110,0.045454545454545456,1
84842,HELLO SAILOR BATHROOM SET,52.5,8,14,0,9,4,0.0,52.5,3.75,0.0,2.0,5.83,259,0.05405405405405406,1
84843,WHITE SOAP RACK WITH 2 BOTTLES,864.35,36,161,1,42,12,5.95,858.4000000000001,5.859302325581396,0.006172839506172839,4.0,20.44,364,0.44505494505494503,0
84847,FLORAL BATHROOM SET,75.0,9,20,0,11,8,0.0,75.0,3.75,0.0,2.0,6.82,187,0.10695187165775401,1
84854,GIRLY PINK TOOL SET,24.75,1,5,0,1,1,0.0,24.75,4.95,0.0,5.0,24.75,1,5.0,1
84865,NEW BAROQUE BLACK PHOTO ALBUM,109.65,8,24,0,11,5,0.0,109.65,5.9772727272727275,0.0,2.0,9.97,210,0.11428571428571428,1
84879,ASSORTED COLOUR BIRD ORNAMENT,56413.03,679,35263,48,1385,12,81.12,56331.909999999996,1.6807758007117437,0.0013593497776896717,25.0,40.67,374,94.4144385026738,3
84880,WHITE WIRE EGG HOLDER,1881.15,51,301,9,67,12,55.1,1826.0500000000002,7.038235294117648,0.02903225806451613,5.0,27.25,372,0.8333333333333334,0
84881,BLUE WIRE SPIRAL CANDLE HOLDER,69.85,5,11,1,6,5,6.35,63.5,6.349999999999999,0.08333333333333333,2.0,10.58,224,0.05357142857142857,1
84882,GREEN WIRE STANDING CANDLE HOLDER,127.5,12,34,0,15,8,0.0,127.5,3.75,0.0,2.0,8.5,354,0.096045197740113,1
84905,PINK BUTTERFLY CUSHION COVER ,59.400000000000006,2,12,0,2,2,0.0,59.400000000000006,4.95,0.0,6.0,29.7,88,0.13636363636363635,1
84906,PINK B'FLY C/COVER W BOBBLES,65.45,6,11,0,6,3,0.0,65.45,5.95,0.0,2.0,10.91,183,0.060109289617486336,1
84906,PINK BUTTERFLY CUSHION COVER,33.15,3,17,1,5,3,1.95,31.2,1.95,0.05555555555555555,4.0,6.24,183,0.09836065573770492,1
84907,PINK YELLOW PATCH CUSHION COVER,38.25,3,5,0,3,3,0.0,38.25,7.650000000000001,0.0,2.0,12.75,129,0.03875968992248062,1
84915,HAND TOWEL PINK FLOWER AND DAISY,281.95,8,199,0,11,5,0.0,281.95,2.89,0.0,18.0,25.63,340,0.5852941176470589,2
84916,HAND TOWEL PALE BLUE W FLOWERS,407.4,17,212,0,18,5,0.0,407.4,3.8055555555555554,0.0,12.0,22.63,149,1.4228187919463087,2
84917,WHITE HAND TOWEL WITH BUTTERFLY,400.5,13,170,0,14,5,0.0,400.5,3.2642857142857147,0.0,12.0,28.61,141,1.2056737588652482,2
84919,BLUE CUSHION COVER WITH FLOWER,201.55,9,29,0,9,4,0.0,201.55,6.95,0.0,3.0,22.39,130,0.2230769230769231,1
84920,PINK FLOWER FABRIC PONY,266.25,22,71,0,26,10,0.0,266.25,3.75,0.0,3.0,10.24,372,0.19086021505376344,1
84921,CREAM AND PINK FLOWERS PONY ,41.25,5,11,0,5,4,0.0,41.25,3.75,0.0,2.0,8.25,319,0.034482758620689655,1
84922,PINK BUTTERFLY WASHBAG,34.0,5,8,0,5,4,0.0,34.0,4.25,0.0,2.0,6.8,355,0.022535211267605635,1
84929,ASSTD FRUIT+FLOWERS FRIDGE MAGNETS,545.1600000000001,58,2244,19,65,11,10.090000000000002,535.07,0.2841538461538462,0.008395934600088379,35.0,8.23,344,6.578488372093023,3
84944,SET OF 6 KASHMIR FOLKART BAUBLES,1014.7499999999999,62,563,58,73,8,95.69999999999999,919.05,2.141891891891892,0.09339774557165861,9.0,12.59,339,1.831858407079646,0
84945,MULTI COLOUR SILVER T-LIGHT HOLDER,8259.25,209,10267,102,324,12,86.7,8172.55,0.8536474164133737,0.009837014176873373,32.0,25.22,373,27.798927613941018,3
84946,ANTIQUE SILVER T-LIGHT GLASS,15176.42,349,12949,316,557,10,349.21000000000004,14827.210000000001,1.2410357142857142,0.02382208820203543,24.0,26.62,372,35.65860215053763,3
84946,ANTIQUE SILVER TEA GLASS ETCHED,4016.75,119,3487,19,147,5,23.75,3993.0,1.223221476510067,0.005419281232173417,24.0,27.16,372,9.424731182795698,3
84947,ANTIQUE SILVER TEA GLASS ENGRAVED,9271.84,178,8219,32,288,12,38.29,9233.550000000001,1.2451877133105802,0.003878317779663071,29.0,32.06,373,22.12064343163539,3
84949,SILVER HANGING T-LIGHT HOLDER,7173.449999999999,166,4653,263,285,12,412.34999999999997,6761.099999999999,1.6297909407665505,0.05349877949552482,17.0,23.72,373,13.179624664879357,3
84950,ASSORTED COLOUR T-LIGHT HOLDER,1983.17,67,3349,10,91,12,6.1000000000000005,1977.0700000000002,0.6741304347826087,0.002977076510866329,37.0,21.73,370,9.078378378378378,3
84969,BOX OF 6 ASSORTED COLOUR TEASPOONS,1267.99,48,295,2,75,12,8.5,1259.49,4.3988,0.006734006734006734,4.0,16.79,370,0.8027027027027027,0
84974,S/2 ZINC HEART DESIGN PLANTERS,388.04999999999995,26,39,0,28,11,0.0,388.04999999999995,9.95,0.0,1.0,13.86,279,0.13978494623655913,1
84975,HEART SHAPED MIRROR,8.45,2,5,0,2,1,0.0,8.45,1.69,0.0,2.0,4.22,3,1.6666666666666667,1
84976,RECTANGULAR SHAPED MIRROR,420.68,27,502,14,31,8,11.06,409.62,0.9867741935483871,0.027131782945736434,17.0,13.21,319,1.6175548589341693,0
84978,HANGING HEART JAR T-LIGHT HOLDER,12650.970000000001,304,10961,175,602,12,206.59,12444.380000000001,1.226161449752883,0.015714798850574713,18.0,20.67,369,30.178861788617887,3
84987,SET OF 36 TEATIME PAPER DOILIES,4075.7799999999997,203,2926,15,243,12,21.75,4054.0299999999997,1.4632098765432098,0.0051003060183611015,12.0,16.68,368,7.991847826086956,3
84988,SET OF 72 PINK HEART PAPER DOILIES,5565.23,209,3953,13,309,12,18.849999999999998,5546.379999999999,1.4691935483870968,0.0032778618255168935,13.0,17.95,367,10.806539509536785,3
84990,60 GOLD AND SILVER FAIRY CAKE CASES,1.1,2,2,0,2,2,0.0,1.1,0.55,0.0,1.0,0.55,18,0.1111111111111111,1
84991,60 TEATIME FAIRY CAKE CASES,8604.62,415,17664,150,664,12,82.5,8522.12,0.5481885125184095,0.008420343550016841,27.0,12.83,373,47.75871313672922,3
84992,72 SWEETHEART FAIRY CAKE CASES,6252.35,325,13029,130,505,12,62.14,6190.21,0.5558188824662814,0.009879170149707425,26.0,12.26,373,35.27882037533512,3
85006,SET 4 NURSERY DES ROUND BOXES,57.25,9,55,0,9,3,0.0,57.25,1.55,0.0,6.0,6.36,139,0.39568345323741005,1
85008,SET OF 3 CONEY ISLAND OVAL BOXES,55.95,7,12,0,7,4,0.0,55.95,4.457142857142857,0.0,2.0,7.99,122,0.09836065573770492,1
85015,SET OF 12  VINTAGE POSTCARD SET,1590.1200000000001,103,2128,0,113,12,0.0,1590.1200000000001,1.0183185840707965,0.0,19.0,14.07,368,5.782608695652174,2
85016,SET OF 6 VINTAGE NOTELETS KIT,459.0,22,522,0,25,6,0.0,459.0,1.7139999999999997,0.0,21.0,18.36,177,2.9491525423728815,2
85020,ROUND PINK HEART MIRROR,163.8,11,78,0,16,9,0.0,163.8,2.1,0.0,5.0,10.24,365,0.2136986301369863,1
85030,FRENCH CHATEAU OVAL PLATTER,29.25,6,15,0,6,2,0.0,29.25,1.95,0.0,2.0,4.88,19,0.7894736842105263,1
85038,6 CHOCOLATE LOVE HEART T-LIGHTS,1985.8600000000001,70,1014,0,110,12,0.0,1985.8600000000001,2.1428947368421056,0.0,9.0,18.05,373,2.7184986595174263,2
85042,ANTIQUE LILY FAIRY LIGHTS,0.0,2,0,3,2,1,14.850000000000001,-14.850000000000001,4.95,1.0,2.0,-7.43,2,1.5,1
85045,GREEN CHRISTMAS TREE STRING 20LIGHT,186.15,10,41,4,11,7,19.8,166.35,4.886363636363637,0.08888888888888889,4.0,15.12,336,0.13392857142857142,0
85047,WHITE BEADED GARLAND STRING 20LIGHT,19.049999999999997,4,3,3,4,2,18.25,0.8000000000000007,6.1499999999999995,0.5,2.0,0.2,52,0.11538461538461539,1
85048,15CM CHRISTMAS GLASS BALL 20 LIGHTS,9374.7,173,1266,41,236,8,307.95,9066.75,7.765126050420169,0.03136954858454476,6.0,38.42,373,3.5040214477211795,0
85053,FRENCH ENAMEL CANDLEHOLDER,3087.5200000000004,158,1541,28,247,12,57.160000000000004,3030.36,2.128809523809524,0.017845761631612493,6.0,12.27,366,4.286885245901639,3
85054,FRENCH ENAMEL POT W LID,1227.41,66,549,4,90,12,8.4,1219.01,2.7715384615384617,0.007233273056057866,6.0,13.54,359,1.5403899721448469,0
85055,FRENCH ENAMEL UTENSIL HOLDER,122.75,9,37,0,10,2,0.0,122.75,3.6700000000000004,0.0,4.0,12.28,44,0.8409090909090909,1
85059,FRENCH ENAMEL WATER BASIN,771.21,62,290,8,81,12,22.5,748.71,3.3379268292682926,0.026845637583892617,4.0,9.24,366,0.8142076502732241,0
85062,PEARL CRYSTAL PUMPKIN T-LIGHT HLDR,2214.87,97,1368,4,134,12,6.6,2208.2699999999995,1.6665925925925924,0.0029154518950437317,10.0,16.48,367,3.7384196185286105,3
85063,CREAM SWEETHEART MAGAZINE RACK,0.0,2,0,3,2,2,46.849999999999994,-46.849999999999994,15.95,1.0,2.0,-23.42,62,0.04838709677419355,1
85064,CREAM SWEETHEART LETTER RACK,866.05,21,205,2,25,4,9.3,856.75,5.323200000000001,0.00966183574879227,8.0,34.27,131,1.5801526717557253,0
85065,CREAM SWEETHEART TRAYS,0.0,1,0,1,1,1,12.75,-12.75,12.75,1.0,1.0,-12.75,1,1.0,1
85066,CREAM SWEETHEART MINI CHEST,20448.17,291,1696,41,470,12,448.05,20000.12,12.618336842105263,0.02360391479562464,4.0,42.55,372,4.669354838709677,0
85067,CREAM SWEETHEART WALL CABINET,126.64999999999999,5,7,0,5,2,0.0,126.64999999999999,18.55,0.0,1.0,25.33,44,0.1590909090909091,1
85068,CREAM SWEETHEART SHELF + HOOKS,0.0,1,0,1,1,1,7.95,-7.95,7.95,1.0,1.0,-7.95,1,1.0,1
85078,SCANDINAVIAN 3 HEARTS NAPKIN RING,376.50000000000006,46,1746,0,65,11,0.0,376.50000000000006,0.2989230769230769,0.0,27.0,5.79,332,5.259036144578313,2
85084,HOLLY TOP CHRISTMAS STOCKING,14.45,6,17,0,6,1,0.0,14.45,0.85,0.0,3.0,2.41,5,3.4,1
85087,CANDY SPOT CUSHION COVER,119.36000000000001,7,40,1,8,5,2.95,116.41000000000001,2.9925,0.024390243902439025,5.0,14.55,257,0.15953307392996108,1
85088,CANDY SPOT HAND BAG,385.27000000000004,18,188,2,21,9,4.2,381.07000000000005,2.265909090909091,0.010526315789473684,9.0,18.15,266,0.7142857142857143,2
85089,CANDY SPOT BUNNY,38.35,5,13,0,5,4,0.0,38.35,2.95,0.0,3.0,7.67,316,0.04113924050632911,1
85092,CANDY SPOT TEA COSY,40.05,2,27,0,2,1,0.0,40.05,2.3,0.0,14.0,20.02,14,1.9285714285714286,1
85093,CANDY SPOT EGG WARMER HARE,227.49,20,451,0,20,6,0.0,227.49,0.5947619047619048,0.0,23.0,11.37,301,1.4983388704318936,2
85094,CANDY SPOT EGG WARMER RABBIT,122.75000000000001,29,501,0,30,9,0.0,122.75000000000001,0.29600000000000004,0.0,17.0,4.09,331,1.513595166163142,2
85095,THREE CANVAS LUGGAGE TAGS,128.26,9,66,0,10,7,0.0,128.26,2.356,0.0,7.0,12.83,370,0.1783783783783784,1
85096,HILDA CANDY SPOT RABBIT,75.0,10,20,0,11,7,0.0,75.0,3.75,0.0,2.0,6.82,335,0.05970149253731343,1
85103,SILVER T-LIGHT SETTING,545.45,6,91,37,7,4,220.15,325.3,6.292857142857143,0.2890625,18.0,46.47,215,0.5953488372093023,0
85104,SILVER GLASS T-LIGHT SET,502.47999999999996,13,196,3,15,7,8.850000000000001,493.63,3.0753333333333335,0.01507537688442211,13.0,32.91,370,0.5378378378378378,0
85106,CUT GLASS HEXAGON T-LIGHT HOLDER,912.9599999999999,9,528,0,9,5,0.0,912.9599999999999,2.4544444444444444,0.0,59.0,101.44,361,1.4626038781163435,2
85107,CUT GLASS T-LIGHT HOLDER OCTAGON,511.35,21,241,0,25,8,0.0,511.35,2.4225925925925926,0.0,10.0,20.45,363,0.6639118457300276,2
85109,PINK BOUDOIR T-LIGHT HOLDER,10.2,1,12,0,1,1,0.0,10.2,0.85,0.0,12.0,10.2,1,12.0,1
85111,SILVER GLITTER FLOWER VOTIVE HOLDER,416.07,40,1395,0,51,10,0.0,416.07,0.30846153846153845,0.0,27.0,8.16,371,3.7601078167115904,2
85116,BLACK CANDELABRA T-LIGHT HOLDER,702.8000000000001,30,694,30,39,11,63.00000000000001,639.8000000000001,1.275,0.04143646408839779,19.0,16.41,317,2.2839116719242902,0
85118,HEART T-LIGHT HOLDER,135.74,5,142,13,8,2,16.25,119.49000000000001,1.1412499999999999,0.08387096774193549,19.0,14.94,45,3.4444444444444446,0
85125,SMALL ROUND CUT GLASS CANDLESTICK,574.75,14,127,0,18,9,0.0,574.75,4.794444444444444,0.0,7.0,31.93,312,0.40705128205128205,2
85126,LARGE ROUND CUTGLASS CANDLESTICK,0.0,1,0,1,1,1,6.75,-6.75,6.75,1.0,1.0,-6.75,1,1.0,1
85127,SMALL SQUARE CUT GLASS CANDLESTICK,396.0,17,80,5,20,8,24.75,371.25,4.95,0.058823529411764705,4.0,18.56,372,0.22849462365591397,0
85141,JARDIN ETCHED GLASS FRUITBOWL,611.65,32,119,9,41,7,40.55,571.1,5.6865853658536585,0.0703125,3.0,13.93,184,0.6956521739130435,0
85144,JARDIN ETCHED GLASS BUTTER DISH,7.25,1,1,0,1,1,0.0,7.25,7.25,0.0,1.0,7.25,152,0.006578947368421052,1
85144,JARDIN ETCHED GLASS CHEESE DISH,575.45,37,219,0,40,5,0.0,575.45,3.889024390243902,0.0,5.0,14.39,152,1.4407894736842106,2
85145,JARDIN ETCHED GLASS LARGE BELL JAR,163.75,12,37,0,13,2,0.0,163.75,5.303846153846154,0.0,3.0,12.6,34,1.088235294117647,1
85146,JARDIN ETCHED GLASS SMALL BELL JAR,147.85000000000002,8,43,0,8,5,0.0,147.85000000000002,3.6166666666666663,0.0,5.0,18.48,113,0.3805309734513274,1
85150,LADIES & GENTLEMEN METAL SIGN,8696.58,196,3898,5,371,10,12.299999999999999,8684.28,2.5131451612903226,0.0012810658467845247,11.0,23.41,373,10.463806970509383,3
85152,HAND OVER THE CHOCOLATE   SIGN ,15484.51,270,8138,74,593,12,135.22,15349.29,2.1010252100840336,0.009011203117389186,14.0,25.88,373,22.01608579088472,3
85161,ACRYLIC GEOMETRIC LAMP,221.39999999999998,8,12,0,9,5,0.0,221.39999999999998,18.727777777777774,0.0,1.0,24.6,256,0.046875,1
85172,HYACINTH BULB T-LIGHT CANDLES,544.3199999999999,34,1296,80,41,12,33.6,510.71999999999997,0.42,0.05813953488372093,34.0,12.46,370,3.718918918918919,3
85173,SET/6 FROG PRINCE T-LIGHT CANDLES,628.4699999999999,41,434,5,50,12,12.75,615.7199999999999,2.1745098039215685,0.011389521640091117,9.0,12.31,360,1.2194444444444446,0
85174,S/4 CACTI CANDLES,1965.8700000000001,56,493,2,82,12,9.2,1956.67,5.027317073170732,0.00404040404040404,6.0,23.86,373,1.3270777479892761,0
85175,CACTI T-LIGHT CANDLES,2065.22,85,5185,98,134,12,41.160000000000004,2024.06,0.41947761194029853,0.01855006625023661,39.0,15.1,366,14.434426229508198,3
85176,SEWING SUSAN 21 NEEDLE SET,542.24,50,626,1,76,12,0.85,541.39,0.9218421052631579,0.001594896331738437,8.0,7.12,366,1.7131147540983607,2
85177,BASKET OF FLOWERS SEWING KIT,599.76,40,774,1,43,11,0.85,598.91,0.8813953488372093,0.0012903225806451613,18.0,13.93,369,2.100271002710027,2
85178,VICTORIAN SEWING KIT,2640.94,77,2370,289,103,12,322.85,2318.09,1.261826923076923,0.1086874764949229,26.0,22.51,369,7.205962059620596,3
85187,S/12 MINI RABBIT EASTER,515.4,53,324,0,58,8,0.0,515.4,1.6433333333333333,0.0,6.0,8.89,357,0.907563025210084,2
85189,HANGING BUTTERFLY  EGG,7.6499999999999995,2,9,0,3,2,0.0,7.6499999999999995,0.85,0.0,3.0,2.55,63,0.14285714285714285,1
85195,HANGING HEART BASKET,23.1,3,11,0,3,3,0.0,23.1,2.1,0.0,4.0,7.7,93,0.11827956989247312,1
85197,SET OF 12 MINI BUNNIES IN A BUCKET,67.2,18,32,0,18,5,0.0,67.2,2.1,0.0,2.0,3.73,200,0.16,1
85198,ASSORTED FARMYARD ANIMALS IN BUCKET,68.06,6,86,0,6,4,0.0,68.06,0.815,0.0,14.0,11.34,122,0.7049180327868853,1
85200,BUNNY EGG BOX,228.75,24,183,0,26,4,0.0,228.75,1.25,0.0,7.0,8.8,92,1.9891304347826086,2
85202,HANGING WOOD AND FELT HEART,124.32,34,296,0,39,9,0.0,124.32,0.42,0.0,8.0,3.19,308,0.961038961038961,2
85203,HANGING WOOD AND FELT BUTTERFLY ,237.54,45,569,0,49,11,0.0,237.54,0.41888888888888887,0.0,12.0,4.85,329,1.7294832826747721,2
85204,HANGING WOOD AND FELT FLOWER,248.88,40,1871,1,43,12,0.12,248.76,0.1868181818181818,0.0005341880341880342,44.0,5.79,331,5.6555891238670695,2
85208,SET/12 FUNKY FELT FLOWER PEG IN BAG,296.64000000000004,22,160,0,24,10,0.0,296.64000000000004,2.0829166666666667,0.0,7.0,12.36,359,0.4456824512534819,2
85211,S/4 GROOVY CAT MAGNETS,151.92,15,142,2,18,8,1.58,150.34,1.21,0.013888888888888888,8.0,8.35,302,0.4768211920529801,2
85212,MINI PAINTED GARDEN DECORATION ,702.4699999999999,60,2427,0,70,12,0.0,702.4699999999999,0.3677142857142857,0.0,35.0,10.04,357,6.798319327731092,2
85213,MINI  ZINC GARDEN DECORATIONS ,297.89,23,809,1,25,7,0.85,297.03999999999996,0.5364,0.0012345679012345679,32.0,11.88,195,4.153846153846154,2
85214,TUB 24 PINK FLOWER PEGS,169.95,36,103,0,43,9,0.0,169.95,1.6500000000000001,0.0,2.0,3.95,251,0.4103585657370518,2
85215,ASSORTED CHEESE FRIDGE MAGNETS,105.95000000000002,8,163,0,8,6,0.0,105.95000000000002,0.65,0.0,20.0,13.24,249,0.6546184738955824,2
85216,ASSORTED CAKES FRIDGE MAGNETS,35.75,6,55,0,8,6,0.0,35.75,0.65,0.0,7.0,4.47,352,0.15625,1
85224,ASSORTED COLOUR SILK GLASSES CASE,6.300000000000001,1,3,0,1,1,0.0,6.300000000000001,2.1,0.0,3.0,6.3,1,3.0,1
85225,BLING KEY RING STAND,6.25,3,6,0,3,2,0.0,6.25,1.0833333333333333,0.0,2.0,2.08,223,0.026905829596412557,1
85227,SET OF 6 3D KIT CARDS FOR KIDS,1097.73,115,1311,0,147,12,0.0,1097.73,0.8744370860927152,0.0,9.0,7.47,369,3.5528455284552845,2
90021,LASER CUT MULTI STRAND NECKLACE,11.95,1,1,0,1,1,0.0,11.95,11.95,0.0,1.0,11.95,1,1.0,1
90022,EDWARDIAN DROP EARRINGS JET BLACK,30.0,4,8,4,5,4,15.0,15.0,3.75,0.3333333333333333,2.0,3.0,352,0.03409090909090909,1
90023,FILIGREE DIAMANTE EARRINGS,34.0,2,8,0,4,4,0.0,34.0,4.25,0.0,2.0,8.5,286,0.027972027972027972,1
90028,NEW BAROQUE LARGE NECKLACE BLK/WHIT,17.0,1,2,0,1,1,0.0,17.0,8.5,0.0,2.0,17.0,1,2.0,1
90029,NEW BAROQUE SMALL NECKLACE BLACK,25.5,2,3,0,2,2,0.0,25.5,8.5,0.0,2.0,12.75,122,0.02459016393442623,1
90031,BILI NUT AND WOOD NECKLACE,48.0,5,48,0,5,4,0.0,48.0,1.0,0.0,10.0,9.6,130,0.36923076923076925,1
90032,IVORY SHELL HEART NECKLACE,90.67,4,19,0,6,6,0.0,90.67,5.73,0.0,3.0,15.11,317,0.05993690851735016,1
90033,IVORY SHELL HEART EARRINGS,5.1,1,2,0,1,1,0.0,5.1,2.55,0.0,2.0,5.1,1,2.0,1
90041,PEARL AND CHERRY QUARTZ BRACLET,7.0,1,2,0,1,1,0.0,7.0,3.5,0.0,2.0,7.0,1,2.0,1
90043,COPPER AND BRASS BAG CHARM,24.810000000000002,2,4,0,2,2,0.0,24.810000000000002,7.455,0.0,2.0,12.4,102,0.0392156862745098,1
90046,WHITE WITH METAL BAG CHARM,14.850000000000001,1,3,0,1,1,0.0,14.850000000000001,4.95,0.0,3.0,14.85,1,3.0,1
90048,GREEN WITH METAL BAG CHARM,14.850000000000001,1,3,0,1,1,0.0,14.850000000000001,4.95,0.0,3.0,14.85,1,3.0,1
90049,IVORY GOLD METAL BAG CHARM,34.77,2,5,0,3,3,0.0,34.77,8.290000000000001,0.0,2.0,11.59,139,0.03597122302158273,1
90050,CRACKED GLAZE NECKLACE IVORY,41.7,2,6,2,3,2,13.9,27.800000000000004,6.95,0.25,3.0,9.27,176,0.045454545454545456,1
90051,CRACKED GLAZE NECKLACE RED,41.7,3,6,0,3,2,0.0,41.7,6.95,0.0,2.0,13.9,167,0.03592814371257485,1
90054,CRACKED GLAZE EARRINGS RED,2.55,1,1,0,1,1,0.0,2.55,2.55,0.0,1.0,2.55,1,1.0,1
90055,CRACKED GLAZE EARRINGS BROWN,2.55,1,1,0,1,1,0.0,2.55,2.55,0.0,1.0,2.55,1,1.0,1
90057,DIAMANTE RING ASSORTED IN BOX.,1311.3600000000001,21,1008,0,22,5,0.0,1311.3600000000001,1.3472727272727274,0.0,46.0,59.61,361,2.7922437673130194,2
90062,CARNIVAL BRACELET,255.0,6,20,1,7,4,12.75,242.25,12.75,0.047619047619047616,3.0,34.61,127,0.16535433070866143,0
90069,RUBY GLASS CLUSTER NECKLACE,15.0,1,2,0,1,1,0.0,15.0,7.5,0.0,2.0,15.0,1,2.0,1
90070,RUBY GLASS CLUSTER BRACELET,47.6,3,8,3,4,3,17.85,29.75,5.95,0.2727272727272727,3.0,7.44,273,0.040293040293040296,1
90071,RUBY GLASS CLUSTER EARRINGS,1.25,1,1,0,1,1,0.0,1.25,1.25,0.0,1.0,1.25,1,1.0,1
90072,RUBY DROP CHANDELIER EARRINGS,37.5,2,10,0,3,3,0.0,37.5,3.75,0.0,3.0,12.5,244,0.040983606557377046,1
90073,VINTAGE ENAMEL & CRYSTAL EARRINGS,64.35000000000001,4,13,0,4,3,0.0,64.35000000000001,4.95,0.0,3.0,16.09,319,0.04075235109717868,1
90074,BLACK DIAMOND CLUSTER NECKLACE,17.9,1,2,0,1,1,0.0,17.9,8.95,0.0,2.0,17.9,1,2.0,1
90076,MONTANA DIAMOND CLUSTER EARRINGS,15.299999999999999,1,6,1,2,1,2.55,12.75,2.55,0.14285714285714285,4.0,6.38,10,0.7,1
90078,PINK/WHITE GLASS DEMI CHOKER,15.0,1,2,0,1,1,0.0,15.0,7.5,0.0,2.0,15.0,1,2.0,1
90079,VINTAGE ENAMEL & CRYSTAL NECKLACE,24.75,2,5,0,2,2,0.0,24.75,4.95,0.0,2.0,12.38,119,0.04201680672268908,1
90083,CRYSTAL CZECH CROSS PHONE CHARM,13.69,2,19,0,4,2,0.0,13.69,1.27,0.0,5.0,3.42,22,0.8636363636363636,1
90084,PINK CRYSTAL GUITAR PHONE CHARM,0.85,1,1,0,1,1,0.0,0.85,0.85,0.0,1.0,0.85,1,1.0,1
90085,CRYSTAL STILETTO PHONE CHARM,20.4,2,24,0,2,2,0.0,20.4,0.85,0.0,12.0,10.2,195,0.12307692307692308,1
90086,CRYSTAL FROG PHONE CHARM,49.93,5,85,0,11,5,0.0,49.93,1.2863636363636362,0.0,8.0,4.54,369,0.23035230352303523,1
90087,CRYSTAL SEA HORSE PHONE CHARM,33.66,4,90,0,8,4,0.0,33.66,1.1724999999999999,0.0,11.0,4.21,79,1.139240506329114,1
90089,PINK CRYSTAL SKULL PHONE CHARM,2.47,2,13,0,2,1,0.0,2.47,0.19,0.0,6.0,1.24,3,4.333333333333333,1
90093,CLEAR CRYSTAL STAR PHONE CHARM,20.39,5,47,0,6,5,0.0,20.39,0.89,0.0,8.0,3.4,199,0.23618090452261306,1
90094,NECKLACE+BRACELET SET FRUIT SALAD ,33.15,12,13,0,12,5,0.0,33.15,2.55,0.0,1.0,2.76,368,0.035326086956521736,1
90096,NECKLACE+BRACELET SET BLUE BLOSSOM,20.4,3,8,0,3,3,0.0,20.4,2.55,0.0,3.0,6.8,263,0.030418250950570342,1
90098,NECKLACE+BRACELET PINK BUTTERFLY,71.39999999999999,9,28,6,10,5,15.299999999999999,56.099999999999994,2.55,0.17647058823529413,3.0,5.61,295,0.1152542372881356,0
90099,NECKLACE+BRACELET SET BLUE HIBISCUS,51.0,12,20,0,13,5,0.0,51.0,2.55,0.0,2.0,3.92,252,0.07936507936507936,1
90100,NECKLACE+BRACELET SET PINK DAISY,2.55,1,1,0,1,1,0.0,2.55,2.55,0.0,1.0,2.55,1,1.0,1
90101,WHITE FRANGIPANI NECKLACE,38.25,3,15,6,5,5,15.299999999999999,22.95,2.55,0.2857142857142857,4.0,4.59,116,0.1810344827586207,0
90102,WHITE FRANGIPANI HAIR CLIP,8.5,1,10,0,1,1,0.0,8.5,0.85,0.0,10.0,8.5,1,10.0,1
90103,PURPLE FRANGIPANI NECKLACE,20.4,2,8,0,2,2,0.0,20.4,2.55,0.0,4.0,10.2,129,0.06201550387596899,1
90104,PURPLE FRANGIPANI HAIRCLIP,0.85,1,1,0,1,1,0.0,0.85,0.85,0.0,1.0,0.85,1,1.0,1
90108,BLUE BLOSSOM HAIR CLIP,67.2,6,64,10,7,6,10.5,56.7,1.05,0.13513513513513514,11.0,8.1,297,0.24915824915824916,0
90114,SUMMER DAISIES BAG CHARM,168.29999999999998,11,66,0,11,4,0.0,168.29999999999998,2.55,0.0,6.0,15.3,354,0.1864406779661017,1
90116,FRUIT SALAD BAG CHARM,27.04,3,16,0,3,3,0.0,27.04,1.6900000000000002,0.0,5.0,9.01,177,0.0903954802259887,1
90118,PINK DAISY BAG CHARM,15.299999999999999,1,6,6,2,2,15.299999999999999,0.0,2.55,0.5,6.0,0.0,19,0.631578947368421,1
90119,METALIC LEAVES BAG CHARMS,145.76999999999998,3,59,0,15,4,0.0,145.76999999999998,2.472,0.0,4.0,9.72,88,0.6704545454545454,1
90131,PINK/AMETHYST/GOLD NECKLACE,27.8,1,4,0,1,1,0.0,27.8,6.95,0.0,4.0,27.8,1,4.0,1
90133,TEAL/FUSCHIA COL BEAD NECKLACE,44.55,3,9,0,3,2,0.0,44.55,4.95,0.0,3.0,14.85,338,0.026627218934911243,1
90135,ORANGE/WHT/FUSCHIA STONES NECKLACE,29.700000000000003,1,6,0,1,1,0.0,29.700000000000003,4.95,0.0,6.0,29.7,1,6.0,1
90136,PALE PINK/AMETHYST STONE NECKLACE,29.849999999999998,2,3,0,2,2,0.0,29.849999999999998,9.95,0.0,2.0,14.92,132,0.022727272727272728,1
90138,WHITE/PINK MINI CRYSTALS NECKLACE,19.8,1,4,0,1,1,0.0,19.8,4.95,0.0,4.0,19.8,1,4.0,1
90143,SILVER BRACELET W PASTEL FLOWER,135.0,7,18,1,8,5,7.5,127.5,7.5,0.05263157894736842,2.0,15.94,219,0.0867579908675799,0
90144,SILVER DROP EARRINGS WITH FLOWER,26.25,3,7,0,3,2,0.0,26.25,3.75,0.0,2.0,8.75,12,0.5833333333333334,1
90145,SILVER HOOP EARRINGS WITH FLOWER,124.95,7,21,0,11,9,0.0,124.95,5.95,0.0,2.0,11.36,348,0.0603448275862069,1
90146,FINE SILVER NECKLACE W PASTEL FLOWE,63.75,3,13,0,3,3,0.0,63.75,6.25,0.0,4.0,21.25,316,0.04113924050632911,1
90147,CHUNKY SILVER NECKLACE PASTEL FLOWE,208.95,10,21,2,13,8,19.9,189.04999999999998,9.95,0.08695652173913043,2.0,14.54,350,0.06571428571428571,0
90148,LONG SILVER NECKLACE PASTEL FLOWER,89.25,5,7,1,6,5,12.75,76.5,12.75,0.125,1.0,12.75,243,0.03292181069958848,1
90149,SILVER FLOWR PINK SHELL NECKLACE,335.28000000000003,2,52,0,3,2,0.0,335.28000000000003,7.12,0.0,17.0,111.76,131,0.3969465648854962,1
90151,SILVER/NATURAL SHELL NECKLACE,68.0,2,8,0,4,2,0.0,68.0,8.5,0.0,2.0,17.0,360,0.022222222222222223,1
90154,LAZER CUT NECKLACE W PASTEL BEADS,421.75,5,57,0,5,5,0.0,421.75,8.61,0.0,11.0,84.35,336,0.16964285714285715,1
90155,RESIN NECKLACE W PASTEL BEADS,45.0,4,6,0,4,3,0.0,45.0,7.5,0.0,2.0,11.25,319,0.018808777429467086,1
90156,RESIN BRACELET W PASTEL BEADS,14.850000000000001,2,3,0,2,2,0.0,14.850000000000001,4.95,0.0,2.0,7.43,239,0.012552301255230125,1
90157,RIVIERA NECKLACE,34.65,2,7,0,2,2,0.0,34.65,4.95,0.0,4.0,17.32,206,0.03398058252427184,1
90158,ST TROPEZ NECKLACE,69.30000000000001,6,14,0,6,4,0.0,69.30000000000001,4.95,0.0,2.0,11.55,206,0.06796116504854369,1
90159,COTE D'AZURE NECKLACE,14.850000000000001,2,3,0,2,2,0.0,14.850000000000001,4.95,0.0,2.0,7.43,198,0.015151515151515152,1
90166,PINK & WHITE ROSEBUD RING,58.900000000000006,4,14,0,8,5,0.0,58.900000000000006,4.1875,0.0,2.0,7.36,256,0.0546875,1
90167,BEADED LOVE HEART JEWELLERY SET,8.5,1,10,0,1,1,0.0,8.5,0.85,0.0,10.0,8.5,1,10.0,1
90168,2 DAISIES HAIR COMB,17.700000000000003,1,6,6,2,2,17.700000000000003,0.0,2.95,0.5,6.0,0.0,19,0.631578947368421,1
90169,DAISY HAIR COMB,15.299999999999999,1,6,6,2,2,15.299999999999999,0.0,2.55,0.5,6.0,0.0,19,0.631578947368421,1
90170,DAISY HAIR BAND,75.89999999999999,6,46,12,7,6,19.799999999999997,56.099999999999994,1.65,0.20689655172413793,8.0,8.01,325,0.17846153846153845,0
90173,PAIR BUTTERFLY HAIR CLIPS,60.0,3,16,0,3,2,0.0,60.0,3.75,0.0,5.0,20.0,162,0.09876543209876543,1
90174,BUTTERFLY HAIR BAND,40.8,4,16,12,6,4,30.599999999999998,10.200000000000001,2.55,0.42857142857142855,5.0,1.7,245,0.11428571428571428,0
90188,DROP EARRINGS W FLOWER & LEAF,5.1,2,2,0,2,2,0.0,5.1,2.55,0.0,1.0,2.55,40,0.05,1
90191,SILVER LARIAT 40CM,113.9,7,22,0,7,5,0.0,113.9,8.55,0.0,3.0,16.27,256,0.0859375,1
90192,JADE DROP EARRINGS W FILIGREE,113.85000000000001,5,23,2,9,7,9.9,103.95,4.95,0.08,3.0,11.55,297,0.08417508417508418,0
90194,SILVER LARIAT BLACK STONE EARRINGS,51.0,6,12,0,6,5,0.0,51.0,4.25,0.0,2.0,8.5,308,0.03896103896103896,1
90204,PAIR OF ENAMEL BUTTERFLY HAIRCLIP,56.95,8,17,4,9,5,13.4,43.55,3.35,0.19047619047619047,2.0,4.84,343,0.061224489795918366,0
90208,PAIR OF PINK FLOWER CLUSTER SLIDE,25.499999999999996,4,10,6,5,4,15.299999999999999,10.2,2.55,0.375,3.0,2.04,159,0.10062893081761007,1
10123C,HEARTS WRAPPING TAPE ,3.25,3,5,0,3,2,0.0,3.25,0.65,0.0,2.0,1.08,119,0.04201680672268908,1
10124A,SPOTS ON RED BOOKCOVER TAPE,6.72,5,16,0,5,4,0.0,6.72,0.42000000000000004,0.0,3.0,1.34,335,0.04776119402985075,1
10124G,ARMY CAMO BOOKCOVER TAPE,7.14,4,17,0,4,4,0.0,7.14,0.42,0.0,4.0,1.78,339,0.05014749262536873,1
15044A,PINK PAPER PARASOL ,1230.5800000000002,53,422,1,79,12,2.95,1227.63,3.0168354430379747,0.002364066193853428,5.0,15.54,350,1.2085714285714286,2
15044B,BLUE PAPER PARASOL ,865.6500000000001,37,307,1,49,9,2.95,862.7,2.933673469387755,0.003246753246753247,6.0,17.61,302,1.0198675496688743,2
15044C,PURPLE PAPER PARASOL,779.45,43,271,3,62,11,8.05,771.4000000000001,2.9370967741935488,0.010948905109489052,4.0,12.44,365,0.7506849315068493,0
15044D,RED PAPER PARASOL,1732.79,54,629,2,75,12,5.5,1727.29,2.9558666666666666,0.003169572107765452,8.0,23.03,322,1.9596273291925466,2
15056BL,EDWARDIAN PARASOL BLACK,15218.67,142,2779,130,296,12,652.5,14566.17,5.887905405405406,0.0446888965280165,10.0,49.21,374,7.778074866310161,3
15056N,EDWARDIAN PARASOL NATURAL,20672.91,184,3822,45,384,12,266.04999999999995,20406.86,5.861165803108808,0.011636927851047323,10.0,53.14,374,10.33957219251337,3
15056P,EDWARDIAN PARASOL PINK,4242.26,89,767,10,139,12,58.2,4184.06,5.9320863309352525,0.01287001287001287,6.0,30.1,372,2.088709677419355,0
15058A,BLUE POLKADOT GARDEN PARASOL,1104.6,41,148,5,55,10,37.35,1067.25,7.775454545454546,0.032679738562091505,3.0,19.4,349,0.4383954154727794,0
15058B,PINK POLKADOT GARDEN PARASOL,866.25,32,115,5,43,10,37.35,828.9,7.838372093023256,0.041666666666666664,3.0,19.28,342,0.3508771929824561,0
15058C,ICE CREAM DESIGN GARDEN PARASOL,894.35,26,193,0,30,8,0.0,894.35,6.35,0.0,6.0,29.81,236,0.8177966101694916,2
15060B,FAIRY CAKE DESIGN UMBRELLA,1482.87,68,411,1,96,12,3.75,1479.12,3.8195833333333336,0.0024271844660194173,4.0,15.41,351,1.1737891737891737,2
16020C,CLEAR STATIONERY BOX SET ,5.1,1,6,0,2,2,0.0,5.1,0.85,0.0,3.0,2.55,37,0.16216216216216217,1
16151A,FLOWERS HANDBAG blue and orange,61.25,3,49,0,3,1,0.0,61.25,1.25,0.0,16.0,20.42,14,3.5,1
16156L,WRAP CAROUSEL,157.5,13,375,0,14,8,0.0,157.5,0.42,0.0,27.0,11.25,330,1.1363636363636365,2
16156L,"WRAP, CAROUSEL",42.0,4,100,0,4,3,0.0,42.0,0.42,0.0,25.0,10.5,330,0.30303030303030304,1
16156S,WRAP PINK FAIRY CAKES ,2331.0,135,5800,0,167,12,0.0,2331.0,0.4168862275449102,0.0,35.0,13.96,371,15.633423180592992,2
16161G,WRAP BAD HAIR DAY,70.0,22,700,0,22,9,0.0,70.0,0.1,0.0,32.0,3.18,254,2.7559055118110236,2
16161M,WRAP  PINK FLOCK,10.5,1,25,0,1,1,0.0,10.5,0.42,0.0,25.0,10.5,1,25.0,1
16161P,WRAP ENGLISH ROSE ,2980.42,189,7201,25,249,12,10.5,2969.92,0.41943775100401604,0.0034597287572654305,29.0,11.93,370,19.52972972972973,3
16161U,WRAP SUKI AND FRIENDS,1687.5,105,4075,25,135,12,10.5,1677.0,0.41955555555555557,0.006097560975609756,30.0,12.42,363,11.294765840220386,3
16162L,THE KING GIFT BAG,11.05,5,17,0,6,4,0.0,11.05,0.65,0.0,3.0,1.84,95,0.17894736842105263,1
16162M,THE KING GIFT BAG 25x24x12cm,10.92,6,26,0,7,3,0.0,10.92,0.42,0.0,4.0,1.56,132,0.19696969696969696,1
16168M,FUNKY MONKEY GIFT BAG MEDIUM,138.18,19,329,0,20,9,0.0,138.18,0.42000000000000004,0.0,16.0,6.91,366,0.8989071038251366,2
16169E,WRAP 50'S  CHRISTMAS,1892.46,143,4563,125,151,6,52.5,1839.96,0.4192105263157895,0.02666382252559727,31.0,12.19,141,33.248226950354606,3
16169K,WRAP FOLK ART,84.0,8,200,0,8,4,0.0,84.0,0.42,0.0,25.0,10.5,297,0.6734006734006734,2
16169M,WRAP DAISY CARPET ,277.2,24,660,0,25,11,0.0,277.2,0.42,0.0,26.0,11.09,331,1.9939577039274925,2
16169N,WRAP BLUE RUSSIAN FOLKART,10.5,1,25,0,1,1,0.0,10.5,0.42,0.0,25.0,10.5,1,25.0,1
16169P,WRAP GREEN RUSSIAN FOLKART ,21.0,2,50,0,2,1,0.0,21.0,0.42,0.0,25.0,10.5,10,5.0,1
16202A,PASTEL PINK PHOTO ALBUM ,3.5,2,7,0,2,2,0.0,3.5,0.5,0.0,4.0,1.75,37,0.1891891891891892,1
16202B,PASTEL BLUE PHOTO ALBUM ,14.5,2,29,0,2,1,0.0,14.5,0.5,0.0,14.0,7.25,3,9.666666666666666,1
16202E,BLACK PHOTO ALBUM ,7.5,4,15,1,4,2,5.55,1.9500000000000002,1.7625,0.0625,4.0,0.49,131,0.12213740458015267,1
16206B,RED PURSE WITH PINK HEART,8.75,2,7,0,2,2,0.0,8.75,1.25,0.0,4.0,4.38,34,0.20588235294117646,1
16207A,PINK STRAWBERRY HANDBAG ,38.35000000000001,4,13,0,5,5,0.0,38.35000000000001,2.95,0.0,3.0,7.67,323,0.04024767801857585,1
16207B,PINK HEART RED HANDBAG,11.31,3,4,0,3,2,0.0,11.31,2.7866666666666666,0.0,1.0,3.77,231,0.017316017316017316,1
16244B,MAXWELL 2 TONE BLUE 60 PAGE PHOTO A,7.85,2,7,0,2,2,0.0,7.85,1.225,0.0,4.0,3.92,15,0.4666666666666667,1
16248B,BLUE HOLE PUNCH,16.25,7,13,0,7,5,0.0,16.25,1.25,0.0,2.0,2.32,237,0.05485232067510549,1
16258A,SWIRLY CIRCULAR RUBBERS IN BAG,156.53,29,445,1,39,10,0.42,156.10999999999999,0.45820512820512815,0.002242152466367713,11.0,4.0,372,1.1989247311827957,2
17007B,S/3 POT POURI CUSHIONS BLUE COLOURS,50.400000000000006,2,24,0,2,2,0.0,50.400000000000006,2.1,0.0,12.0,25.2,185,0.12972972972972974,1
17011F,ORIGAMI SANDLEWOOD INCENSE+FLOWER,62.150000000000006,6,80,0,6,4,0.0,62.150000000000006,1.1333333333333335,0.0,13.0,10.36,154,0.5194805194805194,1
17012A,ORIGAMI VANILLA INCENSE/CANDLE SET ,244.89999999999998,21,270,0,24,11,0.0,244.89999999999998,1.1079999999999999,0.0,11.0,10.2,352,0.7670454545454546,2
17012B,ORIGAMI JASMINE INCENSE/CANDLE SET,422.54999999999995,33,455,0,36,12,0.0,422.54999999999995,1.0763888888888888,0.0,13.0,11.74,356,1.2780898876404494,2
17012C,ORIGAMI LAVENDER INCENSE/CANDL SET ,341.79999999999995,37,362,0,43,11,0.0,341.79999999999995,1.1186046511627907,0.0,8.0,7.95,358,1.011173184357542,2
17012D,ORIGAMI ROSE INCENSE/CANDLE SET ,362.95,35,385,0,44,9,0.0,362.95,1.0818181818181818,0.0,9.0,8.25,364,1.0576923076923077,2
17012E,ORIGAMI OPIUM INCENSE/CANDLE SET ,40.05,3,35,0,3,1,0.0,40.05,1.8666666666666665,0.0,12.0,13.35,6,5.833333333333333,1
17012F,ORIGAMI SANDLEWOOD INCENSE/CAND SET,329.05,33,365,0,42,9,0.0,329.05,1.0035714285714286,0.0,9.0,7.83,364,1.0027472527472527,2
17013D,ORIGAMI ROSE INCENSE IN TUBE,257.88,10,532,0,11,7,0.0,257.88,0.8672727272727272,0.0,48.0,23.44,175,3.04,2
17014A,ORIGAMI VANILLA INCENSE CONES,67.83,7,154,0,7,6,0.0,67.83,0.6071428571428571,0.0,22.0,9.69,194,0.7938144329896907,2
17028J,INCENSE BAZAAR PEACH,2.52,1,6,0,1,1,0.0,2.52,0.42,0.0,6.0,2.52,1,6.0,1
17084A,TRANQUILITY MASALA INCENSE,42.0,7,200,0,7,7,0.0,42.0,0.21,0.0,29.0,6.0,225,0.8888888888888888,2
17084J,LOVE POTION MASALA INCENSE,47.25,8,225,0,8,7,0.0,47.25,0.21,0.0,28.0,5.91,281,0.800711743772242,2
17084N,FAIRY DREAMS INCENSE ,212.75,25,1025,0,32,12,0.0,212.75,0.2084375,0.0,32.0,6.65,365,2.808219178082192,2
17084P,DRAGONS BLOOD INCENSE,73.29,12,349,0,13,10,0.0,73.29,0.21,0.0,27.0,5.64,336,1.0386904761904763,2
17084R,ASSORTED INCENSE PACK,760.3199999999999,16,4032,0,27,10,0.0,760.3199999999999,0.20259259259259257,0.0,149.0,28.16,368,10.956521739130435,2
17090A,LAVENDER INCENSE 40 CONES IN TIN,107.44999999999999,9,109,0,10,8,0.0,107.44999999999999,1.17,0.0,11.0,10.74,357,0.30532212885154064,1
17090D,VANILLA INCENSE 40 CONES IN TIN,36.25,6,29,0,12,6,0.0,36.25,1.25,0.0,2.0,3.02,221,0.13122171945701358,1
17091A,LAVENDER INCENSE IN TIN,98.91,19,171,0,25,6,0.0,98.91,0.7976000000000001,0.0,7.0,3.96,169,1.0118343195266273,2
17091J,VANILLA INCENSE IN TIN,876.34,66,2066,0,87,12,0.0,876.34,0.5476923076923077,0.0,24.0,10.07,371,5.568733153638814,2
17107D,FLOWER FAIRY 5 DRAWER LINERS,150.45,18,59,0,20,5,0.0,150.45,2.55,0.0,3.0,7.52,368,0.16032608695652173,1
17107D,FLOWER FAIRY 5 SUMMER DRAW LINERS,15.299999999999999,1,6,0,1,1,0.0,15.299999999999999,2.55,0.0,6.0,15.3,368,0.016304347826086956,1
17107D,"FLOWER FAIRY,5 SUMMER B'DRAW LINERS",267.75,24,105,0,25,7,0.0,267.75,2.55,0.0,4.0,10.71,368,0.28532608695652173,2
17109D,FLOWER FAIRY INCENSE BOUQUET,32.349999999999994,4,61,0,5,3,0.0,32.349999999999994,0.9039999999999999,0.0,12.0,6.47,138,0.4420289855072464,1
17129F,BLUE GLASS GEMS IN BAG,291.25,11,427,2,20,9,1.7,289.55,0.844,0.004662004662004662,21.0,14.48,241,1.7800829875518671,2
17136A,BLUE STONES ON WIRE FOR CANDLE,29.59,16,352,0,17,10,0.0,29.59,0.10294117647058823,0.0,21.0,1.74,276,1.2753623188405796,2
17164B,ASS COL SMALL SAND GECKO P'WEIGHT,11.34,9,27,0,9,2,0.0,11.34,0.42,0.0,3.0,1.26,57,0.47368421052631576,1
17165D,ASS COL LARGE SAND FROG P'WEIGHT,28.35,6,27,0,7,2,0.0,28.35,1.05,0.0,4.0,4.05,34,0.7941176470588235,1
17191A,ROSE FLOWER CANDLE+INCENSE 16X16CM,15.0,1,4,0,2,2,0.0,15.0,3.75,0.0,2.0,7.5,21,0.19047619047619047,1
18094C,WHITE AND BLUE CERAMIC OIL BURNER,153.1,13,134,0,15,8,0.0,153.1,1.1966666666666665,0.0,9.0,10.21,305,0.43934426229508194,2
18097A,PINK TALL PORCELAIN T-LIGHT HOLDER ,12.75,4,5,0,4,3,0.0,12.75,2.55,0.0,1.0,3.19,203,0.024630541871921183,1
18097C,WHITE TALL PORCELAIN T-LIGHT HOLDER,1461.15,43,669,292,54,12,571.8000000000001,889.35,2.494444444444444,0.30385015608740895,18.0,16.47,351,2.737891737891738,0
18098C,PORCELAIN BUTTERFLY OIL BURNER,540.5500000000001,24,193,0,36,8,0.0,540.5500000000001,2.918421052631579,0.0,5.0,15.02,246,0.7845528455284553,2
35001G,HAND OPEN SHAPE GOLD,506.58,23,156,0,24,9,0.0,506.58,3.602692307692308,0.0,6.0,21.11,371,0.42048517520215634,2
35001W,HAND OPEN SHAPE DECO.WHITE,270.02000000000004,5,92,1,6,1,3.49,266.53000000000003,3.151666666666667,0.010752688172043012,16.0,44.42,11,8.454545454545455,2
35004B,SET OF 3 BLACK FLYING DUCKS,2251.15,32,475,30,55,12,136.8,2114.35,4.981578947368421,0.0594059405940594,9.0,38.44,374,1.3502673796791445,0
35004C,SET OF 3 COLOURED  FLYING DUCKS,1882.65,28,393,36,46,4,170.6,1712.0500000000002,5.171739130434783,0.08391608391608392,9.0,37.22,97,4.422680412371134,0
35004G,SET OF 3 GOLD FLYING DUCKS,448.3,17,126,2,21,9,3.9,444.4,5.140476190476191,0.015625,6.0,21.16,372,0.34408602150537637,0
35004P,SET OF 3 PINK FLYING DUCKS,5.45,1,1,0,1,1,0.0,5.45,5.45,0.0,1.0,5.45,1,1.0,1
35095A,BLUE VICTORIAN FABRIC OVAL BOX,293.82,29,811,0,34,11,0.0,293.82,0.41617647058823526,0.0,24.0,8.64,322,2.518633540372671,2
35095B,RED VICTORIAN FABRIC OVAL BOX,277.44,36,772,0,41,12,0.0,277.44,0.4168292682926829,0.0,19.0,6.77,358,2.1564245810055866,2
35271S,GOLD PRINT PAPER BAG,3.6100000000000003,2,19,0,2,1,0.0,3.6100000000000003,0.19,0.0,10.0,1.81,1,19.0,1
35471D,SET OF 3 BIRD LIGHT PINK FEATHER ,690.0,115,1654,2,139,12,2.5,687.5,0.48537414965986403,0.0012077294685990338,12.0,4.95,369,4.487804878048781,2
35591T,TURQUOISE CHRISTMAS TREE ,6.25,4,5,0,4,3,0.0,6.25,1.25,0.0,1.0,1.56,355,0.014084507042253521,1
35597A,DUSTY PINK CHRISTMAS TREE 30CM,1.25,1,1,0,1,1,0.0,1.25,1.25,0.0,1.0,1.25,1,1.0,1
35597B,BLACKCHRISTMAS TREE 30CM,1.25,1,1,0,1,1,0.0,1.25,1.25,0.0,1.0,1.25,1,1.0,1
35597D,PINK/WHITE CHRISTMAS TREE 30CM,17.48,2,46,0,2,2,0.0,17.48,0.38,0.0,23.0,8.74,17,2.7058823529411766,1
35598A,DUSTY PINK CHRISTMAS TREE 60CM,26.550000000000004,2,9,0,2,1,0.0,26.550000000000004,2.95,0.0,4.0,13.28,5,1.8,1
35598B,BLACK CHRISTMAS TREE 60CM,433.70000000000005,20,554,0,22,6,0.0,433.70000000000005,1.2772727272727273,0.0,25.0,19.71,365,1.5178082191780822,2
35598C,WHITE CHRISTMAS TREE 60CM,5.9,2,2,0,2,1,0.0,5.9,2.95,0.0,1.0,2.95,11,0.18181818181818182,1
35598D,PINK/WHITE CHRISTMAS TREE 60CM,433.22,24,660,1,25,9,0.65,432.57,0.7464,0.0015128593040847202,26.0,17.3,368,1.796195652173913,2
35599B,BLACK CHRISTMAS TREE 120CM,503.85,19,209,0,23,5,0.0,503.85,3.033478260869565,0.0,9.0,21.91,354,0.5903954802259888,2
35599D,PINK AND WHITE CHRISTMAS TREE 120CM,465.38,17,186,0,19,7,0.0,465.38,2.573157894736842,0.0,10.0,24.49,213,0.8732394366197183,2
35607A,PINK FLUFFY CHRISTMAS DECORATION,4.5600000000000005,1,24,0,1,1,0.0,4.5600000000000005,0.19,0.0,24.0,4.56,1,24.0,1
35607B,BLACK FEATHER CHRISTMAS DECORATION,18.240000000000002,7,96,0,7,5,0.0,18.240000000000002,0.19,0.0,14.0,2.61,193,0.49740932642487046,1
35610A,PINK CHRISTMAS FLOCK DROPLET ,10.0,1,8,0,1,1,0.0,10.0,1.25,0.0,8.0,10.0,1,8.0,1
35610B,BLACK CHRISTMAS FLOCK DROPLET ,30.0,1,24,0,1,1,0.0,30.0,1.25,0.0,24.0,30.0,1,24.0,1
35610C,WHITE CHRISTMAS FLOCK DROPLET ,30.0,1,24,0,1,1,0.0,30.0,1.25,0.0,24.0,30.0,1,24.0,1
35637A,IVORY STRING CURTAIN WITH POLE ,363.7,23,166,0,24,8,0.0,363.7,2.6166666666666667,0.0,7.0,15.15,286,0.5804195804195804,2
35637C,PINK STRING CURTAIN WITH POLE,62.6,7,28,0,7,4,0.0,62.6,2.5214285714285714,0.0,4.0,8.94,278,0.10071942446043165,1
35638A,PINK AND BLACK STRING CURTAIN,82.1,5,38,0,5,5,0.0,82.1,3.55,0.0,8.0,16.42,273,0.1391941391941392,1
35638B,PINK/BLUE STRING CURTAIN ,109.2,4,56,0,4,4,0.0,109.2,1.95,0.0,14.0,27.3,122,0.45901639344262296,1
35809A,ENAMEL PINK TEA CONTAINER,374.10999999999996,37,388,0,40,7,0.0,374.10999999999996,1.1087804878048781,0.0,10.0,9.35,174,2.2298850574712645,2
35809B,ENAMEL BLUE RIM TEA CONTAINER,9.18,3,8,0,3,1,0.0,9.18,1.6766666666666667,0.0,3.0,3.06,8,1.0,1
35810A,ENAMEL PINK COFFEE CONTAINER,545.38,46,602,0,52,11,0.0,545.38,1.021698113207547,0.0,12.0,10.49,318,1.8930817610062893,2
35810B,ENAMEL BLUE RIM COFFEE CONTAINER,155.03,18,147,13,23,9,10.79,144.23999999999998,1.161304347826087,0.08125,7.0,6.27,361,0.44321329639889195,0
35815P,"ACRYLIC JEWEL SNOWFLAKE, PINK",63.28000000000001,5,162,0,5,3,0.0,63.28000000000001,0.724,0.0,32.0,12.66,231,0.7012987012987013,2
35816P,"ACRYLIC JEWEL ANGEL,PINK",29.64,2,78,0,2,1,0.0,29.64,0.38,0.0,39.0,14.82,5,15.6,2
35817P,"ACRYLIC JEWEL SNOWFLAKE,PINK",15.299999999999999,1,6,0,1,1,0.0,15.299999999999999,2.55,0.0,6.0,15.3,241,0.024896265560165973,1
35817P,PINK ACRYLIC JEWEL SNOWFLAKE,4.5600000000000005,1,12,0,1,1,0.0,4.5600000000000005,0.38,0.0,12.0,4.56,241,0.04979253112033195,1
35818B,"ACRYLIC JEWEL ICICLE, BLUE",11.780000000000001,3,31,0,3,3,0.0,11.780000000000001,0.38000000000000006,0.0,10.0,3.93,78,0.3974358974358974,1
35818P,"ACRYLIC JEWEL ICICLE, PINK",99.18,15,261,0,17,5,0.0,99.18,0.38,0.0,15.0,5.83,182,1.434065934065934,2
35819B,"ACRYLIC HANGING JEWEL,BLUE",101.08,19,266,0,22,4,0.0,101.08,0.38,0.0,12.0,4.59,92,2.891304347826087,2
35819P,"ACRYLIC HANGING JEWEL,PINK",66.55,7,95,0,7,3,0.0,66.55,0.5042857142857143,0.0,14.0,9.51,59,1.6101694915254237,2
35833P,4 PINK FLOCK CHRISTMAS BALLS,45.0,8,36,0,11,5,0.0,45.0,1.25,0.0,3.0,4.09,351,0.10256410256410256,1
35909A,RABBIT EASTER DECORATION,23.6,3,8,0,3,3,0.0,23.6,2.9500000000000006,0.0,3.0,7.87,111,0.07207207207207207,1
35909B,PINK FLOWERS RABBIT EASTER,23.6,2,8,0,2,2,0.0,23.6,2.95,0.0,4.0,11.8,120,0.06666666666666667,1
35910A,MULTICOLOUR EASTER RABBIT ,39.0,4,20,0,4,3,0.0,39.0,1.95,0.0,5.0,9.75,82,0.24390243902439024,1
35910B,PINK FLOWERS RABBIT EASTER,25.349999999999998,3,13,0,3,2,0.0,25.349999999999998,1.95,0.0,4.0,8.45,233,0.055793991416309016,1
35911A,MULTICOLOUR RABBIT EGG WARMER,194.14999999999998,23,205,0,25,8,0.0,194.14999999999998,1.0984,0.0,8.0,7.77,324,0.6327160493827161,2
35911B,PINK/FLOWER RABBIT EGG WARMER ,35.7,4,17,0,4,2,0.0,35.7,2.1,0.0,4.0,8.93,43,0.3953488372093023,1
35912B,WHITE/PINK CHICK DECORATION,283.89,15,249,0,18,7,0.0,283.89,1.228888888888889,0.0,14.0,15.77,291,0.8556701030927835,2
35913B,WHITE/PINK CHICK EASTER DECORATION,28.9,8,34,0,9,5,0.0,28.9,0.85,0.0,4.0,3.21,285,0.11929824561403508,1
35915B,BLUE KNITTED HEN ,150.14999999999998,14,91,0,14,3,0.0,150.14999999999998,1.65,0.0,6.0,10.72,109,0.8348623853211009,1
35915C,PEACH KNITTED HEN ,80.85,8,49,0,8,4,0.0,80.85,1.65,0.0,6.0,10.11,65,0.7538461538461538,1
35916A,YELLOW FELT HANGING HEART W FLOWER,17.0,3,20,0,3,3,0.0,17.0,0.85,0.0,7.0,5.67,167,0.11976047904191617,1
35916B,BLUE FELT HANGING HEART WITH FLOWER,5.1,1,6,0,1,1,0.0,5.1,0.85,0.0,6.0,5.1,1,6.0,1
35916C,PINK FELT HANGING HEART W FLOWER,45.9,5,54,0,5,3,0.0,45.9,0.85,0.0,11.0,9.18,174,0.3103448275862069,1
37379A,PINK CHERRY BLOSSOM CUP & SAUCER,7.5,1,6,0,1,1,0.0,7.5,1.25,0.0,6.0,7.5,1,6.0,1
37444A,YELLOW BREAKFAST CUP AND SAUCER,31.130000000000003,9,47,0,14,7,0.0,31.130000000000003,0.9385714285714286,0.0,3.0,2.22,225,0.2088888888888889,1
37444B,BLUE BREAKFAST CUP AND SAUCER ,11.8,2,4,0,3,3,0.0,11.8,2.9500000000000006,0.0,1.0,3.93,109,0.03669724770642202,1
37444C,PINK BREAKFAST CUP AND SAUCER ,30.45,5,19,0,7,3,0.0,30.45,1.487142857142857,0.0,3.0,4.35,118,0.16101694915254236,1
37462E,"PET MUG, GOLDFISH",5.59,4,27,0,4,4,0.0,5.59,0.2475,0.0,7.0,1.4,299,0.0903010033444816,1
37479B,CUBIC MUG FLOCK BLUE ON BROWN,60.33,16,127,0,17,6,0.0,60.33,0.898235294117647,0.0,7.0,3.55,192,0.6614583333333334,2
37479P,CUBIC MUG FLOCK PINK ON BROWN,52.5,15,118,0,20,9,0.0,52.5,0.5957142857142858,0.0,6.0,2.62,336,0.35119047619047616,2
37482P,CUBIC MUG PINK POLKADOT,216.26999999999998,30,477,0,34,4,0.0,216.26999999999998,0.6368571428571428,0.0,14.0,6.36,129,3.697674418604651,2
37487B,YELLOW/ORANGE FLOWER DESIGN PLATE,19.72,2,68,0,2,1,0.0,19.72,0.29,0.0,34.0,9.86,2,34.0,2
37488A,YELLOW PINK FLOWER DESIGN BIG BOWL,10.92,3,28,0,3,2,0.0,10.92,0.38999999999999996,0.0,9.0,3.64,24,1.1666666666666667,1
37489A,YELLOW/PINK FLOWER DESIGN BIG MUG,14.43,14,33,0,14,9,0.0,14.43,0.494,0.0,2.0,1.03,353,0.09348441926345609,1
37489B,BLUE/YELLOW FLOWER DESIGN BIG MUG,16.77,12,31,0,12,8,0.0,16.77,0.65,0.0,3.0,1.4,353,0.08781869688385269,1
37489C,GREEN/BLUE FLOWER DESIGN BIG MUG,13.65,8,23,0,8,6,0.0,13.65,0.78,0.0,3.0,1.71,286,0.08041958041958042,1
37489D,PINK/GREEN FLOWER DESIGN BIG MUG,17.16,16,40,0,16,9,0.0,17.16,0.48176470588235293,0.0,2.0,1.07,368,0.10869565217391304,1
37491B,BLUE/YELLOW CERAMIC CANDLE HOLDER,6.6,1,4,0,1,1,0.0,6.6,1.65,0.0,4.0,6.6,1,4.0,1
37491C,GREEN/BLUE CERAMIC CANDLE HOLDER,13.2,1,8,0,1,1,0.0,13.2,1.65,0.0,8.0,13.2,1,8.0,1
37491D,PURPLE/BLUE CERAMIC CANDLE HOLDER,3.3,1,2,0,1,1,0.0,3.3,1.65,0.0,2.0,3.3,1,2.0,1
40005B,BLUE ORGANDY ROUND LAMPSHADE W BEA,10.2,4,12,0,4,3,0.0,10.2,0.85,0.0,3.0,2.55,351,0.03418803418803419,1
40046A,RED DAISY PAPER LAMPSHADE,62.5,6,50,0,6,5,0.0,62.5,1.25,0.0,8.0,10.42,269,0.18587360594795538,1
44089A,PINK GAUZE BUTTERFLY LAMPSHADE,6.3,4,15,0,4,4,0.0,6.3,0.42,0.0,4.0,1.58,298,0.050335570469798654,1
44089C,LILAC GAUZE BUTTERFLY LAMPSHADE,10.08,6,24,0,6,4,0.0,10.08,0.42,0.0,4.0,1.68,222,0.10810810810810811,1
44091A,BLUE CRUSOE CHECK LAMPSHADE,3.78,3,9,0,3,2,0.0,3.78,0.42,0.0,3.0,1.26,191,0.04712041884816754,1
44092B,BLUE WHITE PLASTIC RINGS LAMPSHADE,11.899999999999999,4,14,0,5,5,0.0,11.899999999999999,0.85,0.0,3.0,2.38,198,0.0707070707070707,1
44092C,PURPLE/COPPER HANGING LAMPSHADE,15.299999999999999,5,18,0,6,5,0.0,15.299999999999999,0.85,0.0,3.0,2.55,242,0.0743801652892562,1
44242A,LILAC FEATHERS CURTAIN,9.48,1,12,0,1,1,0.0,9.48,0.79,0.0,12.0,9.48,1,12.0,1
44242B,PINK FEATHERS CURTAIN,50.28,3,52,0,3,2,0.0,50.28,0.9433333333333334,0.0,17.0,16.76,166,0.3132530120481928,1
46000M,POLYESTER FILLER PAD 45x45cm,1562.4,92,1008,1,134,12,1.55,1560.8500000000001,1.55,0.0009910802775024777,8.0,11.65,372,2.7123655913978495,2
46000P,POLYESTER FILLER PAD 65CMx65CM,72.25,5,17,0,5,3,0.0,72.25,4.25,0.0,3.0,14.45,273,0.06227106227106227,1
46000R,POLYESTER FILLER PAD 45x30cm,146.45,22,101,0,37,11,0.0,146.45,1.45,0.0,3.0,3.96,371,0.2722371967654987,2
46000S,POLYESTER FILLER PAD 40x40cm,2248.95,128,1551,44,185,12,63.8,2185.15,1.45,0.027586206896551724,9.0,11.81,373,4.2761394101876675,3
46000U,POLYESTER FILLER PAD 30CMx30CM,133.75,16,107,0,26,10,0.0,133.75,1.25,0.0,4.0,5.14,352,0.3039772727272727,1
46115B,GREEN POP ART MAO CUSHION COVER ,2.2800000000000002,1,12,0,2,2,0.0,2.2800000000000002,0.19,0.0,6.0,1.14,88,0.13636363636363635,1
46126A,ELVIS WALLHANGING / CURTAIN,60.0,5,48,0,6,3,0.0,60.0,1.25,0.0,8.0,10.0,58,0.8275862068965517,1
46138B,BLUE CHENILLE SHAGGY CUSHION COVER ,43.15,8,43,13,14,7,11.05,32.1,1.0071428571428571,0.23214285714285715,4.0,2.29,325,0.1723076923076923,0
46775D,SUNSET COLOUR CHUNKY KNITTED THROW,406.79999999999995,12,24,0,13,7,0.0,406.79999999999995,16.95,0.0,2.0,31.29,315,0.0761904761904762,1
46776A,WOVEN BUBBLE GUM CUSHION COVER,69.30000000000001,6,14,0,6,5,0.0,69.30000000000001,4.95,0.0,2.0,11.55,208,0.0673076923076923,1
46776B,WOVEN BERRIES CUSHION COVER ,74.25,6,15,0,7,7,0.0,74.25,4.95,0.0,2.0,10.61,287,0.05226480836236934,1
46776C,WOVEN FROST CUSHION COVER,54.45,6,11,0,6,5,0.0,54.45,4.95,0.0,2.0,9.08,274,0.040145985401459854,1
46776D,WOVEN SUNSET CUSHION COVER ,59.400000000000006,3,12,0,3,3,0.0,59.400000000000006,4.95,0.0,4.0,19.8,157,0.07643312101910828,1
46776E,WOVEN CANDY CUSHION COVER ,69.3,5,14,0,5,5,0.0,69.3,4.95,0.0,3.0,13.86,255,0.054901960784313725,1
46776F,WOVEN ROSE GARDEN CUSHION COVER ,94.05000000000001,6,19,0,8,5,0.0,94.05000000000001,4.95,0.0,2.0,11.76,232,0.08189655172413793,1
47013A,WINE BOTTLE DRESSING LT.BLUE,3.0399999999999996,4,14,0,4,2,0.0,3.0399999999999996,0.205,0.0,4.0,0.76,33,0.42424242424242425,1
47013C,WINE BOTTLE DRESSING DARK BLUE,5.5,7,43,12,8,3,1.44,4.0600000000000005,0.14125,0.21818181818181817,7.0,0.51,89,0.6179775280898876,1
47021G,SET/6 BEAD COASTERS GAUZE BAG GOLD,230.39999999999998,12,518,0,15,5,0.0,230.39999999999998,0.6193333333333334,0.0,35.0,15.36,203,2.5517241379310347,2
47310M,SMALL POP BOX FUNKY MONKEY,210.48,20,172,0,34,6,0.0,210.48,1.356857142857143,0.0,5.0,6.19,367,0.46866485013623976,2
47310M,"SMALL POP BOX,FUNKY MONKEY",116.25,8,93,0,13,6,0.0,116.25,1.25,0.0,7.0,8.94,367,0.25340599455040874,1
47341A,FUSCHIA TABLE RUN FLOWER ,38.75,5,27,0,5,4,0.0,38.75,1.75,0.0,5.0,7.75,111,0.24324324324324326,1
47341B,BLUE TABLE RUN FLOWER,56.25,11,45,0,11,7,0.0,56.25,1.25,0.0,4.0,5.11,218,0.20642201834862386,1
47343A,FUSCHIA FLOWER PURSE WITH BEADS,145.17,13,159,0,14,6,0.0,145.17,0.9714285714285714,0.0,11.0,10.37,248,0.6411290322580645,2
47344B,BLUE FLOWER DES PURSE,43.66,6,44,0,6,4,0.0,43.66,0.9700000000000001,0.0,7.0,7.28,74,0.5945945945945946,1
47348A,FUSCHIA VOILE POINTY SHOE DEC,50.31,11,97,0,15,8,0.0,50.31,0.702,0.0,6.0,3.35,268,0.3619402985074627,1
47351B,BLUE  VOILE LAMPSHADE,234.5,7,86,48,10,8,122.39999999999999,112.10000000000002,2.87,0.3582089552238806,13.0,11.21,304,0.4407894736842105,0
47367B,PAIR PADDED HANGERS PINK CHECK,194.55,11,57,0,11,8,0.0,194.55,3.6772727272727277,0.0,5.0,17.69,325,0.1753846153846154,1
47369A,PINK GREEN EMBROIDERY COSMETIC BAG,23.6,6,8,0,6,3,0.0,23.6,2.9500000000000006,0.0,1.0,3.93,345,0.02318840579710145,1
47369B,BLUE GREEN EMBROIDERY COSMETIC BAG,11.690000000000001,3,3,0,3,2,0.0,11.690000000000001,3.896666666666667,0.0,1.0,3.9,359,0.008356545961002786,1
47503A,ASS FLORAL PRINT MULTI SCREWDRIVER,1251.61,123,2730,36,163,12,25.08,1226.53,0.5077976190476191,0.013015184381778741,17.0,7.52,349,7.925501432664756,3
47503H,ASS FLORAL PRINT SPIRIT LEVEL ,90.13,30,95,0,32,11,0.0,90.13,1.1214285714285714,0.0,3.0,2.82,369,0.25745257452574527,1
47503J,SET/3 FLORAL GARDEN TOOLS IN BAG,7.95,1,1,0,1,1,0.0,7.95,7.95,0.0,1.0,7.95,1,1.0,1
47504H,ENGLISH ROSE SPIRIT LEVEL ,860.88,69,948,4,93,12,5.0,855.88,1.2373118279569892,0.004201680672268907,10.0,9.2,373,2.552278820375335,2
47504K,ENGLISH ROSE GARDEN SECATEURS,1825.99,141,1957,12,175,12,9.48,1816.51,1.0931284916201118,0.006094464195022855,11.0,10.38,342,5.757309941520468,3
47518F,ICON PLACEMAT POP ART ELVIS,113.64,19,827,0,28,11,0.0,113.64,0.14142857142857143,0.0,30.0,4.06,327,2.529051987767584,2
47556B,TEA TIME TEA TOWELS ,6045.0,1,2600,0,2,2,0.0,6045.0,2.325,0.0,1300.0,3022.5,98,26.53061224489796,2
47559B,TEA TIME OVEN GLOVE,2412.92,152,2001,30,243,12,37.5,2375.42,1.2809795918367346,0.014771048744460856,8.0,9.78,372,5.459677419354839,3
47563A,RETRO LONGBOARD IRONING BOARD COVER,250.0,32,198,4,46,9,5.0,245.0,1.3043478260869565,0.019801980198019802,4.0,5.33,372,0.543010752688172,0
47566B,TEA TIME PARTY BUNTING,10430.400000000001,193,2288,1424,320,12,3692.9499999999994,6737.450000000001,4.833021806853583,0.38362068965517243,12.0,21.05,368,10.08695652173913,3
47567B,TEA TIME KITCHEN APRON,3248.07,81,585,8,125,12,46.3,3201.7700000000004,5.939761904761905,0.013490725126475547,5.0,25.61,369,1.6070460704607046,0
47570B,TEA TIME TABLE CLOTH,1642.68,23,180,0,26,4,0.0,1642.68,10.400769230769232,0.0,7.0,63.18,119,1.5126050420168067,2
47574A,ENGLISH ROSE SCENTED HANGING FLOWER,365.5,37,422,2,51,9,1.5,364.0,1.2211538461538463,0.0047169811320754715,8.0,7.14,305,1.3901639344262295,2
47574B,ENGLISH ROSE SCENTED HANGING HEART,17.0,2,4,0,2,1,0.0,17.0,4.25,0.0,2.0,8.5,3,1.3333333333333333,1
47578A,ENGLISH ROSE SMALL SCENTED FLOWER,163.2,26,192,0,27,12,0.0,163.2,0.85,0.0,7.0,6.04,360,0.5333333333333333,2
47585A,PINK FAIRY CAKE CUSHION COVER,382.5,23,102,0,27,11,0.0,382.5,3.75,0.0,4.0,14.17,343,0.29737609329446063,2
47586A,PINK FAIRY CAKE CUSHION COVER,53.55,7,21,0,8,7,0.0,53.55,2.55,0.0,3.0,6.69,352,0.05965909090909091,1
47590A,BLUE HAPPY BIRTHDAY BUNTING,10096.62,228,1948,24,358,12,114.80000000000001,9981.820000000002,5.4656983240223465,0.012170385395537525,6.0,27.88,366,5.387978142076503,3
47590B,PINK HAPPY BIRTHDAY BUNTING,11666.35,238,2283,26,363,12,124.1,11542.250000000002,5.408241758241759,0.01126028583802512,6.0,31.8,371,6.223719676549865,3
47591B,SCOTTIES CHILDRENS APRON,62.699999999999996,9,38,0,10,2,0.0,62.699999999999996,1.65,0.0,4.0,6.27,54,0.7037037037037037,1
47591D,PINK FAIRY CAKE CHILDRENS APRON,5815.5599999999995,252,3140,2,399,12,3.9,5811.66,1.9739598997493735,0.0006365372374283895,8.0,14.57,372,8.446236559139784,3
47593A,CAROUSEL PONIES BABY BIB,14.37,10,33,0,12,4,0.0,14.37,0.5853846153846154,0.0,3.0,1.2,108,0.3055555555555556,1
47593B,SCOTTIE DOGS BABY BIB,676.39,68,1663,0,94,12,0.0,676.39,0.4895833333333333,0.0,18.0,7.2,368,4.519021739130435,2
47594A,CAROUSEL DESIGN WASHBAG,101.39999999999999,28,52,9,31,10,17.55,83.85,1.95,0.14754098360655737,2.0,2.7,354,0.17231638418079095,0
47594B,SCOTTIES DESIGN WASHBAG,177.45,26,91,4,33,12,7.8,169.65,1.9499999999999997,0.042105263157894736,3.0,5.14,328,0.2896341463414634,0
47599A,PINK PARTY BAGS,4481.62,102,2409,6,145,12,12.600000000000001,4469.02,2.0693197278911564,0.002484472049689441,17.0,30.82,367,6.580381471389646,3
47599B,BLUE PARTY BAGS ,2728.94,70,1451,52,110,12,109.2,2619.7400000000002,2.0776363636363637,0.034597471723220224,14.0,23.82,367,4.0953678474114446,3
48173C,DOORMAT BLACK FLOCK ,9797.75,106,1784,4,175,12,33.0,9764.75,7.7444,0.0022371364653243847,10.0,55.8,370,4.832432432432433,3
51014A,"FEATHER PEN,HOT PINK",1758.8899999999999,106,3573,72,158,12,61.199999999999996,1697.6899999999998,0.5151265822784811,0.019753086419753086,23.0,10.74,372,9.798387096774194,3
51014C,"FEATHER PEN,COAL BLACK",1170.8999999999999,71,2438,110,114,12,42.9,1128.0,0.5360869565217391,0.04317111459968603,22.0,9.89,373,6.831099195710456,3
51014L,"FEATHER PEN,LIGHT PINK",941.3399999999999,72,1924,84,107,12,65.88,875.4599999999999,0.5352777777777779,0.04183266932270916,19.0,8.18,370,5.427027027027027,3
51020A,SUMMER FUN DESIGN SHOWER CAP,116.32999999999998,16,325,2,19,5,0.58,115.74999999999999,0.5426315789473685,0.0061162079510703364,17.0,6.09,143,2.2867132867132867,2
51020B,STRIPY DESIGN SHOWER CAP,70.57,13,197,1,16,4,0.29,70.27999999999999,0.65,0.005050505050505051,12.0,4.39,143,1.3846153846153846,2
62043B,BLUE CHECK BAG W HANDLE 34X20CM,14.11,5,17,1,6,2,0.83,13.28,0.83,0.05555555555555555,3.0,2.21,23,0.782608695652174,1
62074B,ELEPHANT CLIP W SUCTION CUP,6.72,4,16,0,4,4,0.0,6.72,0.42,0.0,4.0,1.68,162,0.09876543209876543,1
62086A,PINK RETRO BIG FLOWER BAG,167.7,13,86,0,13,6,0.0,167.7,1.9499999999999997,0.0,7.0,12.9,162,0.5308641975308642,1
62094B,TURQ ICE CREAM BUM BAG ,33.15,2,13,0,3,2,0.0,33.15,2.55,0.0,4.0,11.05,44,0.29545454545454547,1
62096A,PINK/YELLOW FLOWERS HANDBAG,132.5,7,106,0,8,3,0.0,132.5,1.25,0.0,13.0,16.56,85,1.2470588235294118,2
62096B,PURPLE/TURQ FLOWERS HANDBAG,2.5,1,2,0,1,1,0.0,2.5,1.25,0.0,2.0,2.5,1,2.0,1
62097B,BLUE STRIPES SHOULDER BAG,7.469999999999999,2,9,0,3,2,0.0,7.469999999999999,0.83,0.0,3.0,2.49,26,0.34615384615384615,1
71101E,STANDING FAIRY POLE SUPPORT ,278.5,17,346,0,22,10,0.0,278.5,0.8322727272727272,0.0,16.0,12.66,303,1.141914191419142,2
71406C,BLACK ORANGE SQUEEZER,57.96,13,138,0,21,11,0.0,57.96,0.42000000000000004,0.0,7.0,2.76,364,0.3791208791208791,2
71495A,CD WALL TIDY BLUE OFFICE,34.56,2,96,0,2,2,0.0,34.56,0.36,0.0,48.0,17.28,211,0.4549763033175355,1
71495B,CD WALL TIDY RED FLOWERS,58.56,4,160,0,5,5,0.0,58.56,0.384,0.0,32.0,11.71,351,0.45584045584045585,2
71496A,A4 WALL TIDY BLUE OFFICE,61.86000000000001,5,114,0,5,5,0.0,61.86000000000001,0.554,0.0,23.0,12.37,330,0.34545454545454546,2
71496B,A4 WALL TIDY RED FLOWERS,7.37,4,13,0,4,3,0.0,7.37,0.56,0.0,3.0,1.84,276,0.04710144927536232,1
72024U,LILAC VOTIVE CANDLE,15.120000000000001,3,72,0,3,2,0.0,15.120000000000001,0.21,0.0,24.0,5.04,63,1.1428571428571428,1
72051S,BAG OF SILVER STONES,18.9,5,45,0,5,4,0.0,18.9,0.42000000000000004,0.0,9.0,3.78,129,0.3488372093023256,1
72140E,BEST DAD CANDLE LETTERS,26.349999999999998,8,31,1,9,5,0.85,25.499999999999996,0.85,0.03125,4.0,2.83,232,0.13793103448275862,1
72225C,LAVENDER SCENT CAKE CANDLE,158.64,12,600,0,16,10,0.0,158.64,0.27999999999999997,0.0,38.0,9.91,344,1.744186046511628,2
72349B,SET/6 PURPLE BUTTERFLY T-LIGHTS,1314.78,51,687,0,91,12,0.0,1314.78,2.0823655913978496,0.0,8.0,14.45,369,1.8617886178861789,2
72351A,SET/6 TURQUOISE BUTTERFLY T-LIGHTS,2384.76,78,1234,0,133,12,0.0,2384.76,2.0819117647058825,0.0,9.0,17.93,368,3.3532608695652173,2
72351B,SET/6 PINK  BUTTERFLY T-LIGHTS,3856.04,88,2058,3,159,12,6.300000000000001,3849.7400000000002,2.0718125,0.001455604075691412,13.0,24.21,367,5.615803814713897,3
72369A,PINK CLEAR GLASS CANDLE PLATE,35.0,3,28,0,3,3,0.0,35.0,1.25,0.0,9.0,11.67,160,0.175,1
72760B,VINTAGE CREAM 3 BASKET CAKE STAND,3667.2299999999996,105,385,2,137,12,14.6,3652.6299999999997,9.847372262773723,0.00516795865633075,3.0,26.66,372,1.0403225806451613,0
72798C,SET/4 GARDEN ROSE DINNER CANDLE,11.549999999999999,3,7,0,3,3,0.0,11.549999999999999,1.6499999999999997,0.0,2.0,3.85,64,0.109375,1
72799C,PINK PILLAR CANDLE SILVER FLOCK,123.68,17,80,0,18,6,0.0,123.68,2.23,0.0,4.0,6.87,319,0.2507836990595611,1
72799E,IVORY PILLAR CANDLE SILVER FLOCK,725.19,44,393,6,49,10,17.700000000000003,707.4900000000001,2.5612,0.015037593984962405,8.0,14.44,371,1.0754716981132075,0
72799F,IVORY PILLAR CANDLE GOLD FLOCK,365.05,19,127,0,21,9,0.0,365.05,2.930952380952381,0.0,6.0,17.38,355,0.35774647887323946,2
72800B, 4 PURPLE FLOCK DINNER CANDLES,265.65999999999997,31,138,0,36,11,0.0,265.65999999999997,2.312162162162162,0.0,4.0,7.38,372,0.3709677419354839,2
72800C,4 PINK DINNER CANDLE SILVER FLOCK,229.95999999999998,26,124,0,30,10,0.0,229.95999999999998,2.2566666666666664,0.0,4.0,7.67,357,0.3473389355742297,2
72800D,4 BLUE DINNER CANDLES SILVER FLOCK,216.74999999999997,20,85,0,29,11,0.0,216.74999999999997,2.55,0.0,3.0,7.47,359,0.23676880222841226,1
72800E,4 IVORY DINNER CANDLES SILVER FLOCK,913.74,62,450,0,96,12,0.0,913.74,2.308989898989899,0.0,5.0,9.52,373,1.2064343163538873,2
72801C,4 ROSE PINK DINNER CANDLES,163.38,13,138,0,14,8,0.0,163.38,1.2364285714285714,0.0,10.0,11.67,372,0.3709677419354839,2
72801D,4 SKY BLUE DINNER CANDLES,72.5,10,58,0,12,6,0.0,72.5,1.25,0.0,5.0,6.04,372,0.15591397849462366,1
72801G,4 BURGUNDY WINE DINNER CANDLES,53.75,9,43,0,11,8,0.0,53.75,1.25,0.0,4.0,4.89,345,0.1246376811594203,1
72802A,ROSE SCENT CANDLE IN JEWELLED BOX,1271.67,44,315,4,59,12,16.12,1255.55,4.364,0.012539184952978056,5.0,21.28,363,0.8787878787878788,0
72802B,OCEAN SCENT CANDLE IN JEWELLED BOX,1749.94,55,968,400,80,12,456.5,1293.44,3.90775,0.29239766081871343,17.0,16.17,337,4.059347181008902,0
72802C,VANILLA SCENT CANDLE JEWELLED BOX,2541.12,64,1374,505,92,12,579.81,1961.31,3.94,0.2687599787120809,20.0,21.32,365,5.147945205479452,3
72803A,ROSE SCENT CANDLE JEWELLED DRAWER,714.0,30,528,2,42,11,8.5,705.5,4.160714285714286,0.0037735849056603774,13.0,16.8,340,1.5588235294117647,2
72807A,SET/3 ROSE CANDLE IN JEWELLED BOX,1402.03,53,339,9,71,12,38.25,1363.78,4.2316666666666665,0.02586206896551724,5.0,19.21,353,0.9858356940509915,0
72807B,SET/3 OCEAN SCENT CANDLE JEWEL BOX,1435.0,56,348,3,79,12,12.75,1422.25,4.2337037037037035,0.008547008547008548,4.0,18.0,356,0.9859550561797753,0
72807C,SET/3 VANILLA SCENTED CANDLE IN BOX,2727.97,84,669,134,122,12,516.7,2211.27,4.2247540983606555,0.16687422166874222,7.0,18.13,365,2.2,0
75013B,"STRING OF 8 BUTTERFLIES,PINK",41.24999999999999,6,25,0,6,2,0.0,41.24999999999999,1.65,0.0,4.0,6.87,43,0.5813953488372093,1
75049L,LARGE CIRCULAR MIRROR MOBILE,6092.049999999999,71,6809,228,138,12,204.2,5887.849999999999,1.0866197183098592,0.0324001705272133,51.0,42.67,333,21.13213213213213,3
77101A,UNION FLAG WINDSOCK,421.97,16,385,0,20,4,0.0,421.97,1.231,0.0,19.0,21.1,106,3.6320754716981134,2
78034B,BLUE NETTING STORAGE HANGER,15.6,6,8,0,6,5,0.0,15.6,1.95,0.0,1.0,2.6,301,0.026578073089700997,1
79026B,"S/4 ICON COASTER,ELVIS LIVES",10.61,7,25,0,9,3,0.0,10.61,0.4855555555555556,0.0,3.0,1.18,76,0.32894736842105265,1
79030D,TUMBLER BAROQUE,156.78,22,402,1,26,8,0.39,156.39,0.39,0.0024813895781637717,16.0,6.02,340,1.1852941176470588,2
79030D,"TUMBLER, BAROQUE",58.85999999999999,5,54,0,5,3,0.0,58.85999999999999,1.398,0.0,11.0,11.77,340,0.1588235294117647,1
79030G,TUMBLER NEW ENGLAND,475.8,35,1220,0,41,3,0.0,475.8,0.39,0.0,30.0,11.6,178,6.853932584269663,2
79030G,"TUMBLER, NEW ENGLAND",131.94,11,138,0,11,5,0.0,131.94,1.1918181818181817,0.0,13.0,11.99,178,0.7752808988764045,2
79051A,SMOKEY GREY COLOUR D.O.F. GLASS,204.79,23,587,0,26,8,0.0,204.79,0.3522222222222222,0.0,23.0,7.88,366,1.6038251366120218,2
79051A,SMOKEY GREY COLOUR GLASS,56.83999999999999,10,196,0,11,4,0.0,56.83999999999999,0.29,0.0,18.0,5.17,366,0.5355191256830601,2
79062D,"RETRO TIN ASHTRAY,REVOLUTIONARY",19.4,4,52,0,4,3,0.0,19.4,0.38,0.0,13.0,4.85,181,0.287292817679558,1
79063C,"RETRO PILL BOX KEY CHAIN,THE KING",43.65,13,235,0,14,8,0.0,43.65,0.18928571428571428,0.0,17.0,3.12,275,0.8545454545454545,2
79063D,"RETRO PILL BOX , REVOLUTIONARY",34.72,9,188,0,10,6,0.0,34.72,0.189,0.0,19.0,3.47,284,0.6619718309859155,2
79066K,RETRO MOD TRAY,618.13,70,739,12,113,12,10.2,607.93,0.901504424778761,0.015978695073235686,7.0,5.38,373,2.013404825737265,3
79071B,ENGLISH ROSE METAL WASTE BIN,59.0,10,20,0,11,6,0.0,59.0,2.95,0.0,2.0,5.36,160,0.125,1
79144B,PAINTED LIGHTBULB STAR+ MOON,42.54,14,107,0,15,8,0.0,42.54,0.41333333333333333,0.0,7.0,2.84,362,0.2955801104972376,1
79144C,PAINTED LIGHTBULB RAINBOW DESIGN,24.06,5,63,0,6,4,0.0,24.06,0.4033333333333333,0.0,10.0,4.01,180,0.35,1
79149B,SILICON STAR BULB  BLUE,7.56,8,18,0,8,5,0.0,7.56,0.42,0.0,2.0,0.94,366,0.04918032786885246,1
79151B,"SILICON CUBE 25W, BLUE",4.62,2,11,0,2,2,0.0,4.62,0.42,0.0,6.0,2.31,359,0.03064066852367688,1
79157B,UBO-LIGHT TRIOBASE BLUE,3.4,2,4,0,2,2,0.0,3.4,0.85,0.0,2.0,1.7,43,0.09302325581395349,1
79157V,UBO-LIGHT TRIOBASE PURPLE,4.25,3,5,0,3,2,0.0,4.25,0.85,0.0,2.0,1.42,26,0.19230769230769232,1
79161A,ST GEORGE SET OF 10 PARTY LIGHTS,5.9,2,2,0,2,1,0.0,5.9,2.95,0.0,1.0,2.95,15,0.13333333333333333,1
79190A,RETRO PLASTIC 70'S TRAY,142.8,24,340,3,35,11,1.26,141.54,0.42,0.008746355685131196,10.0,4.04,369,0.9295392953929539,2
79190B,RETRO PLASTIC POLKA TRAY,245.1,24,655,16,37,12,6.72,238.38,0.4172972972972973,0.02384500745156483,18.0,6.44,365,1.8383561643835618,3
79190D,RETRO PLASTIC DAISY TRAY,95.34,16,227,0,25,11,0.0,95.34,0.42,0.0,9.0,3.81,362,0.6270718232044199,2
79191B,RETRO PLASTIC POLKA TRAY,130.9,23,154,12,27,12,10.2,120.69999999999999,0.85,0.07228915662650602,6.0,4.47,369,0.44986449864498645,0
79191C,RETRO PLASTIC ELEPHANT TRAY,812.53,58,1105,158,78,12,134.29999999999998,678.23,0.8387179487179487,0.1250989707046714,16.0,8.7,371,3.404312668463612,3
79191D,RETRO PLASTIC DAISY TRAY,21.249999999999996,7,25,12,8,6,10.2,11.049999999999999,0.85,0.32432432432432434,5.0,1.38,320,0.115625,0
79192A,RETRO PLASTIC 70'S TRAY,3.75,2,3,0,2,2,0.0,3.75,1.25,0.0,2.0,1.88,14,0.21428571428571427,1
79302M,"ART LIGHTS,FUNK MONKEY",950.45,26,355,0,47,11,0.0,950.45,2.85,0.0,8.0,20.22,373,0.9517426273458445,2
79323B,BLACK CHERRY LIGHTS,54.0,2,8,8,3,2,54.0,0.0,6.75,0.5,5.0,0.0,37,0.43243243243243246,0
79323P,PINK CHERRY LIGHTS,27.0,1,4,8,3,2,54.0,-27.0,6.75,0.6666666666666666,4.0,-9.0,33,0.36363636363636365,0
79323W,WHITE CHERRY LIGHTS,0.0,1,0,8,1,1,54.0,-54.0,6.75,1.0,8.0,-54.0,1,8.0,1
81950B,FLOWER BLUE CLOCK WITH SUCKER,33.64,8,116,0,8,2,0.0,33.64,0.29,0.0,14.0,4.2,44,2.6363636363636362,2
81950V,FLOWER PURPLE CLOCK W/SUCKER,4.25,3,5,0,3,3,0.0,4.25,0.85,0.0,2.0,1.42,216,0.023148148148148147,1
81950V,FLOWER PURPLE CLOCK WITH SUCKER,4.35,3,15,0,3,1,0.0,4.35,0.29,0.0,5.0,1.45,216,0.06944444444444445,1
81952B,ROUND BLUE CLOCK WITH SUCKER,38.0,9,200,0,9,1,0.0,38.0,0.19,0.0,22.0,4.22,22,9.090909090909092,2
81952V,ROUND PURPLE CLOCK WITH SUCKER,69.35,22,365,0,24,5,0.0,69.35,0.19,0.0,15.0,2.89,146,2.5,2
81953B,ROUND BLUE CLOCK WITH SUCKER,2.09,2,11,0,3,1,0.0,2.09,0.19,0.0,4.0,0.7,5,2.2,1
81953P,ROUND ARTICULATED PINK CLOCK W/SUCK,5.32,2,28,0,3,1,0.0,5.32,0.19000000000000003,0.0,9.0,1.77,8,3.5,1
82001S,SILVER RECORD COVER FRAME,955.86,13,272,0,19,3,0.0,955.86,4.398421052631579,0.0,14.0,50.31,364,0.7472527472527473,2
82001S,VINYL RECORD FRAME SILVER,4275.22,45,1236,7,90,12,25.53,4249.69,3.697032967032967,0.0056315366049879325,14.0,47.22,364,3.4148351648351647,3
82011A,"BATHROOM SCALES, TROPICAL BEACH",60.0,8,16,0,10,7,0.0,60.0,3.75,0.0,2.0,6.0,336,0.047619047619047616,1
82011B,BATHROOM SCALES RUBBER DUCKS,139.35,11,41,0,19,9,0.0,139.35,3.6657894736842107,0.0,2.0,7.33,354,0.11581920903954802,1
82011C,BATHROOM SCALES FOOTPRINTS IN SAND,172.05,17,51,0,20,8,0.0,172.05,3.6700000000000004,0.0,3.0,8.6,356,0.14325842696629212,1
82494L,WOODEN FRAME ANTIQUE WHITE ,17583.77,392,6268,305,826,12,788.55,16795.22,2.9303365384615385,0.046401947360413816,8.0,20.33,373,17.621983914209114,3
82613A,"METAL SIGN,CUPCAKE SINGLE HOOK",82.5,13,66,0,14,8,0.0,82.5,1.25,0.0,5.0,5.89,206,0.32038834951456313,1
82613B,"METAL SIGN,CUPCAKE SINGLE HOOK",267.6,39,400,20,46,12,8.4,259.2,1.0154347826086956,0.047619047619047616,9.0,5.63,367,1.1444141689373297,0
82613C,"METAL SIGN,CUPCAKE SINGLE HOOK",234.2,33,360,20,38,12,8.4,225.8,0.9878947368421053,0.05263157894736842,10.0,5.94,341,1.1143695014662756,0
82613D,METAL SIGN CUPCAKE SINGLE HOOK,270.85,43,469,20,51,12,8.4,262.45,0.9407843137254901,0.0408997955010225,10.0,5.15,357,1.3697478991596639,0
82616B,FRAPPUCINO SCARF KNITTING KIT,413.83,35,307,9,48,10,11.25,402.58,1.6574,0.028481012658227847,7.0,8.39,363,0.8705234159779615,0
82616C,MIDNIGHT GLAMOUR SCARF KNITTING KIT,385.52,40,277,3,53,9,3.75,381.77,1.570188679245283,0.010714285714285714,5.0,7.2,368,0.7608695652173914,2
84029E,RED WOOLLY HOTTIE WHITE HEART.,13311.26,228,3676,19,326,10,76.45,13234.810000000001,4.055365853658537,0.005142083897158322,11.0,40.6,374,9.879679144385026,3
84029G,KNITTED UNION FLAG HOT WATER BOTTLE,9313.17,212,2465,14,323,12,58.0,9255.17,4.002354740061162,0.005647438483259379,8.0,28.65,374,6.628342245989304,3
84030E,ENGLISH ROSE HOT WATER BOTTLE,5729.66,198,1414,3,279,12,12.75,5716.91,4.271921708185054,0.002117148906139732,5.0,20.49,373,3.798927613941019,3
84031A,CHARLIE+LOLA RED HOT WATER BOTTLE ,498.53000000000003,35,173,20,50,6,39.0,459.53000000000003,3.9272000000000005,0.10362694300518134,4.0,9.19,373,0.517426273458445,0
84031B,CHARLIE LOLA BLUE HOT WATER BOTTLE ,338.09000000000003,30,93,21,38,7,40.949999999999996,297.14000000000004,3.9463157894736844,0.18421052631578946,3.0,7.82,372,0.3064516129032258,0
84032A,CHARLIE+LOLA PINK HOT WATER BOTTLE,1107.0100000000002,79,447,28,107,9,82.60000000000001,1024.41,2.7440740740740743,0.05894736842105263,4.0,9.57,373,1.2734584450402144,0
84032B,CHARLIE + LOLA RED HOT WATER BOTTLE,1333.15,108,651,66,134,12,133.5,1199.65,2.6414705882352942,0.09205020920502092,5.0,8.95,373,1.9222520107238605,0
84078A,SET/4 WHITE RETRO STORAGE CUBES ,13007.150000000001,79,357,35,114,12,1248.25,11758.900000000001,38.765789473684215,0.08928571428571429,3.0,103.15,354,1.1073446327683616,0
84086B,YELLOW/BLUE RETRO RADIO,47.2,3,16,1,8,6,2.95,44.25,2.95,0.058823529411764705,2.0,5.53,273,0.06227106227106227,1
84086C,PINK/PURPLE RETRO RADIO,401.20000000000005,13,136,0,19,7,0.0,401.20000000000005,2.95,0.0,7.0,21.12,301,0.45182724252491696,2
84201B,HAPPY BIRTHDAY CARD STRIPEY TEDDY,2.47,2,13,0,2,2,0.0,2.47,0.19,0.0,6.0,1.24,95,0.1368421052631579,1
84201C,HAPPY BIRTHDAY CARD TEDDY/CAKE,0.95,1,5,0,1,1,0.0,0.95,0.19,0.0,5.0,0.95,1,5.0,1
84206A,3 BLACK CATS W HEARTS BLANK CARD,4.5600000000000005,3,24,0,3,2,0.0,4.5600000000000005,0.19000000000000003,0.0,8.0,1.52,95,0.25263157894736843,1
84206B,CAT WITH SUNGLASSES BLANK CARD,0.95,1,5,0,1,1,0.0,0.95,0.19,0.0,5.0,0.95,1,5.0,1
84206C,CHAMPAGNE TRAY BLANK CARD,1.52,2,8,0,2,2,0.0,1.52,0.19,0.0,4.0,0.76,177,0.04519774011299435,1
84247E,PACK OF 12 CHRISTMAS FUN CARDS,138.65,13,47,23,15,3,67.85000000000001,70.80000000000001,2.95,0.32857142857142857,5.0,4.72,362,0.19337016574585636,0
84247E,PACK/12 XMAS FUN CARD,97.35000000000001,10,33,0,10,4,0.0,97.35000000000001,2.95,0.0,3.0,9.74,362,0.09116022099447514,1
84247G,"DECOUPAGE,GREETING CARD,",141.12,17,336,0,23,8,0.0,141.12,0.42,0.0,15.0,6.14,224,1.5,2
84247K,"FOLK ART GREETING CARD,pack/12",64.9,7,22,11,10,7,32.45,32.45,2.95,0.3333333333333333,3.0,3.24,318,0.10377358490566038,0
84247L,FAWN AND MUSHROOM GREETING CARD,45.36,8,108,0,8,3,0.0,45.36,0.42,0.0,14.0,5.67,125,0.864,2
84247N,PACK/12 BLUE FOLKART CARDS,64.9,16,22,0,18,9,0.0,64.9,2.95,0.0,1.0,3.61,360,0.06111111111111111,1
84249A,"GREETING CARD,SQUARE, DOUGHNUTS",68.84,12,160,0,13,7,0.0,68.84,0.483076923076923,0.0,12.0,5.3,316,0.5063291139240507,2
84251B,"GREETING CARD, STICKY GORDON",29.830000000000002,12,157,12,15,9,2.2800000000000002,27.550000000000004,0.19,0.07100591715976332,11.0,1.84,262,0.6450381679389313,0
84251C,"GREETING CARD, TWO SISTERS.",4.5600000000000005,2,24,0,2,2,0.0,4.5600000000000005,0.19,0.0,12.0,2.28,87,0.27586206896551724,1
84251G,"GREETING CARD, OVERCROWDED POOL.",34.2,15,180,0,15,8,0.0,34.2,0.19,0.0,12.0,2.28,335,0.5373134328358209,2
84279B,CHERRY BLOSSOM DECORATIVE FLASK,666.93,48,179,7,60,5,26.25,640.68,3.7439999999999998,0.03763440860215054,3.0,10.68,137,1.3576642335766422,0
84279P,CHERRY BLOSSOM  DECORATIVE FLASK,1242.72,79,336,16,101,12,60.0,1182.72,3.7358823529411764,0.045454545454545456,3.0,11.71,361,0.9750692520775623,0
84313B,BLUE TV TRAY TABLE ,175.8,6,76,0,13,5,0.0,175.8,3.1884615384615387,0.0,6.0,13.52,109,0.6972477064220184,1
84313C,ORANGE TV TRAY TABLE ,908.15,17,461,0,24,7,0.0,908.15,2.2375,0.0,19.0,37.84,171,2.695906432748538,2
84341B,SMALL PINK MAGIC CHRISTMAS TREE,252.23,30,618,0,33,6,0.0,252.23,0.5044117647058823,0.0,19.0,7.64,349,1.7707736389684814,2
84387A,BIRD ON BRANCH CANVAS SCREEN,21.45,1,11,0,1,1,0.0,21.45,1.95,0.0,11.0,21.45,1,11.0,1
84402B,PURPLE DRESS JEWELLERY STAND,48.19,3,61,0,3,1,0.0,48.19,0.79,0.0,20.0,16.06,3,20.333333333333332,2
84406B,CREAM CUPID HEARTS COAT HANGER,7121.2300000000005,134,1917,42,247,12,162.5,6958.7300000000005,3.8121686746987953,0.021439509954058193,8.0,28.17,370,5.294594594594595,3
84415A,PINK FLOCK SUEDE CUSHION COVER ,15.0,2,12,0,2,1,0.0,15.0,1.25,0.0,6.0,7.5,17,0.7058823529411765,1
84415B,BLUE FLOCK CUSHION COVER ,12.5,2,6,0,2,2,0.0,12.5,2.5,0.0,3.0,6.25,182,0.03296703296703297,1
84429A,MEDIUM PINK BUDDHA HEAD ,135.70000000000002,13,46,0,14,9,0.0,135.70000000000002,2.95,0.0,3.0,9.69,310,0.14838709677419354,1
84459A,PINK METAL CHICKEN HEART ,906.14,50,670,60,56,11,89.39999999999999,816.74,1.4777966101694915,0.0821917808219178,13.0,14.58,332,2.1987951807228914,0
84459B,YELLOW METAL CHICKEN HEART ,938.12,54,676,0,60,5,0.0,938.12,1.4821311475409835,0.0,11.0,15.64,119,5.680672268907563,2
84507B,STRIPES DESIGN MONKEY DOLL,79.05,10,31,0,14,9,0.0,79.05,2.55,0.0,2.0,5.65,266,0.11654135338345864,1
84507C,BLUE CIRCLES DESIGN MONKEY DOLL,160.64999999999998,11,63,7,27,9,17.85,142.79999999999998,2.55,0.1,3.0,5.29,324,0.21604938271604937,0
84508A,CAMOUFLAGE DESIGN TEDDY,3445.5000000000005,17,1630,1,36,10,2.55,3442.9500000000003,2.4124999999999996,0.0006131207847946045,45.0,95.64,294,5.5476190476190474,2
84508B,STRIPES DESIGN TEDDY,142.79999999999998,22,56,6,31,11,15.299999999999999,127.49999999999999,2.55,0.0967741935483871,2.0,4.11,358,0.17318435754189945,0
84508C,BLUE CIRCLES DESIGN TEDDY,130.04999999999998,14,51,0,20,10,0.0,130.04999999999998,2.55,0.0,3.0,6.5,348,0.14655172413793102,1
84509A,SET OF 4 ENGLISH ROSE PLACEMATS,2194.64,103,612,9,142,12,33.75,2160.89,3.805845070422535,0.014492753623188406,4.0,15.22,370,1.6783783783783783,0
84509B,SET OF 4 FAIRY CAKE PLACEMATS,585.0,37,156,0,48,12,0.0,585.0,3.75,0.0,3.0,12.19,373,0.41823056300268097,2
84509C,SET OF 4 POLKADOT PLACEMATS ,269.55,20,77,0,23,9,0.0,269.55,3.715217391304348,0.0,3.0,11.72,349,0.22063037249283668,1
84509E,SET OF 4 CAROUSEL PLACEMATS ,101.06,7,70,0,8,6,0.0,101.06,2.385,0.0,9.0,12.63,358,0.19553072625698323,1
84509G,SET OF 4 FAIRY CAKE PLACEMATS ,856.25,42,491,0,46,11,0.0,856.25,2.717391304347826,0.0,11.0,18.61,372,1.3198924731182795,2
84510A,SET OF 4 ENGLISH ROSE COASTERS,1289.34,100,1058,1,145,12,1.25,1288.09,1.272108843537415,0.0009442870632672333,7.0,8.88,373,2.839142091152815,2
84510C,SET OF 4 POLKADOT COASTERS,122.42,25,96,0,32,12,0.0,122.42,1.325625,0.0,3.0,3.83,329,0.2917933130699088,1
84510E,SET OF 4 GREEN CAROUSEL COASTERS,26.05,9,25,0,9,7,0.0,26.05,1.018888888888889,0.0,3.0,2.89,321,0.0778816199376947,1
84519A,TOMATO CHARLIE+LOLA COASTER SET,739.1899999999999,45,477,0,61,11,0.0,739.1899999999999,1.4506557377049178,0.0,8.0,12.12,374,1.2754010695187166,2
84519B,CARROT CHARLIE+LOLA COASTER SET,545.99,63,425,0,91,11,0.0,545.99,1.336304347826087,0.0,5.0,6.0,372,1.14247311827957,2
84520B,PACK 20 ENGLISH ROSE PAPER NAPKINS,388.69,51,481,0,54,4,0.0,388.69,0.8461818181818181,0.0,9.0,7.2,91,5.285714285714286,2
84531A,PINK KNITTED EGG COSY,71.75999999999999,24,140,0,25,4,0.0,71.75999999999999,0.6900000000000001,0.0,6.0,2.87,128,1.09375,2
84531B,BLUE KNITTED EGG COSY,81.50999999999999,24,149,0,25,4,0.0,81.50999999999999,0.7020000000000001,0.0,6.0,3.26,128,1.1640625,2
84534B,FAIRY CAKE NOTEBOOK A5 SIZE,39.1,5,46,0,5,2,0.0,39.1,0.85,0.0,9.0,7.82,48,0.9583333333333334,1
84535A,ENGLISH ROSE NOTEBOOK A6 SIZE,185.1,19,398,0,20,3,0.0,185.1,0.6385,0.0,20.0,9.25,59,6.745762711864407,2
84535B,FAIRY CAKES NOTEBOOK A6 SIZE,762.99,80,1288,95,111,12,61.75,701.24,0.6617857142857143,0.06869125090383225,12.0,6.32,368,3.7581521739130435,3
84536A,ENGLISH ROSE NOTEBOOK A7 SIZE,1147.0,140,2729,32,222,12,13.44,1133.56,0.4236283185840708,0.011590003621876132,12.0,5.11,371,7.442048517520216,3
84536B,FAIRY CAKES NOTEBOOK A7 SIZE,655.34,74,1684,48,101,12,20.16,635.18,0.43009803921568623,0.02771362586605081,17.0,6.29,366,4.73224043715847,3
84558A,3D DOG PICTURE PLAYING CARDS,855.5000000000001,49,290,0,60,11,0.0,855.5000000000001,2.95,0.0,5.0,14.26,369,0.7859078590785907,2
84559A,3D SHEET OF DOG STICKERS,231.98,34,272,0,42,12,0.0,231.98,0.8685714285714285,0.0,6.0,5.52,361,0.7534626038781164,2
84559B,3D SHEET OF CAT STICKERS,183.6,37,216,4,44,12,3.4,180.2,0.85,0.01818181818181818,5.0,4.1,334,0.6586826347305389,2
84562A,PINK/WHITE RIBBED MELAMINE JUG,15.9,2,2,0,2,2,0.0,15.9,7.95,0.0,1.0,7.95,79,0.02531645569620253,1
84563A,PINK & WHITE BREAKFAST TRAY,198.05,11,59,0,14,5,0.0,198.05,4.021428571428571,0.0,4.0,14.15,167,0.3532934131736527,1
84563B,BLUE & WHITE BREAKFAST TRAY,209.55,18,69,0,21,6,0.0,209.55,3.2357142857142858,0.0,3.0,9.98,196,0.3520408163265306,1
84569A,PACK 3 IRON ON DOG PATCHES,239.96,26,191,0,26,11,0.0,239.96,1.2965384615384616,0.0,7.0,9.23,365,0.5232876712328767,2
84569B,PACK 3 FIRE ENGINE/CAR PATCHES,93.75,11,75,0,11,4,0.0,93.75,1.25,0.0,7.0,8.52,90,0.8333333333333334,1
84569C,PACK 4 FLOWER/BUTTERFLY PATCHES,1.25,1,1,0,1,1,0.0,1.25,1.25,0.0,1.0,1.25,1,1.0,1
84569D,PACK 6 HEART/ICE-CREAM PATCHES,337.42,32,268,0,34,12,0.0,337.42,1.2855882352941177,0.0,8.0,9.92,341,0.7859237536656891,2
84575A,PINK DOG CANNISTER,39.3,4,14,1,5,3,5.95,33.35,4.35,0.06666666666666667,3.0,6.67,127,0.11811023622047244,1
84595E,LARGE TORTILLA DESIGN RED BOWL,109.79999999999998,8,64,0,9,4,0.0,109.79999999999998,2.1166666666666667,0.0,7.0,12.2,234,0.27350427350427353,1
84596B,SMALL DOLLY MIX DESIGN ORANGE BOWL,2040.19,189,4436,16,362,12,6.72,2033.47,0.48341463414634145,0.0035938903863432167,12.0,5.62,368,12.097826086956522,3
84596E,SMALL LICORICE DES PINK BOWL,252.63,33,391,0,35,5,0.0,252.63,0.7702857142857144,0.0,11.0,7.22,121,3.231404958677686,2
84596F,SMALL MARSHMALLOWS PINK BOWL,1553.25,166,3285,16,289,12,6.72,1546.53,0.4971140939597315,0.004847016055740685,11.0,5.35,369,8.94579945799458,3
84596G,SMALL CHOCOLATES PINK BOWL,774.18,84,1660,0,158,12,0.0,774.18,0.4859375,0.0,11.0,4.9,369,4.4986449864498645,2
84596J,MIXED NUTS LIGHT GREEN BOWL,205.28,21,469,0,27,5,0.0,205.28,0.5122222222222222,0.0,17.0,7.6,167,2.808383233532934,2
84596L,BISCUITS SMALL BOWL LIGHT BLUE,440.94,49,1038,0,79,9,0.0,440.94,0.48303797468354426,0.0,13.0,5.58,287,3.6167247386759582,2
84597B,RETRO BROWN BALL ASHTRAY ,51.25,3,41,0,5,5,0.0,51.25,1.25,0.0,8.0,10.25,187,0.2192513368983957,1
84597C,RETRO PINK BALL ASHTRAY ,57.5,11,46,0,13,7,0.0,57.5,1.25,0.0,4.0,4.42,180,0.25555555555555554,1
84613A,PINK NEW BAROQUE FLOCK CANDLESTICK,27.900000000000002,3,6,0,3,3,0.0,27.900000000000002,4.65,0.0,2.0,9.3,49,0.12244897959183673,1
84613C,BLUE NEW BAROQUE FLOCK CANDLESTICK,4.65,1,1,0,1,1,0.0,4.65,4.65,0.0,1.0,4.65,1,1.0,1
84614A,PINK BAROQUE FLOCK CANDLE HOLDER,11.9,1,2,0,1,1,0.0,11.9,5.95,0.0,2.0,11.9,1,2.0,1
84625A,PINK NEW BAROQUECANDLESTICK CANDLE,470.75,24,455,20,33,10,23.3,447.45,1.4863636363636366,0.042105263157894736,14.0,13.56,372,1.2768817204301075,0
84625C,BLUE NEW BAROQUE CANDLESTICK CANDLE,478.15,20,439,49,33,9,41.65,436.5,1.4227272727272728,0.10040983606557377,15.0,13.23,302,1.6158940397350994,0
84659A,WHITE TRAVEL ALARM CLOCK,314.31,19,134,1,23,9,2.55,311.76,2.4730434782608692,0.007407407407407408,6.0,13.55,288,0.46875,2
84660A,WHITE STITCHED WALL CLOCK,761.9,30,837,2,38,8,4.54,757.36,1.4155263157894737,0.0023837902264600714,22.0,19.93,294,2.8537414965986394,2
84660B,BLACK STITCHED WALL CLOCK,684.65,20,695,0,29,9,0.0,684.65,1.3410344827586207,0.0,24.0,23.61,264,2.632575757575758,2
84660C,PINK STITCHED WALL CLOCK,590.57,20,639,0,27,6,0.0,590.57,1.0018518518518518,0.0,24.0,21.87,268,2.3843283582089554,2
84661A,WHITE SQUARE TABLE CLOCK,132.99,10,94,0,11,6,0.0,132.99,2.129090909090909,0.0,9.0,12.09,204,0.46078431372549017,1
84661B,BLACK SQUARE TABLE CLOCK,225.48999999999998,10,95,0,12,5,0.0,225.48999999999998,2.5658333333333334,0.0,8.0,18.79,183,0.5191256830601093,1
84661C,PINK SQUARE TABLE CLOCK,70.10000000000001,5,62,0,5,3,0.0,70.10000000000001,1.494,0.0,12.0,14.02,294,0.2108843537414966,1
84663A,GRASS HOPPER WOODEN WALL CLOCK ,324.04,21,260,5,28,10,9.11,314.93,2.162857142857143,0.018867924528301886,9.0,11.25,279,0.9498207885304659,0
84673A,PINK FLY SWAT,40.95,21,63,0,25,11,0.0,40.95,0.6500000000000001,0.0,3.0,1.64,345,0.1826086956521739,1
84673B,BLUE FLY SWAT,114.21000000000001,31,135,0,42,11,0.0,114.21000000000001,0.86,0.0,3.0,2.72,357,0.37815126050420167,2
84705C,PINK FLOCK PHOTO FRAME ,15.0,1,12,0,1,1,0.0,15.0,1.25,0.0,12.0,15.0,1,12.0,1
84706D,CHERRY BLOSSOM TABLE CLOCK ,25.7,3,6,0,3,2,0.0,25.7,4.283333333333333,0.0,2.0,8.57,165,0.03636363636363636,1
84706F,RED PEONY TABLE CLOCK,47.2,9,16,0,10,4,0.0,47.2,2.95,0.0,2.0,4.72,141,0.11347517730496454,1
84707A,SILVER JEWELLED MIRROR TRINKET TRAY,440.73999999999995,21,66,0,25,8,0.0,440.73999999999995,9.5512,0.0,3.0,17.63,367,0.17983651226158037,1
84707B,PINK JEWELLED MIRROR TRINKET TRAY,178.56,13,29,0,13,6,0.0,178.56,8.873846153846154,0.0,2.0,13.74,368,0.07880434782608696,1
84708B,PINK JEWELLED PHOTO FRAME ,256.75,13,53,0,14,8,0.0,256.75,4.8500000000000005,0.0,4.0,18.34,309,0.1715210355987055,1
84709B,PINK OVAL JEWELLED MIRROR,119.0,11,20,0,11,6,0.0,119.0,5.95,0.0,2.0,10.82,208,0.09615384615384616,1
84711A,SILVER OVAL SHAPE TRINKET BOX,139.29999999999998,7,14,0,7,6,0.0,139.29999999999998,9.95,0.0,2.0,19.9,364,0.038461538461538464,1
84711B,PINK OVAL SHAPE TRINKET BOX,149.25,7,15,0,8,6,0.0,149.25,9.95,0.0,2.0,18.66,190,0.07894736842105263,1
84712B,PINK JEWELLED PHOTO FRAME,147.87,9,19,0,11,7,0.0,147.87,7.805454545454546,0.0,2.0,13.44,302,0.06291390728476821,1
84732B,CUTE BIRD CEATURE SCREEN,8.58,2,22,0,2,2,0.0,8.58,0.39,0.0,11.0,4.29,30,0.7333333333333333,1
84732D,CUTE RABBIT CEATURE SCREEN ,4.29,2,11,0,2,2,0.0,4.29,0.39,0.0,6.0,2.14,30,0.36666666666666664,1
84741C,CITRUS GARLAND FELT FLOWERS ,117.0,14,60,0,14,4,0.0,117.0,1.95,0.0,4.0,8.36,110,0.5454545454545454,1
84743C,ORANGE FELT VASE + FLOWERS,1.25,1,1,0,1,1,0.0,1.25,1.25,0.0,1.0,1.25,1,1.0,1
84745A,PINK HANGING GINGHAM EASTER HEN,13.44,5,32,0,5,3,0.0,13.44,0.42000000000000004,0.0,6.0,2.69,104,0.3076923076923077,1
84745B,BLUE HANGING GINGHAM EASTER HEN,13.44,5,32,0,5,3,0.0,13.44,0.42000000000000004,0.0,6.0,2.69,104,0.3076923076923077,1
84750A,PINK SMALL GLASS CAKE STAND,46.8,2,24,27,3,2,52.65,-5.85,1.95,0.5294117647058824,17.0,-1.95,20,2.55,0
84750B,BLACK SMALL GLASS CAKE STAND,54.99,12,61,1,13,4,0.39,54.6,1.1099999999999999,0.016129032258064516,5.0,4.2,125,0.496,1
84751B,BLACK MEDIUM GLASS CAKE STAND,37.11,8,17,1,9,4,0.79,36.32,1.7766666666666666,0.05555555555555555,2.0,4.04,118,0.15254237288135594,1
84760S,SMALL HANGING GLASS+ZINC LANTERN,62.349999999999994,8,43,0,8,5,0.0,62.349999999999994,1.45,0.0,5.0,7.79,163,0.26380368098159507,1
84795B,SUNSET CHECK HAMMOCK,1249.65,33,167,0,40,10,0.0,1249.65,7.8,0.0,4.0,31.24,338,0.4940828402366864,2
84795C,OCEAN STRIPE HAMMOCK ,15.9,1,2,0,1,1,0.0,15.9,7.95,0.0,2.0,15.9,1,2.0,1
84796A,PINK HAWAIIAN PICNIC HAMPER FOR 2,178.5,10,14,0,10,5,0.0,178.5,12.75,0.0,1.0,17.85,254,0.05511811023622047,1
84796B,BLUE SAVANNAH PICNIC HAMPER FOR 2,793.3499999999999,16,69,0,17,7,0.0,793.3499999999999,12.43235294117647,0.0,4.0,46.67,198,0.3484848484848485,1
84798A,PINK FOXGLOVE ARTIIFCIAL FLOWER,35.699999999999996,4,14,12,4,3,30.599999999999998,5.099999999999998,2.55,0.46153846153846156,6.0,1.27,294,0.08843537414965986,0
84798B,PURPLE FOXGLOVE ARTIIFCIAL FLOWER,17.849999999999998,2,7,0,2,1,0.0,17.849999999999998,2.55,0.0,4.0,8.92,16,0.4375,1
84800L,LARGE WHITE/PINK ROSE ART FLOWER,639.36,20,360,24,23,7,40.56,598.8000000000001,1.9143478260869566,0.0625,17.0,26.03,167,2.2994011976047903,0
84800M,MEDIUM WHITE/PINK ROSE ART FLOWER,174.31,12,127,3,12,6,5.07,169.24,1.55,0.023076923076923078,11.0,14.1,252,0.5158730158730159,0
84800S,SMALL WHITE/PINK ROSE ART FLOWER,120.07000000000001,9,107,2,10,6,2.5,117.57000000000001,1.2120000000000002,0.01834862385321101,11.0,11.76,235,0.46382978723404256,2
84801A,PINK HYDRANGEA ART FLOWER,96.60000000000001,5,46,0,5,5,0.0,96.60000000000001,2.1,0.0,9.0,19.32,308,0.14935064935064934,1
84801B,WHITE HYDRANGEA ART FLOWER,46.2,3,22,0,3,3,0.0,46.2,2.1,0.0,7.0,15.4,65,0.3384615384615385,1
84802A,WHITE ANEMONE ARTIFICIAL FLOWER,3.38,1,2,0,1,1,0.0,3.38,1.69,0.0,2.0,3.38,1,2.0,1
84802B,PURPLE ANEMONE ARTIFICIAL FLOWER,6.76,1,4,0,1,1,0.0,6.76,1.69,0.0,4.0,6.76,1,4.0,1
84803B,WHITE ALLIUM  ARTIFICIAL FLOWER,25.35,3,15,0,3,1,0.0,25.35,1.6900000000000002,0.0,5.0,8.45,17,0.8823529411764706,1
84804A,CREAM DELPHINIUM ARTIFICIAL FLOWER,180.58,8,70,0,8,6,0.0,180.58,2.68,0.0,9.0,22.57,352,0.19886363636363635,1
84804B,BLUE DELPHINIUM ARTIFICIAL FLOWER,188.37000000000003,6,99,0,6,5,0.0,188.37000000000003,2.23,0.0,16.0,31.4,203,0.4876847290640394,1
84805A,CREAM CLIMBING HYDRANGA ART FLOWER,52.5,3,30,0,3,2,0.0,52.5,2.0833333333333335,0.0,10.0,17.5,308,0.09740259740259741,1
84805B,BLUE CLIMBING HYDRANGA ART FLOWER,52.5,3,38,0,3,2,0.0,52.5,2.0833333333333335,0.0,13.0,17.5,83,0.4578313253012048,1
84806A,PINK CANDYSTUFT ARTIFICIAL FLOWER,96.88999999999999,11,137,0,11,6,0.0,96.88999999999999,1.0645454545454545,0.0,12.0,8.81,354,0.3870056497175141,2
84806B,WHITE CANDYSTUFT ARTIFICIAL FLOWER,394.15999999999997,18,296,0,19,11,0.0,394.15999999999997,1.3836842105263158,0.0,16.0,20.75,323,0.9164086687306502,2
84809A,WHITE CHRYSANTHEMUMS ART FLOWER,79.80000000000001,5,38,0,5,3,0.0,79.80000000000001,2.1,0.0,8.0,15.96,168,0.2261904761904762,1
84809B,PINK CHRYSANTHEMUMS ART FLOWER,37.800000000000004,1,18,0,1,1,0.0,37.800000000000004,2.1,0.0,18.0,37.8,1,18.0,1
84846A,SCENTED CANDLE IN DIGITALIS TIN,109.20000000000002,9,52,0,10,5,0.0,109.20000000000002,2.1,0.0,5.0,10.92,313,0.16613418530351437,1
84849A,HELLO SAILOR BLUE SOAP HOLDER,261.95,26,155,16,32,11,27.04,234.91000000000003,1.69,0.0935672514619883,5.0,7.34,363,0.47107438016528924,0
84849B,FAIRY SOAP SOAP HOLDER,392.08,42,232,1,58,8,1.69,390.39,1.69,0.004291845493562232,4.0,6.73,232,1.0043103448275863,2
84849D,HOT BATHS SOAP HOLDER,809.51,66,479,22,104,12,37.18,772.33,1.69,0.043912175648702596,5.0,7.43,364,1.3763736263736264,0
84856S,SMALL TAHITI BEACH BAG,0.0,1,0,1,1,1,3.81,-3.81,3.81,1.0,1.0,-3.81,1,1.0,1
84857B,BLUE MONTE CARLO HANDBAG,46.8,2,24,2,2,1,3.9,42.9,1.95,0.07692307692307693,13.0,21.45,2,13.0,1
84857C,PINK MONTE CARLO HANDBAG,198.35,8,95,1,9,4,1.95,196.39999999999998,2.677777777777778,0.010416666666666666,11.0,21.82,141,0.6808510638297872,1
84858C,PINK RIVIERA HANDBAG,250.05,4,185,0,5,3,0.0,250.05,4.07,0.0,37.0,50.01,47,3.9361702127659575,2
84859A,SILVER DISCO HANDBAG,248.20999999999998,24,123,0,30,9,0.0,248.20999999999998,2.2196774193548388,0.0,4.0,8.27,344,0.35755813953488375,2
84859B,BLUE DISCO HANDBAG,60.68,10,30,0,10,7,0.0,60.68,2.168,0.0,3.0,6.07,203,0.1477832512315271,1
84859C,PINK DISCO HANDBAG,176.39,17,83,0,21,8,0.0,176.39,2.348095238095238,0.0,4.0,8.4,293,0.2832764505119454,1
84870B,BLUE GEISHA GIRL ,75.0,9,20,0,10,6,0.0,75.0,3.75,0.0,2.0,7.5,276,0.07246376811594203,1
84870C,GREEN GEISHA GIRL ,75.0,10,20,0,10,6,0.0,75.0,3.75,0.0,2.0,7.5,333,0.06006006006006006,1
84872A,TEATIME FUNKY FLOWER BACKPACK FOR 2,50.849999999999994,3,3,0,3,2,0.0,50.849999999999994,16.95,0.0,1.0,16.95,111,0.02702702702702703,1
84873A,FUNKY FLOWER PICNIC BAG FOR 4,33.9,2,2,0,2,2,0.0,33.9,16.95,0.0,1.0,16.95,16,0.125,1
84874B,BLUE TRAVEL FIRST AID KIT,56.1,7,34,0,7,5,0.0,56.1,1.65,0.0,5.0,8.01,240,0.14166666666666666,1
84875B,GREEN SQUARE COMPACT MIRROR,168.75,14,125,0,15,8,0.0,168.75,1.5833333333333333,0.0,8.0,11.25,356,0.351123595505618,2
84875D,BLUE SQUARE COMPACT MIRROR,63.75,8,51,0,8,5,0.0,63.75,1.25,0.0,6.0,7.97,171,0.2982456140350877,1
84876B,GREEN HEART COMPACT MIRROR,251.25,17,201,0,20,6,0.0,251.25,1.25,0.0,10.0,12.56,282,0.7127659574468085,2
84876D,BLUE HEART COMPACT MIRROR,187.5,12,124,0,12,8,0.0,187.5,2.2916666666666665,0.0,10.0,15.62,277,0.44765342960288806,2
84877A,PINK ROUND COMPACT MIRROR,15.0,1,12,0,1,1,0.0,15.0,1.25,0.0,12.0,15.0,1,12.0,1
84877B,GREEN ROUND COMPACT MIRROR,157.5,8,126,0,9,5,0.0,157.5,1.25,0.0,14.0,17.5,350,0.36,2
84877D,BLUE ROUND COMPACT MIRROR,121.25,11,87,0,11,4,0.0,121.25,1.7045454545454546,0.0,8.0,11.02,297,0.29292929292929293,1
84884A,ANT WHITE WIRE HEART SPIRAL,1076.66,52,286,1,65,12,3.95,1072.71,4.026923076923077,0.003484320557491289,4.0,16.5,370,0.7756756756756756,2
84898F,YELLOW FLOWERS FELT HANDBAG KIT,94.50000000000001,15,45,0,18,4,0.0,94.50000000000001,2.1,0.0,2.0,5.25,110,0.4090909090909091,1
84910A,PINK PAISLEY CUSHION COVER ,59.5,6,10,0,6,4,0.0,59.5,5.95,0.0,2.0,9.92,222,0.04504504504504504,1
84912A,PINK ROSE WASHBAG,386.25,25,103,0,38,10,0.0,386.25,3.75,0.0,3.0,10.16,291,0.3539518900343643,2
84912B,GREEN ROSE WASHBAG,555.0,32,148,0,46,12,0.0,555.0,3.75,0.0,3.0,12.07,358,0.4134078212290503,2
84913A,SOFT PINK ROSE TOWEL ,172.05,10,37,0,10,8,0.0,172.05,4.65,0.0,4.0,17.21,334,0.11077844311377245,1
84913B,MINT GREEN ROSE TOWEL,325.5,19,70,0,20,10,0.0,325.5,4.65,0.0,4.0,16.27,358,0.19553072625698323,1
84924A,WAKE UP COCKEREL CALENDAR SIGN ,281.13,21,72,0,24,10,0.0,281.13,4.059166666666667,0.0,3.0,11.71,363,0.19834710743801653,1
84924F,PSYCHEDELIC METAL SIGN CALENDAR,7.9,3,10,0,3,1,0.0,7.9,0.79,0.0,3.0,2.63,17,0.5882352941176471,1
84925D,LA PALMIERA WALL THERMOMETER,38.25,8,15,0,10,6,0.0,38.25,2.55,0.0,2.0,3.82,203,0.07389162561576355,1
84925F,PSYCHEDELIC WALL THERMOMETER,109.92999999999999,14,79,0,14,7,0.0,109.92999999999999,1.9214285714285713,0.0,6.0,7.85,238,0.3319327731092437,1
84926A,WAKE UP COCKEREL TILE COASTER,198.08999999999997,24,597,0,31,10,0.0,198.08999999999997,0.47580645161290325,0.0,19.0,6.39,361,1.6537396121883656,2
84926D,LA PALMIERA TILE COASTER,266.64,25,705,0,31,9,0.0,266.64,0.6515624999999999,0.0,23.0,8.6,366,1.9262295081967213,2
84926E,FLOWERS TILE COASTER,322.88,32,966,0,37,10,0.0,322.88,0.44054054054054054,0.0,26.0,8.73,336,2.875,2
84926F,PSYCHEDELIC TILE COASTER,178.0,19,423,24,24,8,6.959999999999999,171.04,0.8833333333333333,0.053691275167785234,19.0,7.13,356,1.2556179775280898,0
84927A,WAKE UP COCKEREL TILE HOOK,53.85,12,46,1,15,7,0.39,53.46,1.4160000000000001,0.02127659574468085,3.0,3.56,253,0.1857707509881423,1
84927D,LA PALMIERA TILE HOOK,39.39,9,44,2,12,4,4.2,35.190000000000005,0.96,0.043478260869565216,4.0,2.93,187,0.24598930481283424,1
84927E,FLOWERS TILE HOOK,71.82000000000001,10,57,2,12,5,4.2,67.62,1.573846153846154,0.03389830508474576,5.0,5.64,218,0.2706422018348624,1
84927F,PSYCHEDELIC TILE HOOK,166.35,36,295,5,41,10,1.9500000000000002,164.4,0.7876744186046513,0.016666666666666666,7.0,4.01,335,0.8955223880597015,2
84931A,PINK SCOTTIE DOG W FLOWER PATTERN,209.1,20,82,0,22,11,0.0,209.1,2.55,0.0,4.0,9.5,329,0.24924012158054712,1
84931B,BLUE SCOTTIE DOG W FLOWER PATTERN,334.04999999999995,21,131,3,26,10,7.6499999999999995,326.4,2.55,0.022388059701492536,5.0,12.55,329,0.4072948328267477,0
84951A,SET OF 4 PISTACHIO LOVEBIRD COASTER,314.27,26,362,24,34,11,18.96,295.31,0.9970588235294118,0.06217616580310881,11.0,8.69,361,1.0692520775623269,0
84951B,SET OF 4 BLACK LOVEBIRD COASTERS,318.44,24,334,0,31,10,0.0,318.44,1.0784375,0.0,11.0,10.27,364,0.9175824175824175,2
84952A,CLEAR LOVE BIRD T-LIGHT HOLDER,146.21,6,38,0,6,4,0.0,146.21,4.368333333333333,0.0,6.0,24.37,341,0.11143695014662756,1
84952B,BLACK LOVE BIRD T-LIGHT HOLDER,247.46,10,145,3,14,9,11.25,236.21,3.3007142857142857,0.02027027027027027,11.0,16.87,348,0.42528735632183906,0
84952C,MIRROR LOVE BIRD T-LIGHT HOLDER,225.0,7,140,0,9,5,0.0,225.0,3.0,0.0,16.0,25.0,313,0.4472843450479233,2
84963A,PINK PAINTED KASHMIRI CHAIR,171.8,1,4,0,1,1,0.0,171.8,42.95,0.0,4.0,171.8,1,4.0,1
84963B,BLUE PAINTED KASHMIRI CHAIR,149.85000000000002,1,3,0,1,1,0.0,149.85000000000002,49.95,0.0,3.0,149.85,1,3.0,1
84968A,SET OF 16 VINTAGE ROSE CUTLERY,1787.85,32,147,10,51,12,127.5,1660.35,12.680769230769231,0.06369426751592357,3.0,32.56,365,0.4301369863013699,0
84968B,SET OF 16 VINTAGE IVORY CUTLERY,25.5,2,2,0,2,2,0.0,25.5,12.75,0.0,1.0,12.75,20,0.1,1
84968C,SET OF 16 VINTAGE PISTACHIO CUTLERY,1198.5,37,94,4,50,12,51.0,1147.5,12.75,0.04081632653061224,2.0,22.95,357,0.27450980392156865,0
84968D,SET OF 16 VINTAGE RED CUTLERY,814.92,27,62,1,32,10,12.75,802.17,13.513125,0.015873015873015872,2.0,25.07,365,0.1726027397260274,0
84968E,SET OF 16 VINTAGE BLACK CUTLERY,1035.06,15,87,0,22,9,0.0,1035.06,13.141363636363637,0.0,4.0,47.05,337,0.258160237388724,1
84968F,SET OF 16 VINTAGE SKY BLUE CUTLERY,951.3,25,78,0,30,12,0.0,951.3,12.69,0.0,3.0,31.71,343,0.22740524781341107,1
84970L,SINGLE HEART ZINC T-LIGHT HOLDER,5663.53,234,5699,12,337,12,11.399999999999999,5652.129999999999,1.027248520710059,0.0021012081947119595,17.0,16.77,373,15.310991957104557,3
84970S,HANGING HEART ZINC T-LIGHT HOLDER,6808.49,271,8444,25,418,12,20.2,6788.29,0.8680143540669856,0.00295194237808478,20.0,16.24,371,22.827493261455526,3
84971S,SMALL HEART FLOWERS HOOK ,1365.5,69,1654,1,115,12,0.85,1364.6499999999999,0.8574137931034482,0.0006042296072507553,14.0,11.87,374,4.425133689839572,2
84984A,GREEN PEONY CUSHION COVER,88.35000000000001,4,19,0,6,5,0.0,88.35000000000001,4.65,0.0,3.0,14.73,173,0.10982658959537572,1
84984B,RED PEONY CUSHION COVER ,79.05000000000001,4,17,0,5,4,0.0,79.05000000000001,4.65,0.0,3.0,15.81,173,0.09826589595375723,1
84984D,ORIENTAL RED CUSHION COVER ,60.45,3,13,0,4,4,0.0,60.45,4.65,0.0,3.0,15.11,104,0.125,1
84985A,SET OF 72 GREEN PAPER DOILIES,59.449999999999996,15,41,5,19,4,7.25,52.199999999999996,1.45,0.10869565217391304,2.0,2.75,91,0.5054945054945055,0
84989A,75 GREEN FAIRY CAKE CASES,14.850000000000001,16,27,0,17,8,0.0,14.850000000000001,0.55,0.0,2.0,0.87,335,0.08059701492537313,1
84993A,75 GREEN PETIT FOUR CASES,128.1,30,305,0,33,12,0.0,128.1,0.42,0.0,9.0,3.88,372,0.8198924731182796,2
84993B,75 BLACK PETIT FOUR CASES,23.94,16,57,0,17,6,0.0,23.94,0.42,0.0,3.0,1.41,247,0.23076923076923078,1
84997A,CHILDRENS CUTLERY POLKADOT GREEN ,6599.06,115,1688,13,169,11,49.95,6549.110000000001,4.183727810650888,0.007642563198118754,10.0,38.75,372,4.57258064516129,3
84997A,GREEN 3 PIECE POLKADOT CUTLERY SET,3019.23,55,837,0,68,4,0.0,3019.23,3.816470588235294,0.0,12.0,44.4,372,2.25,2
84997B,CHILDRENS CUTLERY RETROSPOT RED ,9603.68,158,2492,6,230,11,22.5,9581.18,4.148111587982833,0.0024019215372297837,11.0,41.66,374,6.679144385026738,3
84997B,RED 3 PIECE RETROSPOT CUTLERY SET,5555.13,80,1543,28,99,4,105.0,5450.13,3.7932,0.01782304264799491,16.0,55.05,374,4.2005347593582885,3
84997C,BLUE 3 PIECE POLKADOT CUTLERY SET,4213.34,80,1170,0,97,5,0.0,4213.34,3.8011340206185564,0.0,12.0,43.44,374,3.128342245989305,2
84997C,CHILDRENS CUTLERY POLKADOT BLUE,9827.25,151,2523,6,213,11,22.9,9804.35,4.118075117370893,0.002372479240806643,12.0,46.03,374,6.762032085561497,3
84997D,CHILDRENS CUTLERY POLKADOT PINK,13788.300000000001,209,3528,4,324,11,15.0,13773.300000000001,4.171284403669724,0.0011325028312570782,11.0,42.51,373,9.46916890080429,3
84997D,PINK 3 PIECE POLKADOT CUTLERY SET,5010.400000000001,83,1392,25,103,4,93.75,4916.650000000001,3.8028155339805827,0.017642907551164433,14.0,47.73,373,3.798927613941019,3
85014A,BLACK/BLUE POLKADOT UMBRELLA,6361.990000000001,184,1132,6,257,12,35.7,6326.290000000001,6.096186770428016,0.005272407732864675,4.0,24.62,371,3.0673854447439353,3
85014B,RED RETROSPOT UMBRELLA,10217.720000000001,211,1841,2,305,12,11.9,10205.820000000002,6.092918032786886,0.0010851871947911015,6.0,33.46,373,4.941018766756033,3
85017A,ENVELOPE 50 ROMANTIC IMAGES,5.1,2,6,0,2,2,0.0,5.1,0.85,0.0,3.0,2.55,7,0.8571428571428571,1
85017B,ENVELOPE 50 BLOSSOM IMAGES,491.55,65,947,12,75,11,10.2,481.34999999999997,0.5044736842105263,0.01251303441084463,13.0,6.42,326,2.941717791411043,3
85017C,ENVELOPE 50 CURIOUS IMAGES,26.17,10,49,0,10,5,0.0,26.17,0.6154545454545454,0.0,5.0,2.62,159,0.3081761006289308,1
85018D,YULETIDE IMAGES S/6 PAPER BOXES,30.599999999999998,6,12,0,7,2,0.0,30.599999999999998,2.55,0.0,2.0,4.37,43,0.27906976744186046,1
85019A,ROMANTIC IMAGES NOTEBOOK SET,547.25,25,409,0,28,11,0.0,547.25,1.7857142857142858,0.0,15.0,19.54,372,1.0994623655913978,2
85019B,BLOSSOM  IMAGES NOTEBOOK SET,640.5,21,498,0,25,11,0.0,640.5,1.37,0.0,20.0,25.62,332,1.5,2
85019C,CURIOUS  IMAGES NOTEBOOK SET,262.25,9,181,12,11,7,51.0,211.25,2.6136363636363638,0.06217616580310881,18.0,19.2,190,1.0157894736842106,0
85023B,EAU DE NILE JEWELLED PHOTOFRAME,232.8,11,104,73,14,8,153.75000000000003,79.05,2.4857142857142853,0.4124293785310734,13.0,5.65,351,0.5042735042735043,0
85023C,PINK LARGE JEWELED PHOTOFRAME,0.0,1,0,1,1,1,2.55,-2.55,2.55,1.0,1.0,-2.55,1,1.0,1
85024B,EAU DE NILE JEWELLED PHOTOFRAME,289.65,12,193,0,12,10,0.0,289.65,1.633333333333333,0.0,16.0,24.14,309,0.6245954692556634,2
85024C,PINK SMALL JEWELLED PHOTOFRAME,19.799999999999997,9,12,1,10,6,1.65,18.15,1.65,0.07692307692307693,1.0,1.82,350,0.037142857142857144,1
85025B,EAU DE NILE HEART SHAPE PHOTO FRAME,471.15,21,303,1,22,9,1.65,469.49999999999994,1.6409090909090909,0.003289473684210526,14.0,21.34,333,0.9129129129129129,2
85025C,PINK HEART SHAPE PHOTO FRAME,476.34999999999997,28,307,1,29,9,1.65,474.69999999999993,1.6433333333333333,0.003246753246753247,11.0,16.37,265,1.1622641509433962,2
85026B,EAU DE NILE JEWELLED T-LIGHT HOLDER,63.75,9,75,0,9,6,0.0,63.75,0.85,0.0,8.0,7.08,366,0.20491803278688525,1
85027L,FRENCH CHATEAU LARGE PLATTER ,160.5,17,70,5,19,4,9.75,150.75,2.8973684210526316,0.06666666666666667,4.0,7.93,135,0.5555555555555556,0
85028L,FRENCH CHATEAU LARGE FRUIT BOWL ,19.5,4,10,0,4,2,0.0,19.5,1.95,0.0,2.0,4.88,12,0.8333333333333334,1
85028S,FRENCH CHATEAU SMALL FRUITBOWL,51.599999999999994,8,24,0,8,2,0.0,51.599999999999994,2.025,0.0,3.0,6.45,12,2.0,1
85031A,ROMANTIC IMAGES SCRAP BOOK SET,45.9,7,16,0,7,4,0.0,45.9,3.892857142857143,0.0,2.0,6.56,123,0.13008130081300814,1
85031B,BLOSSOM IMAGES SCRAP BOOK SET,4.95,1,1,0,1,1,0.0,4.95,4.95,0.0,1.0,4.95,1,1.0,1
85031C,CURIOUS IMAGES SCRAP BOOK SET,14.850000000000001,1,3,0,1,1,0.0,14.850000000000001,4.95,0.0,3.0,14.85,1,3.0,1
85032A,ROMANTIC IMAGES GIFT WRAP SET,679.1500000000001,82,737,0,96,10,0.0,679.1500000000001,0.7708333333333334,0.0,8.0,7.07,364,2.0247252747252746,2
85032B,BLOSSOM IMAGES GIFT WRAP SET,655.8000000000001,84,739,0,93,10,0.0,655.8000000000001,0.7591397849462367,0.0,8.0,7.05,362,2.041436464088398,2
85032C,CURIOUS IMAGES GIFT WRAP SET,565.1,72,595,12,85,11,7.800000000000001,557.3000000000001,0.7848837209302325,0.019769357495881382,7.0,6.56,364,1.6675824175824177,3
85032D,YULETIDE IMAGES GIFT WRAP SET,467.50000000000006,58,630,12,59,7,7.800000000000001,459.70000000000005,0.8675,0.018691588785046728,11.0,7.79,309,2.0776699029126213,3
85034A,3 GARDENIA MORRIS BOXED CANDLES,840.29,58,489,7,70,11,20.75,819.54,2.329473684210526,0.014112903225806451,7.0,11.71,357,1.3893557422969187,0
85034B,3 WHITE CHOC MORRIS BOXED CANDLES,1357.44,80,880,0,90,8,0.0,1357.44,2.0891304347826085,0.0,10.0,15.08,369,2.3848238482384825,2
85034C,3 ROSE MORRIS BOXED CANDLES,1555.64,109,1068,20,136,9,73.0,1482.64,1.8214685314685313,0.01838235294117647,8.0,10.9,369,2.948509485094851,3
85035A,GARDENIA 3 WICK MORRIS BOXED CANDLE,677.04,60,260,6,74,10,25.5,651.54,3.367402597402598,0.022556390977443608,4.0,8.8,328,0.8109756097560976,0
85035B,CHOCOLATE 3 WICK MORRIS BOX CANDLE,816.25,38,557,0,43,7,0.0,816.25,2.5755813953488373,0.0,13.0,18.98,331,1.6827794561933536,2
85035C,ROSE 3 WICK MORRIS BOX CANDLE,1592.7,86,1090,0,107,11,0.0,1592.7,2.2063963963963964,0.0,10.0,14.89,361,3.0193905817174516,2
85036A,GARDENIA 1 WICK MORRIS BOXED CANDLE,631.03,48,199,1,53,12,1.25,629.78,3.4633333333333334,0.005,4.0,11.88,345,0.5797101449275363,2
85036B,CHOCOLATE 1 WICK MORRIS BOX CANDLE,553.58,40,352,6,43,11,25.5,528.08,2.129302325581395,0.01675977653631285,8.0,12.28,349,1.0257879656160458,0
85036C,ROSE 1 WICK MORRIS BOXED CANDLE,1013.52,66,726,193,79,12,232.25,781.27,2.3284146341463416,0.2100108813928183,12.0,9.89,353,2.603399433427762,0
85039A,SET/4 RED MINI ROSE CANDLE IN BOWL,583.2499999999999,26,443,0,40,10,0.0,583.2499999999999,1.59825,0.0,11.0,14.58,358,1.2374301675977655,2
85039B,S/4 IVORY MINI ROSE CANDLE IN BOWL,669.91,38,491,0,51,11,0.0,669.91,1.6151923076923076,0.0,10.0,13.14,363,1.3526170798898072,2
85039C,S/4 BLACK MINI ROSE CANDLE IN BOWL,129.94,10,222,1,13,7,1.65,128.29,1.3599999999999999,0.004484304932735426,17.0,9.87,356,0.6264044943820225,2
85040A,S/4 PINK FLOWER CANDLES IN BOWL,1344.8899999999999,88,805,16,132,12,26.4,1318.4899999999998,1.7083941605839414,0.0194884287454324,6.0,9.99,360,2.2805555555555554,3
85040B,SET/4 BLUE FLOWER CANDLES IN BOWL,222.74999999999997,29,135,4,37,5,6.6,216.14999999999998,1.65,0.02877697841726619,4.0,5.84,123,1.1300813008130082,0
85049A,TRADITIONAL CHRISTMAS RIBBONS,3602.8,204,2903,12,267,12,15.0,3587.8,1.2923897058823528,0.00411663807890223,11.0,13.44,374,7.794117647058823,3
85049B,LUSH GREENS RIBBONS,67.5,13,54,0,13,2,0.0,67.5,1.25,0.0,4.0,5.19,55,0.9818181818181818,1
85049C,ROMANTIC PINKS RIBBONS ,1468.85,162,1196,0,205,12,0.0,1468.85,1.2548571428571427,0.0,6.0,7.17,372,3.21505376344086,2
85049D,BRIGHT BLUES RIBBONS ,671.25,85,537,0,102,10,0.0,671.25,1.25,0.0,5.0,6.58,302,1.7781456953642385,2
85049E,SCANDINAVIAN REDS RIBBONS,3492.2,248,2741,15,337,12,18.75,3473.45,1.2917784256559766,0.00544267053701016,8.0,10.31,374,7.3689839572192515,3
85049F,BABY BOOM RIBBONS ,467.5,70,374,0,85,10,0.0,467.5,1.25,0.0,4.0,5.5,298,1.25503355704698,2
85049G,CHOCOLATE BOX RIBBONS ,1917.58,162,1573,14,229,12,17.5,1900.08,1.273723849372385,0.008821676118462508,7.0,8.3,372,4.266129032258065,3
85049H,URBAN BLACK RIBBONS ,519.22,58,447,0,73,12,0.0,519.22,1.194078947368421,0.0,6.0,7.11,370,1.2081081081081082,2
85061W,WHITE JEWELLED HEART DECORATION,1594.5,77,1968,7,110,12,5.95,1588.55,0.8561538461538462,0.0035443037974683543,18.0,14.44,372,5.309139784946237,3
85071A,BLUE CHARLIE+LOLA PERSONAL DOORSIGN,512.8000000000001,78,976,152,92,11,448.4,64.40000000000002,0.7711702127659575,0.1347517730496454,12.0,0.7,370,3.0486486486486486,3
85071B,RED CHARLIE+LOLA PERSONAL DOORSIGN,618.35,88,1245,2,104,10,5.9,612.45,0.655377358490566,0.0016038492381716118,12.0,5.89,373,3.3431635388739944,2
85071C,"CHARLIE+LOLA""EXTREMELY BUSY"" SIGN",313.78,62,607,0,72,10,0.0,313.78,0.7483561643835616,0.0,8.0,4.36,373,1.6273458445040214,2
85071D,CHARLIE+LOLA MY ROOM DOOR SIGN,205.98,58,362,0,64,10,0.0,205.98,0.6845454545454546,0.0,6.0,3.22,370,0.9783783783783784,2
85086A,CANDY SPOT HEART DECORATION,38.25,8,45,0,8,5,0.0,38.25,0.85,0.0,6.0,4.78,202,0.22277227722772278,1
85098B,BLUE FLYING SINGING CANARY,0.0,1,0,1,1,1,3.75,-3.75,3.75,1.0,1.0,-3.75,1,1.0,1
85099B,JUMBO BAG RED RETROSPOT,85040.54000000001,636,46078,1115,1643,12,1984.02,83056.52,2.0131404460518385,0.023626385269001758,29.0,50.55,373,126.52278820375335,3
85099C,JUMBO  BAG BAROQUE BLACK WHITE,23630.58,306,12771,281,663,12,510.88000000000005,23119.7,2.010179104477612,0.0215292675452038,20.0,34.87,374,34.898395721925134,3
85099F,JUMBO BAG STRAWBERRY,30569.32,317,16771,250,667,12,448.49,30120.83,2.0040508221225712,0.014687738675753481,26.0,45.16,373,45.63270777479893,3
85114A,BLACK ENCHANTED FOREST PLACEMAT,893.25,20,585,0,42,12,0.0,893.25,1.630952380952381,0.0,14.0,21.27,365,1.6027397260273972,2
85114B,IVORY ENCHANTED FOREST PLACEMAT,624.4499999999999,36,393,2,52,11,3.3,621.15,1.6423076923076922,0.005063291139240506,8.0,11.95,372,1.0618279569892473,2
85114C,RED ENCHANTED FOREST PLACEMAT,730.05,37,457,0,60,11,0.0,730.05,1.6436507936507936,0.0,8.0,12.17,371,1.2318059299191375,2
85123A,CREAM HANGING HEART T-LIGHT HOLDER,155.35,7,57,0,7,1,0.0,155.35,2.892857142857143,0.0,8.0,22.19,374,0.15240641711229946,1
85123A,WHITE HANGING HEART T-LIGHT HOLDER,100392.1,858,36706,2578,2013,12,6624.3,93767.8,2.8910204081632656,0.06562468180429691,20.0,46.58,374,105.03743315508021,3
85124B,BLUE JUICY FRUIT PHOTO FRAME,209.1,23,82,6,30,12,15.299999999999999,193.79999999999998,2.55,0.06818181818181818,3.0,6.46,340,0.25882352941176473,0
85124C,GREEN JUICY FRUIT PHOTO FRAME,214.2,23,84,0,31,10,0.0,214.2,2.55,0.0,3.0,6.91,325,0.25846153846153846,1
85129B,BEADED CRYSTAL HEART GREEN SMALL,124.11,10,101,0,16,7,0.0,124.11,1.389375,0.0,6.0,7.76,366,0.27595628415300544,1
85129C,BEADED CRYSTAL HEART BLUE SMALL,99.88,8,77,0,12,7,0.0,99.88,1.5525,0.0,6.0,8.32,342,0.22514619883040934,1
85129D,BEADED CRYSTAL HEART PINK SMALL,240.13,16,165,0,34,11,0.0,240.13,1.4991176470588234,0.0,5.0,7.06,366,0.45081967213114754,2
85130A,BEADED PEARL HEART WHITE LARGE,127.04999999999998,10,77,0,10,4,0.0,127.04999999999998,1.65,0.0,8.0,12.7,172,0.4476744186046512,1
85130B,BEADED CRYSTAL HEART GREEN LARGE,707.7,44,816,0,50,10,0.0,707.7,0.9564,0.0,16.0,14.15,353,2.311614730878187,2
85130C,BEADED CRYSTAL HEART BLUE  LARGE,424.06,37,478,0,43,10,0.0,424.06,0.9268181818181819,0.0,11.0,9.86,322,1.484472049689441,2
85130D,BEADED CRYSTAL HEART PINK LARGE,526.38,41,552,0,51,12,0.0,526.38,1.1207692307692307,0.0,11.0,10.32,368,1.5,2
85131A,BEADED PEARL HEART WHITE ON STICK,462.17,21,469,13,28,8,11.27,450.9,1.1839285714285714,0.026970954356846474,17.0,16.1,332,1.4518072289156627,0
85131B,BEADED CRYSTAL HEART GREEN ON STICK,120.38,2,142,0,13,6,0.0,120.38,0.8946153846153846,0.0,11.0,9.26,324,0.4382716049382716,1
85131C,BEADED CRYSTAL HEART BLUE ON STICK,78.71,5,73,0,11,6,0.0,78.71,1.0036363636363637,0.0,7.0,7.16,303,0.24092409240924093,1
85131D,BEADED CRYSTAL HEART PINK ON STICK,113.09,5,115,0,12,7,0.0,113.09,1.005,0.0,10.0,9.42,324,0.3549382716049383,1
85132A,CHARLIE + LOLA BISCUITS TINS,963.3499999999999,38,453,2,53,5,3.9,959.4499999999999,2.8556603773584905,0.004395604395604396,9.0,18.1,173,2.6300578034682083,2
85132B,CHARLIE AND LOLA TABLE TINS,1048.35,44,513,0,60,6,0.0,1048.35,2.75,0.0,9.0,17.47,200,2.565,2
85132C,CHARLIE AND LOLA FIGURES TINS,2817.7999999999997,96,1404,5,130,8,9.75,2808.0499999999997,2.316412213740458,0.0035486160397444995,11.0,21.6,270,5.218518518518518,3
85135A,YELLOW DRAGONFLY HELICOPTER,119.25,6,15,0,6,2,0.0,119.25,7.95,0.0,2.0,19.88,339,0.04424778761061947,1
85135B,BLUE DRAGONFLY HELICOPTER,373.65000000000003,28,47,1,35,8,7.95,365.7,7.949999999999999,0.020833333333333332,1.0,10.45,351,0.13675213675213677,0
85135C,RED DRAGONFLY HELICOPTER,620.1,41,78,1,50,11,7.95,612.15,7.95,0.012658227848101266,2.0,12.24,371,0.21293800539083557,0
85136A,YELLOW SHARK HELICOPTER,397.5,35,50,0,37,10,0.0,397.5,7.95,0.0,1.0,10.74,370,0.13513513513513514,1
85136B,BLUE SHARK HELICOPTER,15.9,2,2,0,2,1,0.0,15.9,7.95,0.0,1.0,7.95,3,0.6666666666666666,1
85136C,RED SHARK HELICOPTER,278.25,20,35,0,25,5,0.0,278.25,7.95,0.0,1.0,11.13,372,0.09408602150537634,1
85159A,"BLACK TEA,COFFEE,SUGAR JARS",779.4499999999999,38,451,40,51,12,82.39999999999999,697.05,2.057843137254902,0.0814663951120163,10.0,13.67,368,1.3342391304347827,0
85159B,"WHITE TEA,COFFEE,SUGAR JARS",1134.5,45,622,38,72,12,86.54,1047.96,2.1516666666666664,0.05757575757575758,9.0,14.56,352,1.875,0
85160B,BLACK BIRD GARDEN DESIGN MUG,46.11,15,105,2,16,8,0.78,45.33,0.44058823529411767,0.018691588785046728,7.0,2.83,288,0.3715277777777778,1
85163A,WHITE BAROQUE WALL CLOCK ,349.95,15,45,0,18,9,0.0,349.95,11.572222222222223,0.0,2.0,19.44,342,0.13157894736842105,1
85163B,BLACK BAROQUE WALL CLOCK ,333.6,11,44,1,15,10,12.75,320.85,11.336666666666668,0.022222222222222223,3.0,21.39,342,0.13157894736842105,0
85167B,BLACK GRAND BAROQUE PHOTO FRAME,93.0,7,48,0,7,4,0.0,93.0,3.392857142857143,0.0,7.0,13.29,124,0.3870967741935484,1
85168B,BLACK BAROQUE CARRIAGE CLOCK,149.67,5,17,0,7,5,0.0,149.67,9.06142857142857,0.0,2.0,21.38,169,0.10059171597633136,1
85169A,IVORY LOVE BIRD CANDLE,496.72,44,502,0,48,12,0.0,496.72,1.1691836734693877,0.0,10.0,10.35,368,1.3641304347826086,2
85169B,BLACK LOVE BIRD CANDLE,191.49,17,201,0,25,10,0.0,191.49,1.1504,0.0,8.0,7.66,365,0.5506849315068493,2
85169C,EAU DE NIL LOVE BIRD CANDLE,353.72,14,336,0,21,10,0.0,353.72,1.1833333333333333,0.0,16.0,16.84,358,0.9385474860335196,2
85169D,PINK LOVE BIRD CANDLE,236.48000000000002,20,232,0,22,10,0.0,236.48000000000002,1.1659090909090908,0.0,11.0,10.75,351,0.6609686609686609,2
85170A,SET/6 IVORY BIRD T-LIGHT CANDLES,2.1,1,1,0,1,1,0.0,2.1,2.1,0.0,1.0,2.1,1,1.0,1
85170B,SET/6 BLACK BIRD T-LIGHT CANDLES,195.9,14,179,1,24,10,2.1,193.8,1.8395833333333333,0.005555555555555556,8.0,8.08,358,0.5027932960893855,2
85170C,SET/6 EAU DE NIL BIRD T-LIGHTS,366.23,26,252,0,29,11,0.0,366.23,1.9544827586206897,0.0,9.0,12.63,356,0.7078651685393258,2
85170D,SET/6 PINK BIRD T-LIGHT CANDLES,497.21000000000004,30,355,5,53,11,8.0,489.21000000000004,2.169811320754717,0.013888888888888888,7.0,9.23,366,0.9836065573770492,0
85179A,GREEN BITTY LIGHT CHAIN,188.31,15,119,0,17,5,0.0,188.31,2.9770588235294118,0.0,7.0,11.08,367,0.3242506811989101,1
85179C,PINK BITTY LIGHT CHAIN,89.65,7,69,0,7,4,0.0,89.65,1.7357142857142858,0.0,10.0,12.81,133,0.518796992481203,1
85180A,RED HEARTS LIGHT CHAIN ,844.34,32,434,6,38,10,27.900000000000002,816.44,3.0930769230769233,0.013636363636363636,12.0,21.49,357,1.2324929971988796,0
85180B,PINK HEARTS LIGHT CHAIN ,381.0,19,196,0,21,8,0.0,381.0,3.354761904761905,0.0,9.0,18.14,358,0.547486033519553,2
85183A,CHARLIE & LOLA WASTEPAPER BIN BLUE,805.75,61,657,2,83,10,2.5,803.25,1.326470588235294,0.0030349013657056147,8.0,9.68,358,1.8407821229050279,2
85183B,CHARLIE & LOLA WASTEPAPER BIN FLORA,1228.25,84,977,0,106,12,0.0,1228.25,1.4042056074766356,0.0,9.0,11.59,369,2.6476964769647697,2
85184C,S/4 VALENTINE DECOUPAGE HEART BOX,2025.1000000000001,82,1368,0,92,6,0.0,2025.1000000000001,2.2989130434782608,0.0,15.0,22.01,370,3.6972972972972973,2
85184C,SET 4 VALENTINE DECOUPAGE HEART BOX,441.53000000000003,38,151,0,44,7,0.0,441.53000000000003,3.0673333333333335,0.0,3.0,10.03,370,0.4081081081081081,2
85185B,PINK HORSE SOCK PUPPET,688.8000000000001,40,240,0,45,10,0.0,688.8000000000001,2.932608695652174,0.0,5.0,15.31,364,0.6593406593406593,2
85185B,PINK HORSE SOCK PUPPET KIT,123.9,13,42,1,15,2,2.95,120.95000000000002,2.95,0.023255813953488372,3.0,8.06,364,0.11813186813186813,1
85185D,FROG SOCK PUPPET,44.25000000000001,7,15,0,8,4,0.0,44.25000000000001,2.95,0.0,2.0,5.53,175,0.08571428571428572,1
85186A,EASTER BUNNY GARLAND OF FLOWERS,200.34,35,477,0,37,4,0.0,200.34,0.42,0.0,13.0,5.41,91,5.241758241758242,2
85186C,BUNNY EGG GARLAND,173.46,32,413,20,34,6,8.4,165.06,0.42,0.046189376443418015,13.0,4.85,280,1.5464285714285715,0
85188A,GREEN METAL SWINGING BUNNY,256.7,29,302,3,35,5,2.55,254.14999999999998,0.85,0.009836065573770493,9.0,7.26,175,1.7428571428571429,2
85188B,PINK METAL SWINGING BUNNY,63.74999999999999,8,75,0,8,3,0.0,63.74999999999999,0.85,0.0,9.0,7.97,69,1.0869565217391304,1
85194L,HANGING SPRING FLOWER EGG LARGE,746.28,52,900,28,59,6,23.799999999999997,722.4799999999999,0.8477966101694915,0.03017241379310345,16.0,12.25,344,2.697674418604651,3
85194S,HANGING SPRING FLOWER EGG SMALL,447.75000000000006,50,1163,29,58,11,18.39,429.36,0.4675862068965517,0.024328859060402684,21.0,7.4,334,3.568862275449102,3
85199L,LARGE HANGING IVORY & RED WOOD BIRD,598.37,52,925,13,67,12,8.450000000000001,589.9200000000001,0.6482089552238806,0.013859275053304905,14.0,8.8,373,2.514745308310992,3
85199S,SMALL HANGING IVORY/RED WOOD BIRD,943.13,101,2227,24,158,12,10.08,933.05,0.44236363636363635,0.010661928031985785,14.0,5.91,373,6.03485254691689,3
85205B,PINK FELT EASTER RABBIT GARLAND,295.8,22,116,0,24,5,0.0,295.8,2.55,0.0,5.0,12.32,123,0.943089430894309,2
85206A,CREAM FELT EASTER EGG BASKET,1446.8999999999999,99,914,0,103,4,0.0,1446.8999999999999,1.6423076923076922,0.0,9.0,14.05,102,8.96078431372549,2
85206B,PINK FELT EASTER EGG BASKET,23.099999999999998,4,14,0,4,1,0.0,23.099999999999998,1.65,0.0,4.0,5.78,8,1.75,1
85230A,OPIUM SCENTED VOTIVE CANDLE,203.27999999999997,14,840,0,18,8,0.0,203.27999999999997,0.2633333333333333,0.0,47.0,11.29,347,2.4207492795389047,2
85230B,CINNAMON SCENTED VOTIVE CANDLE,326.23999999999995,30,1264,0,38,11,0.0,326.23999999999995,0.27736842105263154,0.0,33.0,8.59,369,3.4254742547425474,2
85230E,STRAWBRY SCENTED VOTIVE CANDLE,267.45,17,1101,0,24,10,0.0,267.45,0.26666666666666666,0.0,46.0,11.14,275,4.003636363636364,2
85230F,JASMINE VOTIVE CANDLE,90.33999999999999,11,338,0,12,7,0.0,90.33999999999999,0.27666666666666667,0.0,28.0,7.53,342,0.9883040935672515,2
85230G,ORANGE VOTIVE CANDLE,257.03999999999996,20,1032,48,26,11,13.919999999999998,243.11999999999998,0.2715384615384615,0.044444444444444446,42.0,9.35,359,3.0083565459610027,3
85231B,CINAMMON SET OF 9 T-LIGHTS,672.06,74,798,11,109,12,9.35,662.7099999999999,0.8894642857142856,0.013597033374536464,7.0,6.08,373,2.168900804289544,3
85231G,ORANGE SCENTED SET/9 T-LIGHTS,471.45,49,573,10,67,11,8.5,462.95,0.8576470588235294,0.017152658662092625,9.0,6.91,307,1.8990228013029316,3
85232A,SET/3 POLKADOT STACKING TINS,349.5,22,74,3,26,6,14.850000000000001,334.65000000000003,4.923076923076923,0.03896103896103896,3.0,12.87,172,0.4476744186046512,0
85232B,SET OF 3 BABUSHKA STACKING TINS,1321.6499999999999,8,267,255,15,3,1258.05,63.59999999999991,4.856666666666667,0.4885057471264368,35.0,4.24,72,7.25,0
85232D,SET/3 DECOUPAGE STACKING TINS,827.7,45,174,3,54,10,14.850000000000001,812.85,4.924074074074075,0.01694915254237288,3.0,15.05,366,0.48360655737704916,0
90000A,RASPBERRY ANT COPPER FLOWER NECKLAC,65.45,6,11,0,6,5,0.0,65.45,5.95,0.0,2.0,10.91,262,0.04198473282442748,1
90000B,MIDNIGHT BLUE COPPER FLOWER NECKLAC,17.85,2,3,0,2,2,0.0,17.85,5.95,0.0,2.0,8.93,113,0.02654867256637168,1
90000D,COPPER/OLIVE GREEN FLOWER NECKLACE,35.7,4,6,0,4,4,0.0,35.7,5.95,0.0,2.0,8.93,233,0.02575107296137339,1
90001A,ANTIQUE RASPBERRY FLOWER EARRINGS,8.5,1,2,0,1,1,0.0,8.5,4.25,0.0,2.0,8.5,1,2.0,1
90001B,ANTIQUE MID BLUE FLOWER EARRINGS,17.0,2,4,0,2,2,0.0,17.0,4.25,0.0,2.0,8.5,73,0.0547945205479452,1
90001C,ANTIQUE OPAL WHITE FLOWER EARRINGS,8.5,2,2,0,2,2,0.0,8.5,4.25,0.0,1.0,4.25,194,0.010309278350515464,1
90001D,ANTIQUE OLIVE GREEN FLOWER EARRINGS,21.25,3,5,0,3,3,0.0,21.25,4.25,0.0,2.0,7.08,119,0.04201680672268908,1
90002D,FLOWER BURST SILVER RING CRYSTAL,37.5,5,10,0,6,4,0.0,37.5,3.75,0.0,2.0,6.25,158,0.06329113924050633,1
90003B,ROSE COLOUR PAIR HEART HAIR SLIDES,22.5,3,6,4,4,4,15.0,7.5,3.75,0.4,2.0,1.88,305,0.03278688524590164,1
90003C,MIDNIGHT BLUE PAIR HEART HAIR SLIDE,45.0,5,12,4,6,5,15.0,30.0,3.75,0.25,3.0,5.0,305,0.05245901639344262,0
90003D,CRYSTAL PAIR HEART HAIR SLIDES,67.5,7,18,4,8,6,15.0,52.5,3.75,0.18181818181818182,3.0,6.56,331,0.06646525679758308,0
90003E,GREEN PAIR HEART HAIR SLIDES,30.0,2,8,4,3,3,15.0,15.0,3.75,0.3333333333333333,4.0,5.0,51,0.23529411764705882,1
90010A,MIDNIGHT BLUE GLASS/SILVER BRACELET,62.64999999999999,5,7,0,5,4,0.0,62.64999999999999,8.95,0.0,1.0,12.53,217,0.03225806451612903,1
90010B,BLACK/WHITE GLASS/SILVER BRACELET,62.64999999999999,3,7,0,3,3,0.0,62.64999999999999,8.95,0.0,2.0,20.88,87,0.08045977011494253,1
90010E,AMBER GLASS/SILVER BRACELET,89.5,7,10,0,7,5,0.0,89.5,8.95,0.0,1.0,12.79,267,0.03745318352059925,1
90011A,MIDNIGHT BLUE CRYSTAL DROP EARRINGS,2.95,1,1,0,1,1,0.0,2.95,2.95,0.0,1.0,2.95,1,1.0,1
90011B,BLACK CRYSTAL DROP EARRINGS,20.650000000000002,2,7,0,2,2,0.0,20.650000000000002,2.95,0.0,4.0,10.32,207,0.033816425120772944,1
90012A,MIDNIGHT BLUE DROP CRYSTAL NECKLACE,23.6,2,8,0,2,1,0.0,23.6,2.95,0.0,4.0,11.8,5,1.6,1
90012B,BLACK DROP CRYSTAL NECKLACE,35.400000000000006,2,12,0,2,2,0.0,35.400000000000006,2.95,0.0,6.0,17.7,34,0.35294117647058826,1
90013A,MIDNIGHT BLUE VINTAGE EARRINGS,60.0,3,16,8,4,4,30.0,30.0,3.75,0.3333333333333333,6.0,7.5,96,0.25,0
90013C,GREEN VINTAGE EARRINGS ,41.25,4,11,0,4,3,0.0,41.25,3.75,0.0,3.0,10.31,191,0.05759162303664921,1
90014A,SILVER M.O.P. ORBIT NECKLACE,23.6,3,8,0,3,2,0.0,23.6,2.9500000000000006,0.0,3.0,7.87,326,0.024539877300613498,1
90014A,SILVER/MOP ORBIT NECKLACE,79.6,5,8,0,7,6,0.0,79.6,9.95,0.0,1.0,11.37,326,0.024539877300613498,1
90014B,GOLD M PEARL  ORBIT NECKLACE,79.6,5,8,0,6,5,0.0,79.6,9.95,0.0,1.0,13.27,317,0.025236593059936908,1
90014B,GOLD M.O.P. ORBIT NECKLACE,5.9,2,2,0,2,1,0.0,5.9,2.95,0.0,1.0,2.95,317,0.006309148264984227,1
90014C,SILVER AND BLACK ORBIT NECKLACE,2.95,1,1,0,1,1,0.0,2.95,2.95,0.0,1.0,2.95,241,0.004149377593360996,1
90014C,SILVER/BLACK ORBIT NECKLACE,29.849999999999998,2,3,0,2,2,0.0,29.849999999999998,9.95,0.0,2.0,14.92,241,0.012448132780082987,1
90016A,SILVER/M.O.P PENDANT ORBIT NECKLACE,80.75,4,14,0,4,4,0.0,80.75,7.4375,0.0,4.0,20.19,272,0.051470588235294115,1
90016B,GOLD/M.O.P PENDANT ORBIT NECKLACE,76.5,6,9,0,8,6,0.0,76.5,8.5,0.0,1.0,9.56,304,0.029605263157894735,1
90018A,SILVER M.O.P ORBIT DROP EARRINGS,72.25,8,17,1,10,5,4.25,68.0,4.25,0.05555555555555555,2.0,6.8,267,0.06741573033707865,1
90018B,GOLD M.O.P ORBIT DROP EARRINGS,34.0,5,8,0,5,4,0.0,34.0,4.25,0.0,2.0,6.8,248,0.03225806451612903,1
90018C,SILVER BLACK ORBIT DROP EARRINGS,25.5,3,6,1,4,3,4.25,21.25,4.25,0.14285714285714285,2.0,5.31,49,0.14285714285714285,1
90019A,SILVER M.O.P ORBIT BRACELET,89.10000000000001,8,18,0,9,6,0.0,89.10000000000001,4.95,0.0,2.0,9.9,333,0.05405405405405406,1
90019B,GOLD M.O.P ORBIT BRACELET,9.9,2,2,0,2,2,0.0,9.9,4.95,0.0,1.0,4.95,69,0.028985507246376812,1
90019C,SILVER BLACK ORBIT BRACELET,19.8,3,4,0,3,3,0.0,19.8,4.95,0.0,1.0,6.6,82,0.04878048780487805,1
90024B,NEW BAROQUE B'FLY NECKLACE RED,34.0,2,4,2,3,3,17.0,17.0,8.5,0.3333333333333333,2.0,5.67,49,0.12244897959183673,1
90024C,NEW BAROQUE B'FLY NECKLACE GREEN,17.0,1,2,0,1,1,0.0,17.0,8.5,0.0,2.0,17.0,1,2.0,1
90024D,NEW BAROQUE B'FLY NECKLACE PINK,8.5,1,1,0,1,1,0.0,8.5,8.5,0.0,1.0,8.5,1,1.0,1
90024F,NEW BAROQUE B'FLY NECKLACE CRYSTAL,17.0,1,2,0,1,1,0.0,17.0,8.5,0.0,2.0,17.0,1,2.0,1
90025A,BAROQUE BUTTERFLY EARRINGS BLACK,7.5,2,2,0,2,2,0.0,7.5,3.75,0.0,1.0,3.75,183,0.01092896174863388,1
90025F,BAROQUE BUTTERFLY EARRINGS CRYSTAL,3.75,1,1,0,1,1,0.0,3.75,3.75,0.0,1.0,3.75,1,1.0,1
90026A,GLASS BEAD HOOP NECKLACE BLACK,17.0,1,2,0,1,1,0.0,17.0,8.5,0.0,2.0,17.0,1,2.0,1
90026B,GLASS BEAD HOOP NECKLACE MONTANA,17.0,2,2,0,2,2,0.0,17.0,8.5,0.0,1.0,8.5,40,0.05,1
90026C,GLASS BEAD HOOP NECKLACE GREEN,25.5,2,3,0,2,2,0.0,25.5,8.5,0.0,2.0,12.75,262,0.011450381679389313,1
90026D,GLASS BEAD HOOP NECKLACE AMETHYST,25.5,3,3,0,3,3,0.0,25.5,8.5,0.0,1.0,8.5,271,0.01107011070110701,1
90027A,GLASS BEAD HOOP EARRINGS BLACK,11.8,1,4,0,1,1,0.0,11.8,2.95,0.0,4.0,11.8,1,4.0,1
90027D,GLASS BEAD HOOP EARRINGS AMETHYST,11.8,1,4,0,1,1,0.0,11.8,2.95,0.0,4.0,11.8,1,4.0,1
90030A,SPOTTED WHITE NATURAL SEED NECKLACE,72.0,7,72,0,7,4,0.0,72.0,1.0,0.0,10.0,10.29,134,0.5373134328358209,1
90030B,RED KUKUI COCONUT SEED NECKLACE,131.8,13,112,0,15,7,0.0,131.8,1.3299999999999998,0.0,7.0,8.79,260,0.4307692307692308,2
90030C,BROWN KUKUI COCONUT SEED NECKLACE,74.0,8,74,0,8,4,0.0,74.0,1.0,0.0,9.0,9.25,130,0.5692307692307692,1
90035A,"PEARL & SHELL 42""NECKL. GREEN",43.0,1,4,0,2,2,0.0,43.0,10.75,0.0,2.0,21.5,120,0.03333333333333333,1
90035C,"PEARL & SHELL 42""NECKL. IVORY",21.5,1,2,0,1,1,0.0,21.5,10.75,0.0,2.0,21.5,1,2.0,1
90036A,FLOWER GARLAND NECKLACE RED,47.7,3,6,0,4,3,0.0,47.7,7.95,0.0,2.0,11.92,90,0.06666666666666667,1
90036B,"FLOWER GLASS GARLAND NECKL.36""GREEN",31.8,2,4,0,2,2,0.0,31.8,7.95,0.0,2.0,15.9,50,0.08,1
90036C,"FLOWER GLASS GARLAND NECKL.36""BLUE",47.7,2,6,0,2,2,0.0,47.7,7.95,0.0,3.0,23.85,172,0.03488372093023256,1
90036D,"FLOWER GLASS GARLAND NECKL.36""BLACK",87.45,4,11,0,4,4,0.0,87.45,7.95,0.0,3.0,21.86,187,0.058823529411764705,1
90036E,"FLOWER GLASS GARLD NECKL36""AMETHYST",55.650000000000006,4,7,0,5,4,0.0,55.650000000000006,7.95,0.0,1.0,11.13,312,0.022435897435897436,1
90036F,"FLOWER GLASS GARLD NECKL36""TURQUOIS",31.8,1,4,0,1,1,0.0,31.8,7.95,0.0,4.0,31.8,1,4.0,1
90037B,TINY CRYSTAL BRACELET GREEN,15.299999999999999,1,6,0,1,1,0.0,15.299999999999999,2.55,0.0,6.0,15.3,1,6.0,1
90038A,GLASS AND PAINTED BEADS BRACELET TO,22.5,1,6,0,1,1,0.0,22.5,3.75,0.0,6.0,22.5,1,6.0,1
90038B,GLASS AND PAINTED BEADS BRACELET OL,22.5,1,6,0,1,1,0.0,22.5,3.75,0.0,6.0,22.5,1,6.0,1
90038C,GLASS AND BEADS BRACELET IVORY,22.5,1,6,0,1,1,0.0,22.5,3.75,0.0,6.0,22.5,1,6.0,1
90039A,FIRE POLISHED GLASS BRACELET RED,22.5,1,6,0,1,1,0.0,22.5,3.75,0.0,6.0,22.5,1,6.0,1
90039B,FIRE POLISHED GLASS BRACELET MONTAN,22.5,1,6,0,1,1,0.0,22.5,3.75,0.0,6.0,22.5,1,6.0,1
90039C,FIRE POLISHED GLASS BRACELET BLACK,3.75,1,1,0,1,1,0.0,3.75,3.75,0.0,1.0,3.75,1,1.0,1
90039D,FIRE POLISHED GLASS BRACELET GREEN,52.5,2,14,0,2,2,0.0,52.5,3.75,0.0,7.0,26.25,82,0.17073170731707318,1
90040A,MURANO STYLE GLASS BRACELET RED,21.0,2,6,0,2,2,0.0,21.0,3.5,0.0,3.0,10.5,78,0.07692307692307693,1
90040B,MURANO STYLE GLASS BRACELET BLACK,14.0,2,4,0,2,2,0.0,14.0,3.5,0.0,2.0,7.0,75,0.05333333333333334,1
90040C,MURANO STYLE GLASS BRACELET GOLD,24.5,3,7,0,3,3,0.0,24.5,3.5,0.0,2.0,8.17,273,0.02564102564102564,1
90042A,FRESHWATER PEARL BRACELET GOLD,7.6499999999999995,1,3,0,2,2,0.0,7.6499999999999995,2.55,0.0,2.0,3.82,120,0.025,1
90058A,CRYSTAL STUD EARRINGS CLEAR DISPLAY,123.12,7,324,36,8,5,13.68,109.44,0.38,0.1,45.0,13.68,215,1.6744186046511629,0
90058B,CRYSTAL STUD EARRINGS ASSORTED COL ,232.56,15,612,36,16,5,13.68,218.88,0.38,0.05555555555555555,40.0,13.68,358,1.8100558659217878,0
90059A,DIAMANTE HAIR GRIP PACK/2 CRYSTAL,9.899999999999999,1,6,6,2,2,9.899999999999999,0.0,1.65,0.5,6.0,0.0,19,0.631578947368421,1
90059B,DIAMANTE HAIR GRIP PACK/2 BLACK DIA,14.85,3,9,6,4,4,9.899999999999999,4.950000000000001,1.65,0.4,4.0,1.24,341,0.04398826979472141,1
90059C,DIAMANTE HAIR GRIP PACK/2 MONTANA,13.2,3,8,6,4,4,9.899999999999999,3.3000000000000003,1.65,0.42857142857142855,4.0,0.82,341,0.04105571847507331,1
90059D,DIAMANTE HAIR GRIP PACK/2 PERIDOT,9.899999999999999,1,6,6,2,2,9.899999999999999,0.0,1.65,0.5,6.0,0.0,19,0.631578947368421,1
90059E,DIAMANTE HAIR GRIP PACK/2 RUBY,16.499999999999996,3,10,6,4,4,9.899999999999999,6.6,1.65,0.375,4.0,1.65,341,0.0469208211143695,1
90059F,DIAMANTE HAIR GRIP PACK/2 LT ROSE,14.85,3,9,6,4,4,9.899999999999999,4.950000000000001,1.65,0.4,4.0,1.24,159,0.09433962264150944,1
90060B,FIRE POLISHED GLASS NECKL GOLD,5.95,1,1,0,1,1,0.0,5.95,5.95,0.0,1.0,5.95,1,1.0,1
90060D,FIRE POLISHED GLASS NECKL BRONZE,17.85,3,3,0,3,1,0.0,17.85,5.95,0.0,1.0,5.95,10,0.3,1
90063A,WHITE VINT ART DECO CRYSTAL NECKLAC,93.5,7,11,0,7,6,0.0,93.5,8.5,0.0,2.0,13.36,265,0.04150943396226415,1
90063B,BLACK VINT ART DEC CRYSTAL NECKLACE,68.0,5,8,0,5,5,0.0,68.0,8.5,0.0,2.0,13.6,265,0.03018867924528302,1
90064A,WHITE VINTAGE CRYSTAL EARRINGS,26.25,3,7,0,3,2,0.0,26.25,3.75,0.0,2.0,8.75,89,0.07865168539325842,1
90064B,BLACK VINTAGE  CRYSTAL EARRINGS,41.25,6,11,1,7,5,3.75,37.5,3.75,0.08333333333333333,2.0,5.36,240,0.05,1
90065A,WHITE VINTAGE CRYSTAL BRACELET,40.5,3,6,0,3,3,0.0,40.5,6.75,0.0,2.0,13.5,126,0.047619047619047616,1
90065B,BLACK VINT ART DEC CRYSTAL BRACELET,6.75,1,1,0,1,1,0.0,6.75,6.75,0.0,1.0,6.75,1,1.0,1
90067A,PINK VINTAGE VICTORIAN EARRINGS,29.500000000000004,3,10,0,3,3,0.0,29.500000000000004,2.9500000000000006,0.0,3.0,9.83,338,0.029585798816568046,1
90081A,LILY BROOCH AMETHYST COLOUR,74.25,7,15,0,8,6,0.0,74.25,4.95,0.0,2.0,9.28,371,0.04043126684636118,1
90081C,LILY BROOCH OLIVE COLOUR,54.45,6,11,0,6,4,0.0,54.45,4.95,0.0,2.0,9.08,363,0.030303030303030304,1
90082A,DIAMANTE BOW BROOCH GREEN COLOUR,133.35,8,21,0,10,6,0.0,133.35,6.35,0.0,2.0,13.34,371,0.05660377358490566,1
90082B,DIAMANTE BOW BROOCH RED COLOUR,158.75,8,25,0,10,5,0.0,158.75,6.35,0.0,2.0,15.88,371,0.0673854447439353,1
90082D,DIAMANTE BOW BROOCH BLACK COLOUR,44.449999999999996,4,7,0,4,2,0.0,44.449999999999996,6.35,0.0,2.0,11.11,361,0.019390581717451522,1
90120B,BLUE MURANO TWIST BRACELET,85.0,5,20,0,5,5,0.0,85.0,4.25,0.0,4.0,17.0,282,0.07092198581560284,1
90120C,GREEN MURANO TWIST BRACELET,131.75,6,31,0,7,7,0.0,131.75,4.25,0.0,4.0,18.82,333,0.09309309309309309,1
90120D,WHITE MURANO TWIST BRACELET,8.5,2,2,0,2,2,0.0,8.5,4.25,0.0,1.0,4.25,59,0.03389830508474576,1
90122A,PINK CRYSTAL+GLASS BRACELET,39.6,3,8,0,3,3,0.0,39.6,4.95,0.0,3.0,13.2,123,0.06504065040650407,1
90122B,JADE CRYSTAL+GLASS BRACELET,4.95,1,1,0,1,1,0.0,4.95,4.95,0.0,1.0,4.95,1,1.0,1
90122C,TURQUOISE CRYSTAL+GLASS BRACELET,84.15,3,17,0,5,5,0.0,84.15,4.95,0.0,3.0,16.83,273,0.06227106227106227,1
90123A,PINK HEART OF GLASS BRACELET,83.3,8,14,0,8,6,0.0,83.3,5.95,0.0,2.0,10.41,187,0.0748663101604278,1
90123B,TURQUOISE HEART OF GLASS BRACELET,47.6,4,8,0,4,4,0.0,47.6,5.95,0.0,2.0,11.9,205,0.03902439024390244,1
90123C,GREEN HEART OF GLASS BRACELET,77.35,5,13,0,5,5,0.0,77.35,5.95,0.0,3.0,15.47,205,0.06341463414634146,1
90123D,WHITE HEART OF GLASS BRACELET,17.85,2,3,0,2,2,0.0,17.85,5.95,0.0,2.0,8.93,74,0.04054054054054054,1
90124A,PINK MURANO TWIST NECKLACE,59.699999999999996,4,6,0,4,3,0.0,59.699999999999996,9.95,0.0,2.0,14.92,216,0.027777777777777776,1
90124B,BLUE MURANO TWIST NECKLACE,39.8,3,4,0,3,2,0.0,39.8,9.95,0.0,1.0,13.27,83,0.04819277108433735,1
90124C,GREEN MURANO TWIST NECKLACE,69.64999999999999,4,7,0,4,4,0.0,69.64999999999999,9.95,0.0,2.0,17.41,210,0.03333333333333333,1
90125A,PINK BERTIE GLASS BEAD BAG CHARM,93.89999999999999,4,109,0,6,3,0.0,93.89999999999999,1.0583333333333333,0.0,18.0,15.65,164,0.6646341463414634,1
90125B,AQUA BERTIE GLASS BEAD BAG CHARM,24.9,3,19,0,3,3,0.0,24.9,1.6833333333333336,0.0,6.0,8.3,323,0.058823529411764705,1
90125C,TURQUOISE BERTIE GLASS BEAD CHARM,63.3,2,73,0,3,2,0.0,63.3,1.2666666666666666,0.0,24.0,21.1,122,0.5983606557377049,1
90125D,PURPLE BERTIE GLASS BEAD BAG CHARM,65.39999999999999,3,74,0,5,3,0.0,65.39999999999999,1.35,0.0,15.0,13.08,164,0.45121951219512196,1
90125E,AMBER BERTIE GLASS BEAD BAG CHARM,2.1,1,1,0,1,1,0.0,2.1,2.1,0.0,1.0,2.1,1,1.0,1
90128B,BLUE LEAVES AND BEADS PHONE CHARM,1.25,1,1,0,1,1,0.0,1.25,1.25,0.0,1.0,1.25,1,1.0,1
90129A,PINK GLASS TASSLE BAG CHARM ,20.650000000000002,3,7,0,3,2,0.0,20.650000000000002,2.9500000000000006,0.0,2.0,6.88,196,0.03571428571428571,1
90129B,TURQUOISE GLASS TASSLE BAG CHARM ,61.95000000000001,6,21,0,6,4,0.0,61.95000000000001,2.9500000000000006,0.0,4.0,10.32,358,0.05865921787709497,1
90129C,GREEN GLASS TASSLE BAG CHARM,50.150000000000006,6,17,0,6,4,0.0,50.150000000000006,2.9500000000000006,0.0,3.0,8.36,358,0.04748603351955307,1
90129D,AMBER GLASS TASSLE BAG CHARM,23.6,2,8,0,2,1,0.0,23.6,2.95,0.0,4.0,11.8,15,0.5333333333333333,1
90129E,PURPLE GLASS TASSLE BAG CHARM,17.700000000000003,1,6,0,1,1,0.0,17.700000000000003,2.95,0.0,6.0,17.7,1,6.0,1
90129F,RED GLASS TASSLE BAG CHARM,47.2,5,16,0,5,4,0.0,47.2,2.95,0.0,3.0,9.44,372,0.043010752688172046,1
90130A,WHITE STONE/CRYSTAL EARRINGS,2.95,1,1,0,1,1,0.0,2.95,2.95,0.0,1.0,2.95,1,1.0,1
90130B,TURQ STONE/CRYSTAL EARRINGS,26.55,3,9,0,3,3,0.0,26.55,2.9500000000000006,0.0,3.0,8.85,205,0.04390243902439024,1
90141A,GREEN PENDANT TRIPLE SHELL NECKLACE,19.8,2,4,0,2,2,0.0,19.8,4.95,0.0,2.0,9.9,136,0.029411764705882353,1
90141B,IVORY PENDANT TRIPLE SHELL NECKLACE,29.700000000000003,2,6,0,2,2,0.0,29.700000000000003,4.95,0.0,3.0,14.85,57,0.10526315789473684,1
90141C,TURQ PENDANT TRIPLE SHELL NECKLACE,19.8,2,4,0,2,2,0.0,19.8,4.95,0.0,2.0,9.9,136,0.029411764705882353,1
90141D,ROSE PENDANT TRIPLE SHELL NECKLACE,14.850000000000001,1,3,0,1,1,0.0,14.850000000000001,4.95,0.0,3.0,14.85,1,3.0,1
90141E,ORANGE PENDANT TRIPLE SHELL NECKLAC,14.850000000000001,1,3,0,1,1,0.0,14.850000000000001,4.95,0.0,3.0,14.85,1,3.0,1
90142D,MOP PENDANT SHELL NECKLACE,44.55,3,9,0,3,2,0.0,44.55,4.95,0.0,3.0,14.85,196,0.04591836734693878,1
90152A,SILVER/NAT SHELL NECKLACE W PENDANT,17.85,3,3,0,3,3,0.0,17.85,5.95,0.0,1.0,5.95,228,0.013157894736842105,1
90152B,BLUE/GREEN SHELL NECKLACE W PENDANT,5.95,1,1,0,1,1,0.0,5.95,5.95,0.0,1.0,5.95,1,1.0,1
90152C,BLUE/NAT SHELL NECKLACE W PENDANT,5.95,1,1,0,1,1,0.0,5.95,5.95,0.0,1.0,5.95,1,1.0,1
90160A,PURPLE BOUDICCA LARGE BRACELET,215.45000000000002,10,31,7,12,9,48.65,166.8,6.95,0.18421052631578946,3.0,13.9,305,0.12459016393442623,0
90160B,RED BOUDICCA LARGE BRACELET,145.95000000000002,7,21,0,8,7,0.0,145.95000000000002,6.95,0.0,3.0,18.24,332,0.06325301204819277,1
90160C,TURQ+RED BOUDICCA LARGE BRACELET,284.95000000000005,14,41,0,16,10,0.0,284.95000000000005,6.95,0.0,3.0,17.81,340,0.12058823529411765,1
90160D,PINK BOUDICCA LARGE BRACELET,222.4,9,32,0,9,7,0.0,222.4,6.95,0.0,4.0,24.71,340,0.09411764705882353,1
90161A,ANT COPPER RED BOUDICCA BRACELET,44.550000000000004,6,9,0,6,5,0.0,44.550000000000004,4.95,0.0,2.0,7.43,355,0.02535211267605634,1
90161B,ANT COPPER TURQ BOUDICCA BRACELET,222.75,10,45,0,12,7,0.0,222.75,4.95,0.0,4.0,18.56,361,0.12465373961218837,1
90161C,ANT COPPER LIME BOUDICCA BRACELET,222.75,13,45,0,15,8,0.0,222.75,4.95,0.0,3.0,14.85,358,0.12569832402234637,1
90161D,ANT COPPER PINK BOUDICCA BRACELET,153.45000000000002,6,31,0,9,6,0.0,153.45000000000002,4.95,0.0,3.0,17.05,358,0.08659217877094973,1
90162A,ANT SILVER TURQUOISE BOUDICCA RING,17.700000000000003,1,6,0,1,1,0.0,17.700000000000003,2.95,0.0,6.0,17.7,1,6.0,1
90162B,ANT SILVER LIME GREEN BOUDICCA RING,79.65,7,27,1,11,7,2.95,76.70000000000002,2.95,0.03571428571428571,3.0,6.97,340,0.08235294117647059,1
90162C,ANT SILVER FUSCHIA BOUDICCA RING,41.300000000000004,3,14,0,7,5,0.0,41.300000000000004,2.95,0.0,2.0,5.9,322,0.043478260869565216,1
90162D,ANT SILVER PURPLE BOUDICCA RING,29.500000000000004,3,10,0,5,3,0.0,29.500000000000004,2.95,0.0,2.0,5.9,330,0.030303030303030304,1
90163A,PINK ROSEBUD & PEARL NECKLACE,30.0,2,4,0,2,2,0.0,30.0,7.5,0.0,2.0,15.0,197,0.02030456852791878,1
90163B,WHITE ROSEBUD & PEARL NECKLACE,15.0,1,2,0,1,1,0.0,15.0,7.5,0.0,2.0,15.0,1,2.0,1
90164A,PINK ROSEBUD PEARL BRACELET,70.35,6,19,0,6,5,0.0,70.35,4.7250000000000005,0.0,3.0,11.72,250,0.076,1
90164B,WHITE  ROSEBUD PEARL BRACELET,65.7,7,28,0,7,3,0.0,65.7,2.742857142857143,0.0,4.0,9.39,219,0.1278538812785388,1
90165B,WHITE ROSEBUD  PEARL EARRINGS,2.55,1,1,0,1,1,0.0,2.55,2.55,0.0,1.0,2.55,1,1.0,1
90175A,WHITE GLASS CHUNKY CHARM BRACELET,80.55,6,9,0,8,5,0.0,80.55,8.95,0.0,1.0,10.07,183,0.04918032786885246,1
90175C,BLUE GLASS CHUNKY CHARM BRACELET,80.55,6,9,0,6,4,0.0,80.55,8.95,0.0,2.0,13.42,351,0.02564102564102564,1
90175D,TIGRIS EYE CHUNKY CHARM BRACELET,26.849999999999998,2,3,0,2,2,0.0,26.849999999999998,8.95,0.0,2.0,13.42,124,0.024193548387096774,1
90176A,CLASSIC DIAMANTE NECKLACE JET,15.0,1,2,1,2,1,7.5,7.5,7.5,0.3333333333333333,2.0,3.75,6,0.5,1
90176B,DIAMANTE NECKLACE BLACK ,15.0,1,2,0,1,1,0.0,15.0,7.5,0.0,2.0,15.0,1,2.0,1
90176C,DIAMANTE NECKLACE,15.0,1,2,0,1,1,0.0,15.0,7.5,0.0,2.0,15.0,1,2.0,1
90176D,DIAMANTE NECKLACE PURPLE,52.5,4,7,1,5,4,7.5,45.0,7.5,0.125,2.0,9.0,136,0.058823529411764705,1
90176E,DIAMANTE NECKLACE GREEN,22.5,2,3,0,2,2,0.0,22.5,7.5,0.0,2.0,11.25,49,0.061224489795918366,1
90177A,CLASSIC DIAMANTE EARRINGS JET,17.700000000000003,1,6,6,2,2,17.700000000000003,0.0,2.95,0.5,6.0,0.0,19,0.631578947368421,1
90177B,DROP DIAMANTE EARRINGS BLACK DIAMON,20.650000000000002,2,7,0,2,2,0.0,20.650000000000002,2.95,0.0,4.0,10.32,178,0.03932584269662921,1
90177C,DROP DIAMANTE EARRINGS CRYSTAL,38.35000000000001,3,13,6,4,4,17.700000000000003,20.650000000000002,2.95,0.3157894736842105,5.0,5.16,314,0.06050955414012739,0
90177D,DROP DIAMANTE EARRINGS PURPLE,50.150000000000006,5,17,6,7,5,17.700000000000003,32.45,2.95,0.2608695652173913,3.0,4.64,299,0.07692307692307693,0
90177E,DROP DIAMANTE EARRINGS GREEN,17.700000000000003,1,6,6,2,2,17.700000000000003,0.0,2.95,0.5,6.0,0.0,19,0.631578947368421,1
90178A,AMBER CHUNKY GLASS+BEAD NECKLACE,71.69999999999999,6,6,0,6,3,0.0,71.69999999999999,11.949999999999998,0.0,1.0,11.95,323,0.018575851393188854,1
90178B,PURPLE CHUNKY GLASS+BEAD NECKLACE,11.95,1,1,0,1,1,0.0,11.95,11.95,0.0,1.0,11.95,1,1.0,1
90179A,AMBER FINE BEAD NECKLACE W TASSEL,17.85,2,3,0,2,2,0.0,17.85,5.95,0.0,2.0,8.93,323,0.009287925696594427,1
90179C,BLACK FINE BEAD NECKLACE W TASSEL,5.95,1,1,0,1,1,0.0,5.95,5.95,0.0,1.0,5.95,1,1.0,1
90180A,BLACK+WHITE NECKLACE W TASSEL,87.35,5,13,0,5,4,0.0,87.35,8.55,0.0,3.0,17.47,326,0.03987730061349693,1
90180B,PURPLE AMETHYST NECKLACE W TASSEL,29.849999999999998,3,3,0,3,3,0.0,29.849999999999998,9.95,0.0,1.0,9.95,293,0.010238907849829351,1
90181A,AMBER GLASS/SHELL/PEARL NECKLACE,8.95,1,1,0,1,1,0.0,8.95,8.95,0.0,1.0,8.95,1,1.0,1
90182C,BLACK 3 BEAD DROP EARRINGS,17.700000000000003,1,6,6,2,2,17.700000000000003,0.0,2.95,0.5,6.0,0.0,19,0.631578947368421,1
90183A,AMBER DROP EARRINGS W LONG BEADS,59.00000000000001,5,20,6,6,3,17.700000000000003,41.300000000000004,2.9500000000000006,0.23076923076923078,4.0,6.88,98,0.2653061224489796,0
90183C,BLACK DROP EARRINGS W LONG BEADS,2.95,1,1,0,1,1,0.0,2.95,2.95,0.0,1.0,2.95,1,1.0,1
90184A,AMBER CHUNKY BEAD BRACELET W STRAP,71.6,4,8,0,4,3,0.0,71.6,8.95,0.0,2.0,17.9,338,0.023668639053254437,1
90184B,AMETHYST CHUNKY BEAD BRACELET W STR,187.95,11,21,0,11,7,0.0,187.95,8.95,0.0,2.0,17.09,360,0.058333333333333334,1
90184C,BLACK CHUNKY BEAD BRACELET W STRAP,98.44999999999999,7,11,0,7,5,0.0,98.44999999999999,8.95,0.0,2.0,14.06,306,0.03594771241830065,1
90185A,AMBER DIAMANTE EXPANDABLE RING,93.5,5,22,6,6,5,25.5,68.0,4.25,0.21428571428571427,5.0,11.33,302,0.09271523178807947,0
90185B,AMETHYST DIAMANTE EXPANDABLE RING,55.25,3,13,9,5,4,38.25,17.0,4.25,0.4090909090909091,4.0,3.4,314,0.07006369426751592,0
90185C,BLACK DIAMANTE EXPANDABLE RING,89.25,6,21,16,8,4,68.0,21.25,4.25,0.43243243243243246,5.0,2.66,316,0.11708860759493671,0
90185D,CRYSTAL DIAMANTE EXPANDABLE RING,136.0,7,32,0,8,4,0.0,136.0,4.25,0.0,4.0,17.0,144,0.2222222222222222,1
90186A,AMETHYST HOOP EARRING FLORAL LEAF,11.8,3,4,0,3,2,0.0,11.8,2.9500000000000006,0.0,1.0,3.93,247,0.016194331983805668,1
90186B,CRYSTAL HOOP EARRING FLORAL LEAF,35.400000000000006,6,12,0,6,4,0.0,35.400000000000006,2.9500000000000006,0.0,2.0,5.9,352,0.03409090909090909,1
90187B,GREEN DROP EARRINGS W BEAD CLUSTER,13.4,1,4,0,1,1,0.0,13.4,3.35,0.0,4.0,13.4,1,4.0,1
90189A,SILVER 2 STRAND NECKLACE-LEAF CHARM,15.0,2,2,0,2,2,0.0,15.0,7.5,0.0,1.0,7.5,40,0.05,1
90190A,SILVER/CRYSTAL DROP EARRINGS W LEAF,17.700000000000003,1,6,0,1,1,0.0,17.700000000000003,2.95,0.0,6.0,17.7,1,6.0,1
90190B,GOLD/AMBER DROP EARRINGS W LEAF,17.700000000000003,1,6,0,1,1,0.0,17.700000000000003,2.95,0.0,6.0,17.7,1,6.0,1
90190C,SILVER/AMETHYST DROP EARRINGS LEAF,14.75,4,5,0,4,3,0.0,14.75,2.95,0.0,1.0,3.69,352,0.014204545454545454,1
90195A,PURPLE GEMSTONE BRACELET,95.2,7,16,0,7,4,0.0,95.2,6.378571428571428,0.0,2.0,13.6,369,0.04336043360433604,1
90195B,BLACK GEMSTONE BRACELET,20.849999999999998,3,3,0,3,2,0.0,20.849999999999998,6.949999999999999,0.0,1.0,6.95,343,0.008746355685131196,1
90196A,PURPLE GEMSTONE NECKLACE 45CM,102.0,5,8,0,5,3,0.0,102.0,12.75,0.0,2.0,20.4,362,0.022099447513812154,1
90196B,BLACK GEMSTONE NECKLACE 45CM,51.0,4,4,0,4,2,0.0,51.0,12.75,0.0,1.0,12.75,342,0.011695906432748537,1
90197B,BLACK GLASS BRACELET W HEART CHARMS,14.850000000000001,1,3,0,1,1,0.0,14.850000000000001,4.95,0.0,3.0,14.85,1,3.0,1
90198A,VINTAGE ROSE BEAD BRACELET RASPBERR,144.5,8,34,0,10,8,0.0,144.5,4.25,0.0,3.0,14.45,335,0.10149253731343283,1
90198B,VINTAGE ROSE BEAD BRACELET BLACK,127.5,11,30,0,11,9,0.0,127.5,4.25,0.0,3.0,11.59,366,0.08196721311475409,1
90199A,5 STRAND GLASS NECKLACE BLACK,50.8,3,8,0,3,3,0.0,50.8,6.349999999999999,0.0,3.0,16.93,336,0.023809523809523808,1
90199B,5 STRAND GLASS NECKLACE AMETHYST,12.7,1,2,0,1,1,0.0,12.7,6.35,0.0,2.0,12.7,1,2.0,1
90199C,5 STRAND GLASS NECKLACE CRYSTAL,101.6,7,16,1,8,5,6.35,95.25,6.35,0.058823529411764705,2.0,11.91,343,0.04956268221574344,0
90199D,5 STRAND GLASS NECKLACE AMBER,12.7,2,2,0,2,2,0.0,12.7,6.35,0.0,1.0,6.35,296,0.006756756756756757,1
90200A,PURPLE SWEETHEART BRACELET,174.25,14,41,0,16,8,0.0,174.25,4.25,0.0,3.0,10.89,372,0.11021505376344086,1
90200B,BLACK SWEETHEART BRACELET,284.75,18,67,1,25,10,4.25,280.5,4.25,0.014705882352941176,3.0,11.22,372,0.1827956989247312,1
90200C,BLUE SWEETHEART BRACELET,85.0,6,20,0,6,2,0.0,85.0,4.25,0.0,3.0,14.17,71,0.28169014084507044,1
90200D,PINK SWEETHEART BRACELET,404.5,21,98,0,24,9,0.0,404.5,4.229166666666667,0.0,4.0,16.85,372,0.26344086021505375,1
90200E,GREEN SWEETHEART BRACELET,311.0,15,76,0,18,8,0.0,311.0,4.222222222222222,0.0,4.0,17.28,368,0.20652173913043478,1
90201A,PURPLE ENAMEL FLOWER RING,138.65,11,47,4,12,5,11.8,126.85000000000001,2.9500000000000006,0.0784313725490196,4.0,10.57,177,0.288135593220339,0
90201B,BLACK ENAMEL FLOWER RING,188.8,9,64,7,12,7,20.650000000000002,168.15000000000003,2.9500000000000006,0.09859154929577464,6.0,14.01,264,0.2689393939393939,0
90201C,RED ENAMEL FLOWER RING,153.4,12,52,6,13,5,17.700000000000003,135.70000000000002,2.95,0.10344827586206896,4.0,10.44,167,0.3473053892215569,0
90201D,GREEN ENAMEL FLOWER RING,135.70000000000002,9,46,0,9,5,0.0,135.70000000000002,2.95,0.0,5.0,15.08,162,0.2839506172839506,1
90202A,PURPLE ENAMEL FLOWER HAIR TIE,17.700000000000003,1,6,6,2,2,17.700000000000003,0.0,2.95,0.5,6.0,0.0,19,0.631578947368421,1
90202B,WHITE ENAMEL FLOWER HAIR TIE,20.650000000000002,2,7,6,3,3,17.700000000000003,2.9499999999999993,2.9500000000000006,0.46153846153846156,4.0,0.98,245,0.053061224489795916,1
90202C,GREEN ENAMEL FLOWER HAIR TIE,20.650000000000002,2,7,6,3,3,17.700000000000003,2.9499999999999993,2.9500000000000006,0.46153846153846156,4.0,0.98,245,0.053061224489795916,1
90202D,PINK ENAMEL FLOWER HAIR TIE,35.400000000000006,2,12,6,3,3,17.700000000000003,17.700000000000003,2.9500000000000006,0.3333333333333333,6.0,5.9,147,0.12244897959183673,1
90205A,LARGE MINT DIAMANTE HAIRSLIDE,26.4,6,16,0,6,4,0.0,26.4,1.6499999999999997,0.0,3.0,4.4,118,0.13559322033898305,1
90205C,LARGE CRYSTAL DIAMANTE HAIRSLIDE,9.899999999999999,3,6,0,3,3,0.0,9.899999999999999,1.6499999999999997,0.0,2.0,3.3,78,0.07692307692307693,1
90206A,GOLD DIAMANTE STAR BROOCH,29.700000000000003,2,6,0,3,3,0.0,29.700000000000003,4.95,0.0,2.0,9.9,178,0.033707865168539325,1
90206C,CRYSTAL DIAMANTE STAR BROOCH,59.400000000000006,6,12,0,7,3,0.0,59.400000000000006,4.95,0.0,2.0,8.49,180,0.06666666666666667,1
90209A,PURPLE ENAMEL+GLASS HAIR COMB,163.8,3,84,6,5,4,12.600000000000001,151.2,2.0300000000000002,0.06666666666666667,18.0,30.24,91,0.989010989010989,0
90209B,GREEN ENAMEL+GLASS HAIR COMB,189.0,7,104,0,11,5,0.0,189.0,2.0416666666666665,0.0,9.0,17.18,222,0.46846846846846846,1
90209C,PINK ENAMEL+GLASS HAIR COMB,413.7,8,231,3,13,6,6.300000000000001,407.4,2.019230769230769,0.01282051282051282,18.0,31.34,301,0.7774086378737541,2
90210A,GREY ACRYLIC FACETED BANGLE,35.9,3,26,0,3,2,0.0,35.9,1.8166666666666667,0.0,9.0,11.97,31,0.8387096774193549,1
90210B,CLEAR ACRYLIC FACETED BANGLE,58.6,6,40,0,6,3,0.0,58.6,2.016666666666667,0.0,7.0,9.77,373,0.10723860589812333,1
90210C,RED   ACRYLIC FACETED BANGLE,115.9,5,94,0,5,2,0.0,115.9,1.49,0.0,19.0,23.18,361,0.26038781163434904,1
90210D,PURPLE ACRYLIC FACETED BANGLE,125.0,4,104,0,5,3,0.0,125.0,1.15,0.0,21.0,25.0,332,0.3132530120481928,1
90211A,DIAMOND LAS VEGAS NECKLACE 45CM,29.75,3,5,0,3,2,0.0,29.75,5.95,0.0,2.0,9.92,90,0.05555555555555555,1
90211B,JET BLACK LAS VEGAS NECKLACE 45CM,23.8,2,4,2,3,2,11.9,11.9,5.95,0.3333333333333333,2.0,3.97,329,0.0182370820668693,1
90212B,JET BLACK LAS VEGAS BRACELET ROUND,11.25,1,3,0,1,1,0.0,11.25,3.75,0.0,3.0,11.25,1,3.0,1
90212C,PURPLE LAS VEGAS BRACELET ROUND,22.5,2,6,0,2,2,0.0,22.5,3.75,0.0,3.0,11.25,273,0.02197802197802198,1
90214A,"LETTER ""A"" BLING KEY RING",55.71,5,63,0,14,8,0.0,55.71,1.1128571428571428,0.0,4.0,3.98,288,0.21875,1
90214B,"LETTER ""B"" BLING KEY RING",4.7299999999999995,2,13,0,2,1,0.0,4.7299999999999995,0.77,0.0,6.0,2.36,363,0.03581267217630854,1
90214C,"LETTER ""C"" BLING KEY RING",40.04,7,52,0,9,4,0.0,40.04,0.8233333333333334,0.0,6.0,4.45,366,0.14207650273224043,1
90214D,"LETTER ""D"" BLING KEY RING",25.71,5,39,0,7,5,0.0,25.71,0.9757142857142858,0.0,6.0,3.67,353,0.11048158640226628,1
90214E,"LETTER ""E"" BLING KEY RING",27.25,6,41,0,8,4,0.0,27.25,0.89,0.0,5.0,3.41,185,0.22162162162162163,1
90214F,"LETTER ""F"" BLING KEY RING",3.7699999999999996,2,13,0,2,1,0.0,3.7699999999999996,0.29,0.0,6.0,1.88,2,6.5,1
90214G,"LETTER ""G"" BLING KEY RING",18.5,5,34,0,7,5,0.0,18.5,0.8385714285714286,0.0,5.0,2.64,318,0.1069182389937107,1
90214H,"LETTER ""H"" BLING KEY RING",15.02,4,22,0,6,3,0.0,15.02,0.93,0.0,4.0,2.5,182,0.12087912087912088,1
90214I,"LETTER ""I"" BLING KEY RING",18.77,3,25,0,3,2,0.0,18.77,0.61,0.0,8.0,6.26,149,0.16778523489932887,1
90214J,"LETTER ""J"" BLING KEY RING",17.23,3,23,0,5,3,0.0,17.23,1.058,0.0,5.0,3.45,369,0.06233062330623306,1
90214K,"LETTER ""K"" BLING KEY RING",34.75,6,47,0,12,6,0.0,34.75,1.01,0.0,4.0,2.9,366,0.1284153005464481,1
90214L,"LETTER ""L"" BLING KEY RING",29.189999999999998,4,51,0,5,4,0.0,29.189999999999998,0.866,0.0,10.0,5.84,183,0.2786885245901639,1
90214M,"LETTER ""M"" BLING KEY RING",22.23,3,27,0,5,3,0.0,22.23,1.058,0.0,5.0,4.45,369,0.07317073170731707,1
90214N,"LETTER ""N"" BLING KEY RING",10.02,3,18,0,5,4,0.0,10.02,0.866,0.0,4.0,2.0,183,0.09836065573770492,1
90214O,"LETTER ""O"" BLING KEY RING",3.4799999999999995,1,12,0,1,1,0.0,3.4799999999999995,0.29,0.0,12.0,3.48,1,12.0,1
90214P,"LETTER ""P"" BLING KEY RING",10.999999999999998,4,28,0,6,4,0.0,10.999999999999998,0.77,0.0,5.0,1.83,277,0.10108303249097472,1
90214R,"LETTER ""R"" BLING KEY RING",6.27,3,15,0,4,3,0.0,6.27,0.77,0.0,4.0,1.57,323,0.04643962848297214,1
90214S,"LETTER ""S"" BLING KEY RING",26.0,5,40,0,6,2,0.0,26.0,0.77,0.0,7.0,4.33,372,0.10752688172043011,1
90214T,"LETTER ""T"" BLING KEY RING",3.4799999999999995,1,12,0,1,1,0.0,3.4799999999999995,0.29,0.0,12.0,3.48,1,12.0,1
90214U,"LETTER ""U"" BLING KEY RING",3.4799999999999995,1,12,0,1,1,0.0,3.4799999999999995,0.29,0.0,12.0,3.48,1,12.0,1
90214V,"LETTER ""V"" BLING KEY RING",5.9799999999999995,2,14,0,3,2,0.0,5.9799999999999995,0.93,0.0,5.0,1.99,369,0.037940379403794036,1
90214W,"LETTER ""W"" BLING KEY RING",3.4799999999999995,1,12,0,1,1,0.0,3.4799999999999995,0.29,0.0,12.0,3.48,1,12.0,1
90214Y,"LETTER ""Y"" BLING KEY RING",18.65,3,61,0,3,2,0.0,18.65,0.61,0.0,20.0,6.22,204,0.29901960784313725,1
90214Z,"LETTER ""Z"" BLING KEY RING",3.4799999999999995,1,12,0,1,1,0.0,3.4799999999999995,0.29,0.0,12.0,3.48,1,12.0,1
BANK CHARGES,Bank Charges,165.001,10,12,0,11,7,0.0,165.001,13.750083333333334,0.0,1.0,15.0,370,0.032432432432432434,1
C2,CARRIAGE,6686.0,29,134,1,134,12,50.0,6636.0,50.134328358208954,0.007407407407407408,1.0,49.52,369,0.36585365853658536,0
CRUK,CRUK Commission,0.0,1,0,16,16,5,7933.43,-7933.43,495.839375,1.0,1.0,-495.84,98,0.16326530612244897,1
D,Discount,0.0,24,0,1194,65,12,5696.22,-5696.22,72.48454545454545,1.0,18.0,-87.63,365,3.271232876712329,0
DOT,DOTCOM POSTAGE,11906.36,1,16,0,16,5,0.0,11906.36,744.1475,0.0,1.0,744.15,98,0.16326530612244897,1
M,Manual,53419.93,276,6939,3995,412,12,112165.39,-58745.46,338.04439130434787,0.36537406255716115,27.0,-142.59,373,29.31367292225201,3
PADS,PADS TO MATCH ALL CUSHIONS,0.003,4,4,0,4,3,0.0,0.003,0.00075,0.0,1.0,0.0,164,0.024390243902439025,1
POST,POSTAGE,77803.96,379,3120,118,1194,12,11093.72,66710.24,37.88852842809364,0.03644224830142063,3.0,55.87,374,8.657754010695188,0
